{"update_time":"2024-02-22 12:08:52.449254","data":{"esgChart":{"result":[{"peerGroup":"US Fund Foreign Large Growth","symbolSeries":{"timestamp":[1517443200,1519862400,1522540800,1525132800,1527811200,1530403200,1533081600,1535760000,1538352000,1541030400,1543622400,1546300800,1548979200,1551398400,1554076800,1556668800,1559347200,1561939200,1564617600,1567296000,1569888000,1572566400,1575158400,1577836800,1580515200,1583020800,1585699200,1588291200,1590969600,1593561600,1596240000,1598918400,1601510400,1604188800,1606780800],"esgScore":[45.85,45.81,45.55,45.19,47.01,47.1,48.65,49.11,48.18,47.89,47.81,47.11,null,null,null,null,null,null,null,null,27.86,27.5,27.22,27.62,26.51,25.63,25.21,24.46,24.5,24.59,23.95,24.28,23.99,24.09,24.35],"governanceScore":[51.99,51.92,51.37,50.9,53.13,53.16,55.0,53.94,52.8,53.28,54.92,54.63,null,null,null,null,null,null,null,null,7.28,6.81,6.63,6.47,6.72,6.96,6.86,7.25,7.12,6.91,6.76,6.67,6.73,6.63,6.9],"environmentScore":[50.91,51.53,51.85,50.58,53.33,53.35,55.59,55.45,55.3,54.95,54.04,52.78,null,null,null,null,null,null,null,null,4.8,4.68,4.42,4.29,4.31,4.26,3.96,3.84,3.98,4.41,4.33,4.35,4.33,4.44,4.55],"socialScore":[52.25,53.1,53.04,52.24,54.77,54.76,55.25,55.32,55.51,56.08,55.82,54.78,null,null,null,null,null,null,null,null,11.18,10.45,10.27,10.09,10.53,11.06,11.2,12.15,11.93,11.95,11.47,10.95,10.98,10.87,10.31]},"peerSeries":{"timestamp":[1517443200,1519862400,1522540800,1525132800,1527811200,1530403200,1533081600,1535760000,1538352000,1541030400,1543622400,1546300800,1548979200,1551398400,1554076800,1556668800,1559347200,1561939200,1564617600,1567296000,1569888000,1572566400,1575158400,1577836800,1580515200,1583020800,1585699200,1588291200,1590969600,1593561600,1596240000,1598918400,1601510400,1604188800,1606780800],"esgScore":[50.72985748218516,50.77931116389545,50.69437939110071,50.683348837209245,50.78879629629636,50.82209302325582,50.77980477223445,50.7969848156182,50.70933189655179,50.61287553648077,50.57521186440684,50.60848421052637,null,null,50.9,51.53,51.03625000000001,52.1275,55.18,21.94783783783784,21.89566990291261,22.477316602316602,22.375930902111264,22.32729366602688,22.238905950095972,22.05894837476104,22.034653846153823,21.895965250965233,21.86682352941178,21.760039138943274,21.670702811244986,21.52454166666663,21.42956616052057,21.310762527233095,21.25462203023757],"governanceScore":[53.23356294536819,53.22368171021379,53.04088992974243,53.0798604651162,53.262337962962995,53.32983720930241,53.205401301518336,53.255574837310185,53.18366379310358,53.23879828326187,53.29222457627113,53.41581052631578,null,null,53.32,54.21,52.77,53.661249999999995,57.95,8.121216216216213,8.038815533980573,7.752972972972972,7.76451055662188,7.768483685220749,7.7872168905950065,7.773938814531562,7.802057692307684,7.764613899613907,7.7584705882353076,7.647358121330733,7.586064257028117,7.519333333333339,7.480173535791752,7.440740740740738,7.417883369330456],"environmentScore":[55.02733966745833,55.19489311163895,54.982786885245964,54.95600000000006,55.06585648148169,55.116372093023394,55.108091106290765,55.14537960954445,55.1277370689655,55.08107296137343,55.01141949152545,55.023473684210494,null,null,53.96,56.08,53.691250000000004,55.2725,60.51,4.071351351351351,4.14982524271845,4.309015444015434,4.239174664107494,4.192437619961618,4.137600767754314,3.986424474187373,3.9443269230769262,3.89830115830116,3.8844509803921623,3.878962818003908,3.891285140562248,3.8638750000000046,3.823622559652941,3.8156209150326803,3.8732397408207313],"socialScore":[54.590213776722166,54.62030878859863,54.51540983606557,54.661883720930355,54.86525462962964,54.916465116279056,54.87594360086762,54.99446854663772,55.01879310344817,55.05611587982838,54.97667372881367,55.00018947368415,null,null,53.69,54.98,54.5475,55.6625,60.68,8.823648648648645,8.737417475728162,9.239498069498087,9.223838771593087,9.222456813819596,9.26007677543185,9.313116634799238,9.369423076923077,9.303880308880279,9.348215686274521,9.313111545988265,9.258875502008035,9.157729166666673,9.157852494577003,9.070108932461892,8.958509719222475]}}],"error":null}}}