{"update_time":"2025-05-14 12:10:22.411663","data":{"esgChart":{"result":[{"peerGroup":"Technology Hardware","symbolSeries":{"timestamp":[1746057600],"esgScore":[26.9],"governanceScore":[0.0],"environmentScore":[0.0],"socialScore":[0.0]},"peerSeries":{"timestamp":[1746057600],"esgScore":[16.688051948051942],"governanceScore":[4.806666666666665],"environmentScore":[4.076666666666666],"socialScore":[5.333777777777778]}}],"error":null}}}