{"update_time":"2025-08-25 17:06:10.758957","data":{"esgChart":{"result":[{"peerGroup":"Technology Hardware","symbolSeries":{"timestamp":[1746057600,1748736000,1751328000,1754006400],"esgScore":[26.9,26.9,26.53,26.53],"governanceScore":[0.0,0.0,0.0,0.0],"environmentScore":[0.0,0.0,0.0,0.0],"socialScore":[0.0,0.0,0.0,0.0]},"peerSeries":{"timestamp":[1746057600,1748736000,1751328000,1754006400],"esgScore":[16.683675213675205,16.85172268907563,16.94213389121339,17.055041666666668],"governanceScore":[4.806666666666665,4.784555555555555,4.821555555555554,4.765543478260867],"environmentScore":[4.076666666666666,4.201888888888889,4.247111111111111,4.501956521739129],"socialScore":[5.333777777777778,5.346111111111112,5.314222222222223,5.3193478260869576]}}],"error":null}}}