{"update_time":"2024-12-16 12:10:43.912547","data":{"esgChart":{"result":[{"peerGroup":"Building Products","symbolSeries":{"timestamp":[1727740800,1730419200,1733011200],"esgScore":[21.46,21.46,21.46],"governanceScore":[0.0,0.0,0.0],"environmentScore":[0.0,0.0,0.0],"socialScore":[0.0,0.0,0.0]},"peerSeries":{"timestamp":[1727740800,1730419200,1733011200],"esgScore":[27.962500000000002,23.676119402985083,23.807462686567177],"governanceScore":[null,5.2078125,5.220625000000001],"environmentScore":[null,9.87,9.960625],"socialScore":[null,5.682812499999999,5.675624999999999]}}],"error":null}}}