{"update_time":"2025-02-09 12:09:31.934509","data":{"esgChart":{"result":[{"peerGroup":"Real Estate","symbolSeries":{"timestamp":[1730419200,1733011200,1735689600],"esgScore":[18.66,18.66,18.66],"governanceScore":[0.0,0.0,0.0],"environmentScore":[0.0,0.0,0.0],"socialScore":[0.0,0.0,0.0]},"peerSeries":{"timestamp":[1730419200,1733011200,1735689600],"esgScore":[15.647762645914394,15.964171539961017,16.008109161793374],"governanceScore":[5.357873303167427,5.360818181818187,5.344885844748863],"environmentScore":[3.6234389140271506,3.686590909090909,3.6987214611872155],"socialScore":[3.8858371040723987,3.885545454545455,3.854657534246575]}}],"error":null}}}