{"update_time":"2024-10-21 12:12:48.224258","data":{"esgChart":{"result":[{"peerGroup":"Pharmaceuticals","symbolSeries":{"timestamp":[1727740800],"esgScore":[28.71],"governanceScore":[6.81],"environmentScore":[1.85],"socialScore":[20.05]},"peerSeries":{"timestamp":[1727740800],"esgScore":[28.269273927392735],"governanceScore":[6.1897222222222235],"environmentScore":[1.6988888888888891],"socialScore":[15.03638888888889]}}],"error":null}}}