{"update_time":"2024-02-22 12:11:10.585510","data":{"esgChart":{"result":[{"peerGroup":"US Fund Large Value","symbolSeries":{"timestamp":[1593561600,1596240000,1598918400,1601510400,1604188800,1606780800],"esgScore":[24.8,24.58,24.33,24.5,24.08,24.38],"governanceScore":[7.83,7.97,7.97,7.91,7.94,7.87],"environmentScore":[7.29,7.02,6.81,6.76,6.4,6.63],"socialScore":[9.68,9.59,9.56,9.83,9.75,9.89]},"peerSeries":{"timestamp":[1593561600,1596240000,1598918400,1601510400,1604188800,1606780800],"esgScore":[24.36921839080458,24.152613026819918,23.97204265791623,23.953670256835075,23.74803482587059,23.62704958677679],"governanceScore":[7.911441717791393,7.838634969325149,7.7581773399015175,7.738781094527353,7.734418604651174,7.713642384105992],"environmentScore":[5.209961656441734,5.167745398773013,5.142315270935954,5.1628358208955225,5.086495016611283,5.002284768211925],"socialScore":[10.870375766871168,10.749570552147278,10.681576354679828,10.637213930348265,10.53887043189371,10.475132450331138]}}],"error":null}}}