{"update_time":"2025-03-27 12:12:30.957367","data":{"esgChart":{"result":[{"peerGroup":"Industrial Conglomerates","symbolSeries":{"timestamp":[1730419200,1733011200,1735689600,1738368000,1740787200],"esgScore":[39.73,39.73,39.73,39.73,39.73],"governanceScore":[0.0,0.0,0.0,0.0,0.0],"environmentScore":[0.0,0.0,0.0,0.0,0.0],"socialScore":[0.0,0.0,0.0,0.0,0.0]},"peerSeries":{"timestamp":[1730419200,1733011200,1735689600,1738368000,1740787200],"esgScore":[37.3240625,37.758593749999996,37.69603174603174,37.90793650793651,38.248709677419356],"governanceScore":[7.343488372093021,7.357906976744184,7.295,7.302380952380952,7.409024390243901],"environmentScore":[15.374186046511626,15.443255813953485,15.302619047619043,15.302619047619043,15.289268292682927],"socialScore":[13.69418604651163,13.64139534883721,13.502380952380953,13.509523809523811,13.454634146341466]}}],"error":null}}}