{"update_time":"2024-12-19 12:10:34.120502","data":{"esgChart":{"result":[{"peerGroup":"Industrial Conglomerates","symbolSeries":{"timestamp":[1730419200,1733011200],"esgScore":[39.73,39.73],"governanceScore":[0.0,0.0],"environmentScore":[0.0,0.0],"socialScore":[0.0,0.0]},"peerSeries":{"timestamp":[1730419200,1733011200],"esgScore":[37.3240625,37.758593749999996],"governanceScore":[7.343488372093021,7.357906976744184],"environmentScore":[15.374186046511626,15.443255813953485],"socialScore":[13.69418604651163,13.64139534883721]}}],"error":null}}}