{"update_time":"2025-02-15 12:12:14.774619","data":{"esgChart":{"result":[{"peerGroup":"Energy Services","symbolSeries":{"timestamp":[1727740800,1730419200,1733011200,1735689600,1738368000],"esgScore":[33.56,33.56,33.56,33.56,33.56],"governanceScore":[0.0,0.0,0.0,0.0,0.0],"environmentScore":[0.0,0.0,0.0,0.0,0.0],"socialScore":[0.0,0.0,0.0,0.0,0.0]},"peerSeries":{"timestamp":[1727740800,1730419200,1733011200,1735689600,1738368000],"esgScore":[28.344285714285714,26.053661971830977,26.220422535211256,26.410555555555547,26.443380281690132],"governanceScore":[5.44,6.088333333333332,6.0929166666666665,5.9967999999999995,6.0275],"environmentScore":[7.3,9.1925,9.236666666666666,9.4652,9.3575],"socialScore":[6.39,7.949583333333333,7.981666666666666,8.247599999999998,8.197916666666664]}}],"error":null}}}