{"update_time":"2024-12-16 12:11:42.214809","data":{"esgChart":{"result":[{"peerGroup":"Energy Services","symbolSeries":{"timestamp":[1727740800,1730419200,1733011200],"esgScore":[33.56,33.56,33.56],"governanceScore":[0.0,0.0,0.0],"environmentScore":[0.0,0.0,0.0],"socialScore":[0.0,0.0,0.0]},"peerSeries":{"timestamp":[1727740800,1730419200,1733011200],"esgScore":[28.344285714285714,26.053661971830977,26.220422535211256],"governanceScore":[5.44,6.088333333333332,6.0929166666666665],"environmentScore":[7.3,9.1925,9.236666666666666],"socialScore":[6.39,7.949583333333333,7.981666666666666]}}],"error":null}}}