{"update_time":"2024-02-22 12:13:17.827493","data":{"esgChart":{"result":[{"peerGroup":"US Fund Equity Energy","symbolSeries":{"timestamp":[1530403200,1533081600,1535760000,1538352000,1541030400,1543622400,1546300800,1548979200,1551398400,1554076800,1556668800,1559347200,1561939200,1564617600,1567296000,1569888000,1572566400,1575158400,1577836800,1580515200,1583020800,1585699200,1588291200,1590969600,1593561600,1596240000,1598918400,1601510400,1604188800,1606780800],"esgScore":[40.3,39.47,39.57,40.13,40.1,40.13,40.16,null,null,null,null,null,null,null,null,28.65,28.75,28.68,29.14,29.37,29.0,28.39,28.35,27.76,27.68,27.79,27.71,26.18,26.53,26.29],"governanceScore":[45.84,44.74,44.7,44.97,44.91,45.0,45.2,null,null,null,null,null,null,null,null,0.0,0.0,0.0,0.0,0.0,0.0,0.0,0.0,0.0,0.0,0.0,0.0,0.0,0.0,0.0],"environmentScore":[45.71,45.62,45.79,44.93,44.59,44.75,45.41,null,null,null,null,null,null,null,null,0.0,0.0,0.0,0.0,0.0,0.0,0.0,0.0,0.0,0.0,0.0,0.0,0.0,0.0,0.0],"socialScore":[39.79,40.09,40.17,40.34,40.21,40.24,40.2,null,null,null,null,null,null,null,null,0.0,0.0,0.0,0.0,0.0,0.0,0.0,0.0,0.0,0.0,0.0,0.0,0.0,0.0,0.0]},"peerSeries":{"timestamp":[1530403200,1533081600,1535760000,1538352000,1541030400,1543622400,1546300800,1548979200,1551398400,1554076800,1556668800,1559347200,1561939200,1564617600,1567296000,1569888000,1572566400,1575158400,1577836800,1580515200,1583020800,1585699200,1588291200,1590969600,1593561600,1596240000,1598918400,1601510400,1604188800,1606780800],"esgScore":[43.85605769230769,43.90647619047618,43.82428571428567,43.8905882352941,43.813018867924534,43.813584905660385,43.78839622641508,null,41.83,null,44.04,42.51,44.04,null,37.159,37.504588235294115,36.46470588235291,36.35458823529411,36.13423529411766,35.84070588235293,34.87493827160492,34.294886363636365,34.07488636363637,34.45117647058823,33.77336956521739,33.63021739130433,33.16863636363636,33.0106818181818,33.064767441860454,32.91674418604651],"governanceScore":[50.25932692307689,49.710095238095235,49.39190476190476,49.32745098039218,49.25830188679245,49.38066037735853,49.5001886792453,null,45.83,null,53.92,48.28,53.92,null,6.873529411764705,6.941891891891889,6.853648648648646,6.923199999999999,6.891733333333334,6.837866666666662,6.818591549295771,6.729615384615386,6.7442307692307715,6.908493150684931,6.625000000000003,6.64,6.490526315789473,6.522399999999997,6.616619718309856,6.635735294117644],"environmentScore":[46.25874999999999,46.35914285714288,46.305809523809565,46.409509803921594,46.543018867924516,46.60556603773586,46.64613207547169,null,47.14,null,48.06,46.23,48.06,null,16.98294117647059,16.91459459459459,16.21567567567567,16.18666666666666,16.117733333333334,15.853333333333326,15.429859154929568,14.787051282051285,14.671410256410267,15.23863013698631,14.579375000000002,14.748701298701297,14.329605263157896,14.214266666666674,14.464084507042251,14.348529411764707],"socialScore":[50.092788461538476,50.19238095238096,50.15780952380954,50.295490196078426,50.37396226415091,50.341320754716925,50.24943396226409,null,53.06,null,53.21,50.11,53.21,null,9.528823529411765,9.481756756756756,9.144864864864866,9.167600000000002,9.137733333333339,9.087466666666671,9.021267605633803,8.927051282051277,8.915769230769234,9.12712328767124,8.993625000000007,8.973766233766234,8.825921052631582,8.8548,8.901267605633807,8.882794117647062]}}],"error":null}}}