{"update_time":"2024-12-04 12:10:40.321523","data":{"esgChart":{"result":[{"peerGroup":"Food Retailers","symbolSeries":{"timestamp":[1730419200],"esgScore":[31.9],"governanceScore":[6.5],"environmentScore":[9.6],"socialScore":[15.8]},"peerSeries":{"timestamp":[1730419200],"esgScore":[21.42108108108108],"governanceScore":[4.581666666666668],"environmentScore":[6.4678571428571425],"socialScore":[10.541904761904762]}}],"error":null}}}