{"update_time":"2025-11-02 12:14:27.891720","data":{"esgChart":{"result":[{"peerGroup":"Insurance","symbolSeries":{"timestamp":[1748736000,1751328000,1754006400,1756684800,1759276800],"esgScore":[38.78,38.78,38.78,38.78,38.4],"governanceScore":[0.0,0.0,0.0,0.0,0.0],"environmentScore":[0.0,0.0,0.0,0.0,0.0],"socialScore":[0.0,0.0,0.0,0.0,0.0]},"peerSeries":{"timestamp":[1748736000,1751328000,1754006400,1756684800,1759276800],"esgScore":[23.198172043010747,23.333369565217392,23.428440860215062,23.28612903225807,22.75733695652173],"governanceScore":[9.168429752066112,9.231999999999996,9.28183333333333,9.196583333333331,9.076280991735537],"environmentScore":[1.2805785123966944,1.304416666666667,1.3116666666666668,1.2845000000000002,1.2428925619834714],"socialScore":[9.880661157024798,9.889250000000006,9.911416666666673,9.807583333333337,9.45115702479339]}}],"error":null}}}