{"update_time":"2024-02-22 12:13:41.168786","data":{"esgChart":{"result":[{"peerGroup":"US Fund Options-based","symbolSeries":{"timestamp":[1569888000,1572566400,1575158400,1577836800,1580515200,1583020800,1585699200,1588291200,1590969600,1593561600,1596240000,1598918400,1601510400,1604188800,1606780800],"esgScore":[25.39,25.32,25.7,25.14,22.96,22.2,21.84,21.98,22.53,22.54,22.1,21.97,22.42,21.86,22.03],"governanceScore":[8.39,8.11,8.15,8.05,7.79,7.55,7.78,7.99,8.02,8.01,7.93,7.86,7.88,7.82,7.78],"environmentScore":[6.08,6.14,6.14,5.96,4.19,3.7,3.22,3.05,3.4,3.43,3.34,3.29,3.52,3.4,3.6],"socialScore":[10.92,11.07,11.42,11.13,10.98,10.95,10.84,10.94,11.1,11.11,10.83,10.82,11.02,10.65,10.65]},"peerSeries":{"timestamp":[1569888000,1572566400,1575158400,1577836800,1580515200,1583020800,1585699200,1588291200,1590969600,1593561600,1596240000,1598918400,1601510400,1604188800,1606780800],"esgScore":[24.42755244755244,25.020559006211183,25.06054878048778,24.963915662650603,24.687616279069754,24.521257142857145,24.483181818181833,24.380755813953492,24.075176470588257,23.95212643678162,24.021117647058855,23.38023809523807,23.28182389937106,22.881273885350303,22.925058139534894],"governanceScore":[8.449489051094895,8.30441558441558,8.286687898089173,8.28792452830188,8.255818181818182,8.2142261904762,8.218343195266284,8.174909090909097,8.092638036809802,8.037964071856276,8.804907975460125,7.927267080745349,7.880394736842115,7.8129333333333415,7.866303030303033],"environmentScore":[4.851459854014599,4.980844155844153,4.990254777070059,4.9033333333333315,4.745575757575754,4.578452380952371,4.538698224852065,4.529818181818182,4.426932515337424,4.403712574850297,5.257300613496934,4.2725465838509304,4.311973684210531,4.240133333333329,4.2012121212121265],"socialScore":[10.512627737226277,11.184870129870143,11.235987261146505,11.223899371069182,11.152727272727285,11.188809523809518,11.21846153846153,11.166242424242414,11.051595092024536,11.015029940119764,11.635828220858912,10.753229813664571,10.656776315789461,10.32633333333333,10.349454545454563]}}],"error":null}}}