{"update_time":"2024-02-22 12:15:01.245683","data":{"esgChart":{"result":[{"peerGroup":"US Fund Large Blend","symbolSeries":{"timestamp":[1517443200,1519862400,1522540800,1525132800,1527811200,1530403200,1533081600,1535760000,1538352000,1541030400,1543622400,1546300800,1548979200,1551398400,1554076800,1556668800,1559347200,1561939200,1564617600,1567296000,1569888000,1572566400,1575158400,1577836800,1580515200,1583020800,1585699200,1588291200,1590969600,1593561600,1596240000,1598918400,1601510400,1604188800,1606780800],"esgScore":[42.83,42.78,42.93,42.65,42.67,42.66,43.82,43.97,43.73,43.81,43.98,43.91,null,null,null,null,null,null,null,24.3,24.22,24.72,24.72,24.73,24.17,24.31,24.17,24.16,24.05,24.23,23.84,23.42,23.33,22.71,22.59],"governanceScore":[48.35,48.3,48.42,48.8,48.87,48.85,49.7,49.8,49.78,49.92,49.89,49.79,null,null,null,null,null,null,null,7.13,7.2,7.2,7.15,6.9,6.84,7.0,7.14,7.03,7.01,7.07,7.67,7.44,7.22,7.08,7.08],"environmentScore":[52.29,52.38,52.58,52.76,52.8,52.8,52.67,52.51,52.4,52.77,53.14,53.19,null,null,null,null,null,null,null,5.25,5.24,5.47,5.5,5.62,5.22,5.26,5.0,4.97,4.87,5.09,4.03,3.98,3.71,3.6,3.49],"socialScore":[49.34,49.36,49.56,48.74,48.65,48.66,49.4,49.58,49.38,49.48,49.35,49.33,null,null,null,null,null,null,null,9.99,9.8,10.26,10.28,10.1,9.87,10.09,10.38,10.42,10.34,10.57,10.59,10.47,10.53,9.96,9.89]},"peerSeries":{"timestamp":[1517443200,1519862400,1522540800,1525132800,1527811200,1530403200,1533081600,1535760000,1538352000,1541030400,1543622400,1546300800,1548979200,1551398400,1554076800,1556668800,1559347200,1561939200,1564617600,1567296000,1569888000,1572566400,1575158400,1577836800,1580515200,1583020800,1585699200,1588291200,1590969600,1593561600,1596240000,1598918400,1601510400,1604188800,1606780800],"esgScore":[46.29516739446864,46.277556200144936,46.332832618025755,46.3567755681818,46.297944915254384,46.297563025210216,46.291493775933446,46.379210706931985,46.34083108108106,46.32134915254222,46.284275067750706,46.34635935397049,46.00666666666666,46.464999999999996,47.164,47.24166666666667,46.27333333333333,46.32714285714286,46.61,24.075000000000006,23.861396125584495,24.356287827841214,24.34882978723408,24.24018641810924,24.009718498659566,23.69669127516769,23.590822281167018,23.47199602122014,23.274101049868648,23.155226526592198,22.836482444733374,22.641297872340502,22.58648591549294,22.188679378531056,22.15935906271541],"governanceScore":[51.10577874818047,51.04939811457572,51.04472103004275,50.98116477272747,50.9272810734462,50.938991596638466,50.884280774550625,50.95357584076864,50.9322837837838,50.87587118644084,50.79960027100291,50.804851951547825,50.68333333333334,50.495,51.082,51.15833333333333,50.31333333333333,50.83428571428571,50.17999999999999,8.284395604395607,8.251303475935812,8.057079407806224,8.032654690618761,8.014727030625853,7.989805630026828,7.945302013422862,7.946463171864632,7.889913678618859,7.818574244415249,7.77296710526313,7.722221498371343,7.62830725462301,7.6177037562012755,7.5505543710021055,7.543493723849385],"environmentScore":[54.73623726346425,54.724764321972366,54.75322603719578,54.82071022727273,54.83951271186457,54.83239495798342,54.92187413554623,54.90481811942352,54.80987837837829,54.67199322033905,54.56320460704592,54.56582772543763,53.61666666666667,55.400000000000006,55.858000000000004,53.48499999999999,56.096666666666664,53.96142857142858,54.4275,4.649835164835163,4.497346256684497,4.561884253028272,4.556460412508345,4.508848202396815,4.392091152815023,4.124409395973154,4.046078301260798,4.030604249667994,4.000387647831776,3.9620394736842077,3.8972833876221467,3.8914793741109435,3.8970659107016288,3.838727789623308,3.810376569037646],"socialScore":[52.37098253275106,52.403865119651904,52.487918454935844,52.59571732954532,52.58306497175133,52.57327030812324,52.60134854771783,52.59768016472226,52.573466216216076,52.6206779661016,52.57947154471542,52.6086137281293,52.03,52.449999999999996,53.754000000000005,51.94666666666666,53.93333333333334,52.405714285714296,52.004999999999995,10.46434065934065,10.451557486630993,11.055053835800809,11.075003326679946,11.033215712383447,10.985355227882005,11.037040268456405,11.053490378234919,11.019926958831306,10.902917214191847,10.838309210526333,10.621622149837119,10.511024182076799,10.441452870304772,10.153255152807422,10.119211994421233]}}],"error":null}}}