{"update_time":"2025-11-02 12:15:09.288171","data":{"esgChart":{"result":[{"peerGroup":"US Fund Miscellaneous Sector","symbolSeries":{"timestamp":[1517443200,1519862400,1522540800,1525132800,1527811200,1530403200,1533081600,1535760000,1538352000,1541030400,1543622400,1546300800,1548979200,1551398400,1554076800,1556668800,1559347200,1561939200,1564617600,1567296000,1569888000,1572566400,1575158400,1577836800,1580515200,1583020800,1585699200,1588291200,1590969600,1593561600,1596240000],"esgScore":[43.83,43.39,42.83,43.08,42.08,41.94,42.21,42.83,43.8,44.19,44.31,44.56,null,null,null,null,null,null,null,null,25.79,26.78,26.79,26.43,26.56,26.5,26.74,26.74,26.0,25.64,25.91],"governanceScore":[53.06,53.01,52.86,52.62,52.87,52.82,52.09,52.09,52.58,52.55,52.06,51.9,null,null,null,null,null,null,null,null,6.44,6.37,6.22,6.25,6.06,6.82,6.78,6.24,6.07,5.65,0.0],"environmentScore":[54.56,54.71,54.49,54.57,54.93,54.88,55.98,56.17,55.98,55.87,55.67,55.23,null,null,null,null,null,null,null,null,2.97,3.65,3.52,3.21,2.99,3.22,3.22,2.98,2.88,2.86,0.0],"socialScore":[54.21,54.03,53.74,54.15,54.24,54.2,54.42,54.66,54.9,54.76,54.49,53.78,null,null,null,null,null,null,null,null,9.0,9.0,8.62,8.7,8.37,9.31,9.32,8.66,8.33,8.09,0.0]},"peerSeries":{"timestamp":[1517443200,1519862400,1522540800,1525132800,1527811200,1530403200,1533081600,1535760000,1538352000,1541030400,1543622400,1546300800,1548979200,1551398400,1554076800,1556668800,1559347200,1561939200,1564617600,1567296000,1569888000,1572566400,1575158400,1577836800,1580515200,1583020800,1585699200,1588291200,1590969600,1593561600,1596240000],"esgScore":[46.120000000000005,46.40433333333335,46.39933333333334,46.29066666666667,45.273214285714275,46.094,44.836551724137934,44.86464285714287,45.53133333333334,44.78551724137932,44.99793103448275,45.087241379310335,null,null,null,null,null,null,null,29.88,28.511874999999996,28.946875000000006,29.48655172413794,29.380344827586207,29.243103448275868,29.287666666666667,28.955333333333332,28.84166666666666,28.55933333333333,29.637931034482754,30.169],"governanceScore":[50.90533333333334,51.09933333333335,51.045666666666676,51.208000000000006,50.77642857142859,51.078666666666685,50.49413793103449,50.70321428571426,50.55099999999998,50.56827586206896,50.65275862068965,50.664137931034475,null,null,null,null,null,null,null,5.1,6.131363636363634,6.226363636363636,6.176666666666667,6.1994444444444445,6.122222222222222,6.279473684210526,6.352777777777777,6.181578947368422,6.064444444444444,6.159285714285716,6.193846153846154],"environmentScore":[51.57433333333334,52.05366666666667,52.307333333333325,52.163333333333334,51.64607142857144,52.057333333333325,51.40931034482759,51.49535714285714,51.42,50.99413793103448,51.30103448275864,51.41137931034483,null,null,null,null,null,null,null,6.61,6.844090909090909,7.120454545454546,7.367222222222221,7.291111111111111,7.101111111111113,7.09578947368421,6.987777777777778,7.022631578947367,7.180555555555555,7.010714285714285,7.226153846153846],"socialScore":[50.46833333333333,50.73866666666667,50.98233333333334,50.90433333333331,50.609642857142866,51.01099999999999,50.385517241379326,50.56107142857142,50.708333333333336,50.31275862068964,50.473103448275864,50.58655172413792,null,null,null,null,null,null,null,9.06,8.739090909090908,8.848181818181816,8.92,9.057777777777776,8.944444444444445,9.252631578947367,9.216111111111111,9.22157894736842,9.019444444444444,9.180000000000001,9.239999999999998]}}],"error":null}}}