{"update_time":"2024-02-22 12:15:24.089767","data":{"esgChart":{"result":[{"peerGroup":"US Fund Large Blend","symbolSeries":{"timestamp":[1601510400,1604188800,1606780800],"esgScore":[27.6,26.66,26.43],"governanceScore":[0.0,0.0,0.0],"environmentScore":[0.0,0.0,0.0],"socialScore":[0.0,0.0,0.0]},"peerSeries":{"timestamp":[1601510400,1604188800,1606780800],"esgScore":[22.58648591549294,22.188679378531056,22.15935906271541],"governanceScore":[7.6177037562012755,7.5505543710021055,7.543493723849385],"environmentScore":[3.8970659107016288,3.838727789623308,3.810376569037646],"socialScore":[10.441452870304772,10.153255152807422,10.119211994421233]}}],"error":null}}}