{"update_time":"2024-02-22 12:15:47.134858","data":{"esgChart":{"result":[{"peerGroup":"US CE Allocation--30% to 50% Equity","symbolSeries":{"timestamp":[1517443200,1519862400,1522540800,1525132800,1527811200,1530403200,1533081600,1535760000,1538352000,1541030400,1543622400,1546300800],"esgScore":[48.03,47.87,47.27,47.8,47.66,47.49,47.4,47.54,47.62,47.76,47.22,47.35],"governanceScore":[50.12,50.41,50.16,50.3,49.73,49.34,49.43,49.11,49.07,48.86,48.56,48.58],"environmentScore":[51.9,51.72,51.95,52.13,51.91,51.72,51.28,51.5,51.46,51.5,50.94,50.97],"socialScore":[50.79,50.44,50.76,50.97,50.71,50.62,50.3,50.21,50.19,50.14,49.53,49.77]},"peerSeries":{"timestamp":[1517443200,1519862400,1522540800,1525132800,1527811200,1530403200,1533081600,1535760000,1538352000,1541030400,1543622400,1546300800],"esgScore":[43.19,42.8,43.06,43.3,43.14,43.14,44.31,47.465,47.504999999999995,47.575,47.305,42.75],"governanceScore":[50.54,50.44,50.44,50.59,50.71,50.71,51.04,50.775,50.754999999999995,50.65,50.5,50.31],"environmentScore":[52.24,52.04,52.11,51.65,51.43,51.43,51.8,51.885000000000005,51.865,51.885000000000005,51.605000000000004,50.8],"socialScore":[49.94,50.03,50.15,50.44,50.61,50.61,50.59,50.760000000000005,50.75,50.725,50.42,48.92]}}],"error":null}}}