{"update_time":"2024-02-22 12:16:09.229303","data":{"esgChart":{"result":[{"peerGroup":"US Fund Large Blend","symbolSeries":{"timestamp":[1606780800],"esgScore":[21.42],"governanceScore":[7.65],"environmentScore":[3.75],"socialScore":[10.0]},"peerSeries":{"timestamp":[1606780800],"esgScore":[22.15935906271541],"governanceScore":[7.543493723849385],"environmentScore":[3.810376569037646],"socialScore":[10.119211994421233]}}],"error":null}}}