{"update_time":"2024-02-22 12:16:32.003672","data":{"esgChart":{"result":[{"peerGroup":"US Fund World Large Stock","symbolSeries":{"timestamp":[1517443200,1519862400,1522540800,1525132800,1527811200,1530403200,1533081600,1535760000,1538352000,1541030400,1543622400,1546300800,1548979200,1551398400,1554076800,1556668800,1559347200,1561939200,1564617600,1567296000,1569888000,1572566400,1575158400,1577836800,1580515200,1583020800,1585699200,1588291200,1590969600,1593561600,1596240000,1598918400,1601510400,1604188800,1606780800],"esgScore":[47.07,47.23,47.37,47.32,47.3,47.31,47.23,46.94,46.87,46.88,47.01,47.05,null,null,null,null,null,null,null,null,23.21,23.77,23.76,23.71,23.61,23.68,23.66,23.6,23.47,23.28,23.17,23.08,23.03,22.88,22.84],"governanceScore":[50.44,50.88,51.11,51.1,50.95,50.96,51.02,51.05,50.91,50.89,51.06,51.13,null,null,null,null,null,null,null,null,8.45,8.2,8.19,8.15,8.14,8.04,7.96,7.91,7.88,7.82,7.8,7.75,7.71,7.61,7.61],"environmentScore":[52.89,52.95,53.15,53.1,53.14,53.16,53.1,52.71,52.62,52.62,52.68,52.74,null,null,null,null,null,null,null,null,4.99,5.24,5.22,5.28,5.25,5.3,5.37,5.08,5.04,5.1,5.07,5.06,5.1,4.79,4.75],"socialScore":[51.51,51.78,51.95,51.97,51.81,51.84,51.7,51.1,51.06,51.05,51.3,51.33,null,null,null,null,null,null,null,null,9.63,10.17,10.18,10.13,10.08,10.18,10.18,10.45,10.39,10.28,10.28,10.25,10.2,10.36,10.35]},"peerSeries":{"timestamp":[1517443200,1519862400,1522540800,1525132800,1527811200,1530403200,1533081600,1535760000,1538352000,1541030400,1543622400,1546300800,1548979200,1551398400,1554076800,1556668800,1559347200,1561939200,1564617600,1567296000,1569888000,1572566400,1575158400,1577836800,1580515200,1583020800,1585699200,1588291200,1590969600,1593561600,1596240000,1598918400,1601510400,1604188800,1606780800],"esgScore":[48.75256857855344,48.719950186799345,48.69593008739061,48.6309838107098,48.591618929016214,48.59401972873,48.79266178266174,48.78936298076905,48.7369897377422,48.735244444444504,48.677421451787644,48.73967776584331,null,47.68333333333334,47.88666666666668,47.917142857142856,50.53,47.505,48.73,23.803410852713164,23.541202672605856,24.137249724972488,24.07423286180636,23.989793926247305,23.83925243770317,23.601574375678666,23.50324295010844,23.386168831168884,23.16572043010748,22.97626218851573,22.732736156351777,22.58971584699454,22.489586056644896,22.242521739130424,22.142723311546824],"governanceScore":[52.62542394014959,52.61922789539212,52.540287141073556,52.48053549190536,52.49701120797014,52.47918618988905,52.558937728937885,52.5869591346154,52.52786773090071,52.46722222222222,52.43692307692295,52.482363050483414,null,52.096666666666664,52.81666666666666,52.15428571428571,52.14,53.12500000000001,52.076666666666675,8.38627906976744,8.324248878923756,8.107873754152811,8.08230010952902,8.075152838427933,8.058280739934734,8.005561613958543,7.995740740740735,7.948358695652168,7.853196544276448,7.752379912663762,7.7000109409190145,7.637618522601965,7.61775824175822,7.5638925438596525,7.533960396039596],"environmentScore":[55.56405236907723,55.541643835616306,55.53968789013723,55.525728518057235,55.52158156911584,55.50161528976572,55.68101343101334,55.68731971153853,55.594982896237134,55.53593333333335,55.487800650054076,55.51887218045109,null,54.723333333333336,55.61666666666667,54.80142857142858,54.8,56.17,57.03333333333333,4.320465116279069,4.400885650224212,4.570653377630115,4.529156626506012,4.4863209606986905,4.4137758433079455,4.207709923664125,4.150370370370367,4.115923913043491,4.085053995680341,4.07362445414847,4.044431072210055,3.997199558985676,3.9843076923076928,3.933892543859643,3.9284158415841635],"socialScore":[54.34635910224432,54.327397260273976,54.35248439450676,54.41303860523041,54.42778331257787,54.41958076448831,54.55004884004889,54.554278846153814,54.458141391106054,54.555155555555444,54.5435427952329,54.5563265306123,null,53.87833333333333,54.57,54.06,53.745000000000005,54.96,56.34,9.947751937984485,9.81585201793722,10.413621262458461,10.379101861993446,10.364879912663696,10.331730141458122,10.382584514721911,10.420326797385613,10.38601086956522,10.25631749460042,10.15306768558953,9.991794310722094,9.90854465270121,9.850384615384616,9.697072368421049,9.597843784378412]}}],"error":null}}}