{"update_time":"2024-02-22 12:16:43.915810","data":{"esgChart":{"result":[{"peerGroup":"US Fund Foreign Large Blend","symbolSeries":{"timestamp":[1517443200,1519862400,1522540800,1525132800,1527811200,1530403200,1533081600,1535760000,1538352000,1541030400,1543622400,1546300800,1548979200,1551398400,1554076800,1556668800,1559347200,1561939200,1564617600,1567296000,1569888000,1572566400,1575158400,1577836800,1580515200,1583020800,1585699200,1588291200,1590969600,1593561600,1596240000,1598918400,1601510400,1604188800,1606780800],"esgScore":[56.9,56.91,57.03,56.95,56.94,56.98,56.92,56.64,56.61,56.52,56.43,56.41,null,null,56.47,null,null,null,null,null,null,null,null,null,null,null,null,null,null,24.28,24.2,24.03,23.96,23.85,23.75],"governanceScore":[54.6,54.61,54.74,54.69,54.63,54.66,54.68,54.39,54.39,54.33,54.42,54.39,null,null,54.34,null,null,null,null,null,null,null,null,null,null,null,null,null,null,8.59,8.55,8.52,8.52,8.45,8.41],"environmentScore":[56.67,56.65,56.74,56.64,56.68,56.72,56.7,56.56,56.51,56.44,56.29,56.26,null,null,56.38,null,null,null,null,null,null,null,null,null,null,null,null,null,null,5.42,5.38,5.34,5.3,5.29,5.32],"socialScore":[56.03,56.01,56.23,56.2,56.18,56.23,56.18,55.94,55.91,55.81,55.8,55.8,null,null,55.87,null,null,null,null,null,null,null,null,null,null,null,null,null,null,10.06,10.02,9.96,9.94,9.74,9.66]},"peerSeries":{"timestamp":[1517443200,1519862400,1522540800,1525132800,1527811200,1530403200,1533081600,1535760000,1538352000,1541030400,1543622400,1546300800,1548979200,1551398400,1554076800,1556668800,1559347200,1561939200,1564617600,1567296000,1569888000,1572566400,1575158400,1577836800,1580515200,1583020800,1585699200,1588291200,1590969600,1593561600,1596240000,1598918400,1601510400,1604188800,1606780800],"esgScore":[51.90227461858538,51.81204607046077,51.80465053763458,51.90854082998662,51.89605333333328,51.92053191489354,52.009648648648586,52.040134589502046,51.96356217616579,51.880453367875546,51.80284993694815,51.892350746268626,52.275000000000006,null,51.223333333333336,55.1,51.22,49.93,51.87,23.36464566929134,23.08059045226129,23.799012499999993,23.765173267326716,23.682376237623703,23.594368811881264,23.453675213675282,23.394171704957667,23.27368680641175,23.174714459295245,22.927753357753346,22.728721351025328,22.565237483953776,22.53340425531909,22.40833756345178,22.33068441064642],"governanceScore":[55.368058252427176,55.342303523035184,55.2986559139786,55.38933065595723,55.33363999999987,55.35706117021266,55.49171621621602,55.54794078061903,55.4722020725389,55.43917098445592,55.429659520807036,55.54305970149249,57.05,null,55.52333333333333,57.86,55.225,54.1,55.029999999999994,8.608253968253962,8.59713383838385,8.352298994974882,8.355099502487565,8.330049751243775,8.326927860696534,8.270134969325172,8.253414337788573,8.209405204460962,8.190842490842474,8.049680981595115,7.976424242424247,7.908141935483896,7.879924528301858,7.86514724711906,7.843107416879786],"environmentScore":[57.3352704576976,57.3027913279133,57.32370967741925,57.423186077643834,57.596653333333435,57.60973404255335,57.5717972972973,57.63440107671602,57.62908031088086,57.569248704663316,57.48279949558627,57.51640547263681,59.155,null,57.51333333333333,60.68,56.644999999999996,54.666666666666664,55.529999999999994,4.979126984126985,4.835833333333339,5.0907914572864295,5.071517412935307,5.028507462686551,4.948059701492532,4.839030674846639,4.828116646415551,4.801412639405202,4.792979242979253,4.7518282208588944,4.709236363636359,4.671393548387108,4.67021383647799,4.672291933418695,4.716508951406653],"socialScore":[56.74080443828007,56.75380758807603,56.81334677419345,57.041726907630526,57.08966666666663,57.110465425531956,57.260932432432405,57.38305518169597,57.33339378238336,57.32067357512962,57.259823455233175,57.27863184079603,58.99,null,56.77,59.68,56.56,54.24,55.38,8.99174603174604,8.877651515151513,9.536344221105535,9.5066666666667,9.47486318407963,9.489577114427867,9.560122699386515,9.579963547995135,9.508550185873606,9.46794871794872,9.385177914110436,9.307187878787884,9.223096774193559,9.22665408805033,9.143380281690169,9.055895140664953]}}],"error":null}}}