{"update_time":"2024-02-22 12:17:55.779952","data":{"esgChart":{"result":[{"peerGroup":"US Fund Large Growth","symbolSeries":{"timestamp":[1517443200,1519862400,1522540800,1525132800,1527811200,1530403200,1533081600,1535760000,1538352000,1541030400,1543622400,1546300800,1548979200,1551398400,1554076800,1556668800,1559347200,1561939200,1564617600,1567296000,1569888000,1572566400,1575158400,1577836800,1580515200,1583020800,1585699200,1588291200,1590969600,1593561600,1596240000,1598918400,1601510400,1604188800,1606780800],"esgScore":[44.56,44.57,43.34,42.13,41.96,42.03,43.98,45.23,50.09,47.5,null,null,null,null,null,null,null,null,null,null,24.83,22.59,22.94,23.28,22.7,21.84,21.64,21.39,21.93,21.66,21.81,21.78,21.93,21.39,21.27],"governanceScore":[47.86,47.01,46.14,44.52,44.74,44.74,45.53,49.04,49.08,50.43,null,null,null,null,null,null,null,null,null,null,7.75,7.63,7.63,7.82,7.67,7.72,7.76,7.65,7.84,7.71,7.91,7.81,7.88,7.82,7.78],"environmentScore":[48.71,48.65,47.04,46.6,46.28,46.29,49.64,50.82,50.74,50.94,null,null,null,null,null,null,null,null,null,null,7.0,4.22,4.42,3.93,3.65,2.87,2.34,2.34,2.63,2.65,2.78,3.0,3.19,3.14,3.06],"socialScore":[48.19,48.11,46.86,46.54,46.67,46.75,49.08,49.84,49.78,49.67,null,null,null,null,null,null,null,null,null,null,10.07,10.22,10.35,11.53,11.39,11.25,11.09,10.85,10.85,10.68,10.71,10.65,10.86,10.43,10.42]},"peerSeries":{"timestamp":[1517443200,1519862400,1522540800,1525132800,1527811200,1530403200,1533081600,1535760000,1538352000,1541030400,1543622400,1546300800,1548979200,1551398400,1554076800,1556668800,1559347200,1561939200,1564617600,1567296000,1569888000,1572566400,1575158400,1577836800,1580515200,1583020800,1585699200,1588291200,1590969600,1593561600,1596240000,1598918400,1601510400,1604188800,1606780800],"esgScore":[45.91389046941688,45.864656488549784,45.84649895178202,45.707858642407345,45.67678217821784,45.68550316678399,45.7194699646644,45.89400000000017,45.94731501057087,46.11268498942909,46.03372644801104,46.060717770034834,46.44,45.006,43.62,44.34,46.505,46.22875,45.61000000000001,23.31166666666666,23.330852981969525,23.768961485557078,23.653836650652075,23.580670773442854,23.382560054907337,23.176494845360835,23.04036177474398,22.889250170415792,22.702279863481266,22.637577426015106,22.25801925722141,22.057691734921807,21.923557401812705,21.42660889223821,21.444358589647386],"governanceScore":[48.75780938833575,48.78407356002772,48.7396575821104,48.55908327501761,48.532715700141594,48.563532723434314,48.568204946996524,48.723908450704265,48.734214235377074,48.866067653276964,48.77921144452203,48.76541463414631,48.96,48.124,48.09,47.87,47.43,48.925,48.830000000000005,8.138918918918916,8.16226231783481,8.03090220385671,8.015656357388368,8.00770604395605,8.007603305785134,8.018600000000001,7.991643835616453,7.934651162790718,7.847636986301347,7.806830110497216,7.753563535911608,7.670253542132734,7.652057488653559,7.548233962264166,7.536358118361171],"environmentScore":[53.92260312944524,53.951464260929875,53.92298392732351,53.89910426871942,53.95082743988661,53.96971147079496,54.09131448763234,54.105908450704305,54.09661028893596,54.007491190979415,53.835526866713046,53.80335191637613,54.14,53.948,51.5,53.79,52.485,53.848749999999995,52.72666666666666,3.580405405405407,3.440881332408049,3.4075068870523375,3.34413745704468,3.3057554945055028,3.1954476584021845,2.969717241379306,2.915602739726041,2.8827633378932846,2.8411438356164345,2.8046616022099387,2.7564295580110474,2.7777554064131365,2.7913388804841124,2.708958490566037,2.702412746585726],"socialScore":[52.147873399715394,52.17142956280369,52.217700908455626,52.2766060181946,52.286435643564474,52.27760731878975,52.38698939929331,52.44425352112676,52.465510923185306,52.62126849894291,52.5625680390788,52.59045296167247,53.62,51.644000000000005,50.46,50.60999999999999,52.9,52.252500000000005,51.906666666666666,10.849684684684684,10.880763358778653,11.452844352617099,11.426948453608262,11.406105769230734,11.34059917355371,11.404793103448277,11.347547945205482,11.274740082079362,11.157917808219171,11.06220303867409,10.763176795580142,10.684720357941822,10.540968229954615,10.174633962264181,10.136350531107723]}}],"error":null}}}