{"update_time":"2025-11-02 12:16:25.359012","data":{"esgChart":{"result":[{"peerGroup":"US CE Miscellaneous Region","symbolSeries":{"timestamp":[1517443200,1519862400,1522540800,1525132800,1527811200,1530403200,1533081600,1535760000,1538352000,1541030400,1543622400,1546300800,1548979200,1551398400,1554076800,1556668800,1559347200,1561939200,1564617600,1567296000,1569888000,1572566400,1575158400,1577836800,1580515200,1583020800,1585699200,1588291200,1590969600,1593561600,1596240000,1598918400,1601510400,1604188800,1606780800],"esgScore":[50.11,50.11,53.87,53.87,53.87,53.87,53.17,53.37,53.08,52.76,52.64,52.52,null,null,null,null,null,null,null,null,null,null,null,null,null,null,null,null,null,25.14,25.12,24.96,24.71,25.01,24.81],"governanceScore":[52.17,52.17,52.91,52.91,52.91,52.91,53.32,53.41,52.99,52.84,53.01,52.81,null,null,null,null,null,null,null,null,null,null,null,null,null,null,null,null,null,8.56,8.48,8.61,8.64,8.76,8.79],"environmentScore":[47.2,47.2,56.04,56.04,56.04,56.04,56.02,56.12,55.81,55.47,55.22,54.71,null,null,null,null,null,null,null,null,null,null,null,null,null,null,null,null,null,5.29,5.34,5.23,5.18,5.41,5.37],"socialScore":[52.25,52.25,51.96,51.96,51.96,51.96,52.03,52.36,52.01,52.13,52.13,51.96,null,null,null,null,null,null,null,null,null,null,null,null,null,null,null,null,null,8.74,8.62,8.61,8.65,8.58,8.57]},"peerSeries":{"timestamp":[1517443200,1519862400,1522540800,1525132800,1527811200,1530403200,1533081600,1535760000,1538352000,1541030400,1543622400,1546300800,1548979200,1551398400,1554076800,1556668800,1559347200,1561939200,1564617600,1567296000,1569888000,1572566400,1575158400,1577836800,1580515200,1583020800,1585699200,1588291200,1590969600,1593561600,1596240000,1598918400,1601510400,1604188800,1606780800],"esgScore":[47.032222222222224,47.02875,46.908750000000005,47.42625,47.47625,47.487500000000004,47.60875,47.56500000000001,48.07000000000001,48.048571428571435,47.91571428571429,49.03333333333333,null,null,null,null,null,null,null,25.814999999999998,26.322857142857142,27.307500000000005,27.440000000000005,27.362499999999997,27.19875,27.21375,27.052857142857142,26.631666666666664,26.721428571428568,26.823333333333334,26.202857142857145,26.68,26.572857142857142,26.39428571428571,25.875714285714285],"governanceScore":[51.75222222222223,51.70625,51.55875,51.98125,52.0375,52.04625,52.1975,52.456250000000004,53.056250000000006,53.07142857142857,53.08142857142858,53.818333333333335,null,null,null,null,null,null,null,9.865,8.60142857142857,8.1625,8.1825,8.1775,8.146249999999998,8.133750000000001,8.361428571428572,8.463333333333333,7.922857142857143,7.608333333333333,7.6085714285714285,7.75,7.757142857142857,7.657142857142857,7.567142857142858],"environmentScore":[51.596666666666664,52.660000000000004,52.8025,52.88875,52.75625,52.7975,52.88250000000001,52.878750000000004,53.38250000000001,53.845714285714294,53.91857142857144,54.48500000000001,null,null,null,null,null,null,null,4.3549999999999995,6.184285714285715,6.505000000000001,7.03125,7.00125,6.932500000000001,6.998750000000001,6.808571428571429,6.676666666666667,6.792857142857143,7.456666666666667,6.691428571428572,6.724285714285713,6.651428571428572,6.667142857142857,6.39],"socialScore":[52.042222222222215,52.21375,52.246249999999996,52.489999999999995,52.50874999999999,52.537499999999994,53.214999999999996,52.9925,53.44,53.637142857142855,53.78857142857142,54.80166666666667,null,null,null,null,null,null,null,10.855,8.81,9.37625,9.40625,9.39,9.243750000000002,9.2575,9.345714285714285,9.181666666666667,8.977142857142857,8.684999999999999,8.754285714285714,9.024285714285714,9.01,8.848571428571429,8.674285714285714]}}],"error":null}}}