{"update_time":"2024-02-22 12:24:52.199181","data":{"esgChart":{"result":[{"peerGroup":"EAA Fund Global Emerging Markets Equity","symbolSeries":{"timestamp":[1517443200,1519862400,1522540800,1525132800,1527811200,1530403200,1533081600,1535760000,1538352000,1541030400],"esgScore":[49.94,49.94,49.81,49.81,49.49,49.49,50.2,50.3,50.3,50.02],"governanceScore":[48.19,48.19,47.97,47.97,48.04,48.04,48.75,48.87,48.87,48.64],"environmentScore":[51.29,51.29,51.46,51.46,51.32,51.32,51.86,51.88,51.88,51.72],"socialScore":[49.84,49.84,49.41,49.41,49.38,49.38,50.14,50.28,50.28,50.05]},"peerSeries":{"timestamp":[1517443200,1519862400,1522540800,1525132800,1527811200,1530403200,1533081600,1535760000,1538352000,1541030400],"esgScore":[45.66276790004815,45.4565780730898,45.31660739354232,45.24883302583041,45.32105817682079,45.31940318906601,45.62120829576188,45.700922202797166,45.60684586308277,45.56734166666691],"governanceScore":[49.035016818837356,48.88811105837695,48.80981282171291,48.88492619926208,49.059326614750155,49.06363097949872,49.634729486023424,49.780463286713015,49.73537169256636,49.85507500000001],"environmentScore":[51.823099471408106,51.95711438063578,51.90945250350924,51.86466789667896,51.989514429683894,52.02807289293861,52.28681695220914,52.31036713286706,52.18485510289793,52.062304166666785],"socialScore":[50.186011532916574,50.15704793545286,49.98209171736051,50.02096863468612,50.14134677049938,50.14510250569485,50.534229035166476,50.735821678321656,50.6306929861401,50.58546249999987]}}],"error":null}}}