{"update_time":"2024-02-22 12:25:38.787905","data":{"esgChart":{"result":[{"peerGroup":"US Fund Large Blend","symbolSeries":{"timestamp":[1593561600,1596240000,1598918400,1601510400,1604188800,1606780800],"esgScore":[22.97,22.56,22.39,22.38,21.61,21.71],"governanceScore":[7.93,7.9,7.77,7.77,7.65,7.69],"environmentScore":[3.61,3.49,3.54,3.61,3.48,3.43],"socialScore":[11.42,11.16,11.04,10.95,10.43,10.54]},"peerSeries":{"timestamp":[1593561600,1596240000,1598918400,1601510400,1604188800,1606780800],"esgScore":[23.155226526592198,22.836482444733374,22.641297872340502,22.58648591549294,22.188679378531056,22.15935906271541],"governanceScore":[7.77296710526313,7.722221498371343,7.62830725462301,7.6177037562012755,7.5505543710021055,7.543493723849385],"environmentScore":[3.9620394736842077,3.8972833876221467,3.8914793741109435,3.8970659107016288,3.838727789623308,3.810376569037646],"socialScore":[10.838309210526333,10.621622149837119,10.511024182076799,10.441452870304772,10.153255152807422,10.119211994421233]}}],"error":null}}}