{"update_time":"2024-12-11 12:10:44.365643","data":{"esgChart":{"result":[{"peerGroup":"Semiconductors","symbolSeries":{"timestamp":[1730419200,1733011200],"esgScore":[37.18,37.18],"governanceScore":[0.0,0.0],"environmentScore":[0.0,0.0],"socialScore":[0.0,0.0]},"peerSeries":{"timestamp":[1730419200,1733011200],"esgScore":[23.277606837606847,23.489750000000004],"governanceScore":[5.421799999999999,5.373200000000001],"environmentScore":[7.5316,7.634000000000001],"socialScore":[6.025,5.9594]}}],"error":null}}}