{"update_time":"2024-02-22 12:27:45.605438","data":{"esgChart":{"result":[{"peerGroup":"US Fund Large Value","symbolSeries":{"timestamp":[1593561600,1596240000,1598918400,1601510400,1604188800,1606780800],"esgScore":[22.63,22.4,22.23,22.22,21.75,21.68],"governanceScore":[7.73,7.67,7.59,7.56,7.38,7.39],"environmentScore":[4.0,3.81,3.77,3.79,3.98,3.92],"socialScore":[10.89,10.8,10.73,10.64,10.02,9.98]},"peerSeries":{"timestamp":[1593561600,1596240000,1598918400,1601510400,1604188800,1606780800],"esgScore":[24.36921839080458,24.152613026819918,23.97204265791623,23.953670256835075,23.74803482587059,23.62704958677679],"governanceScore":[7.911441717791393,7.838634969325149,7.7581773399015175,7.738781094527353,7.734418604651174,7.713642384105992],"environmentScore":[5.209961656441734,5.167745398773013,5.142315270935954,5.1628358208955225,5.086495016611283,5.002284768211925],"socialScore":[10.870375766871168,10.749570552147278,10.681576354679828,10.637213930348265,10.53887043189371,10.475132450331138]}}],"error":null}}}