{"update_time":"2024-02-22 12:28:19.924205","data":{"esgChart":{"result":[{"peerGroup":"US Fund Small Blend","symbolSeries":{"timestamp":[1593561600,1596240000,1598918400,1601510400,1604188800,1606780800],"esgScore":[27.67,27.16,27.22,27.36,27.03,26.96],"governanceScore":[0.0,0.0,0.0,0.0,0.0,0.0],"environmentScore":[0.0,0.0,0.0,0.0,0.0,0.0],"socialScore":[0.0,0.0,0.0,0.0,0.0,0.0]},"peerSeries":{"timestamp":[1593561600,1596240000,1598918400,1601510400,1604188800,1606780800],"esgScore":[28.106777316735844,27.926754143646406,27.889689349112466,27.88502932551318,27.74568281938324,27.79526470588234],"governanceScore":[5.71578947368421,5.812941176470587,5.557857142857143,5.581874999999998,5.533125,5.9399999999999995],"environmentScore":[3.8715789473684197,3.517058823529413,3.268571428571429,3.385624999999999,3.34,3.806],"socialScore":[7.329473684210524,7.34470588235294,7.197142857142858,7.179375000000001,7.1425,7.249999999999998]}}],"error":null}}}