{"update_time":"2024-12-11 12:10:46.252639","data":{"esgChart":{"result":[{"peerGroup":"Machinery","symbolSeries":{"timestamp":[1730419200,1733011200],"esgScore":[17.06,17.06],"governanceScore":[3.98,3.98],"environmentScore":[3.74,3.74],"socialScore":[9.33,9.33]},"peerSeries":{"timestamp":[1730419200,1733011200],"esgScore":[26.047604562737625,26.77321969696968],"governanceScore":[5.495258620689656,5.507777777777777],"environmentScore":[7.634913793103447,7.945811965811965],"socialScore":[10.773534482758619,10.801965811965811]}}],"error":null}}}