{"update_time":"2025-05-13 12:15:54.169241","data":{"esgChart":{"result":[{"peerGroup":"Precious Metals","symbolSeries":{"timestamp":[1730419200,1733011200,1735689600,1738368000,1740787200,1743465600],"esgScore":[35.09,35.09,35.09,35.09,35.09,35.09],"governanceScore":[3.83,3.83,3.83,3.83,3.83,3.83],"environmentScore":[18.33,18.33,18.33,18.33,18.33,18.33],"socialScore":[12.93,12.93,12.93,12.93,12.93,12.93]},"peerSeries":{"timestamp":[1730419200,1733011200,1735689600,1738368000,1740787200,1743465600],"esgScore":[32.06808988764045,32.26561797752808,32.322471910112334,32.2235227272727,32.41873563218388,33.10055555555553],"governanceScore":[5.057090909090908,5.0992592592592585,5.1285185185185185,5.004339622641509,5.039107142857142,5.182758620689653],"environmentScore":[12.458909090909087,12.408888888888885,12.468888888888886,12.378490566037735,12.730178571428567,13.011034482758621],"socialScore":[10.650909090909089,10.789814814814811,10.858518518518515,10.744905660377352,11.07839285714285,11.195517241379305]}}],"error":null}}}