{"update_time":"2024-12-11 12:10:50.932926","data":{"esgChart":{"result":[{"peerGroup":"Precious Metals","symbolSeries":{"timestamp":[1730419200,1733011200],"esgScore":[35.09,35.09],"governanceScore":[3.83,3.83],"environmentScore":[18.33,18.33],"socialScore":[12.93,12.93]},"peerSeries":{"timestamp":[1730419200,1733011200],"esgScore":[32.06808988764045,32.26561797752808],"governanceScore":[5.057090909090908,5.0992592592592585],"environmentScore":[12.458909090909087,12.408888888888885],"socialScore":[10.650909090909089,10.789814814814811]}}],"error":null}}}