{"update_time":"2024-12-04 12:10:49.302989","data":{"esgChart":{"result":[{"peerGroup":"Insurance","symbolSeries":{"timestamp":[1730419200],"esgScore":[24.31],"governanceScore":[10.48],"environmentScore":[2.34],"socialScore":[11.48]},"peerSeries":{"timestamp":[1730419200],"esgScore":[23.217486033519574],"governanceScore":[9.244173913043477],"environmentScore":[1.3306956521739126],"socialScore":[9.86895652173913]}}],"error":null}}}