{"update_time":"2024-12-11 12:10:51.104396","data":{"esgChart":{"result":[{"peerGroup":"Utilities","symbolSeries":{"timestamp":[1730419200,1733011200],"esgScore":[22.1,22.1],"governanceScore":[3.64,3.64],"environmentScore":[10.58,10.58],"socialScore":[7.88,7.88]},"peerSeries":{"timestamp":[1730419200,1733011200],"esgScore":[27.886468085106358,27.982127659574445],"governanceScore":[5.0064968152866225,4.9947770700636935],"environmentScore":[10.325796178343946,10.330127388535029],"socialScore":[9.850700636942678,9.86019108280255]}}],"error":null}}}