{"update_time":"2024-12-04 12:10:49.349343","data":{"esgChart":{"result":[{"peerGroup":"Utilities","symbolSeries":{"timestamp":[1730419200],"esgScore":[22.1],"governanceScore":[3.64],"environmentScore":[10.58],"socialScore":[7.88]},"peerSeries":{"timestamp":[1730419200],"esgScore":[27.886468085106358],"governanceScore":[5.0064968152866225],"environmentScore":[10.325796178343946],"socialScore":[9.850700636942678]}}],"error":null}}}