{"update_time":"2025-05-13 12:16:08.239403","data":{"esgChart":{"result":[{"peerGroup":"Utilities","symbolSeries":{"timestamp":[1730419200,1733011200],"esgScore":[22.1,22.1],"governanceScore":[3.64,3.64],"environmentScore":[10.58,10.58],"socialScore":[7.88,7.88]},"peerSeries":{"timestamp":[1730419200,1733011200],"esgScore":[27.886468085106358,27.956751054852298],"governanceScore":[5.0064968152866225,4.996962025316454],"environmentScore":[10.325796178343946,10.282088607594934],"socialScore":[9.850700636942678,9.863291139240507]}}],"error":null}}}