{"update_time":"2024-12-04 12:10:49.396682","data":{"esgChart":{"result":[{"peerGroup":"Food Products","symbolSeries":{"timestamp":[1730419200],"esgScore":[27.65],"governanceScore":[5.3],"environmentScore":[14.96],"socialScore":[7.38]},"peerSeries":{"timestamp":[1730419200],"esgScore":[30.339107142857163],"governanceScore":[5.0987068965517235],"environmentScore":[11.703275862068962],"socialScore":[11.015603448275856]}}],"error":null}}}