{"update_time":"2025-02-11 12:10:24.890674","data":{"esgChart":{"result":[{"peerGroup":"Food Products","symbolSeries":{"timestamp":[1730419200,1733011200,1735689600,1738368000],"esgScore":[27.65,27.65,30.43,30.43],"governanceScore":[5.3,5.3,4.2,4.2],"environmentScore":[14.96,14.96,17.76,17.76],"socialScore":[7.38,7.38,8.46,8.46]},"peerSeries":{"timestamp":[1730419200,1733011200,1735689600,1738368000],"esgScore":[30.339107142857163,30.482500000000005,30.68071428571428,30.74915178571428],"governanceScore":[5.0987068965517235,5.083448275862067,5.082695652173912,5.087456140350875],"environmentScore":[11.703275862068962,11.85215517241379,12.050086956521739,12.077192982456141],"socialScore":[11.015603448275856,11.06922413793103,11.020347826086955,10.992456140350876]}}],"error":null}}}