{"update_time":"2025-05-13 12:16:29.196428","data":{"esgChart":{"result":[{"peerGroup":"Real Estate","symbolSeries":{"timestamp":[1743465600,1746057600],"esgScore":[20.0,20.0],"governanceScore":[0.0,0.0],"environmentScore":[0.0,0.0],"socialScore":[0.0,0.0]},"peerSeries":{"timestamp":[1743465600,1746057600],"esgScore":[16.16373307543522,16.057203219315916],"governanceScore":[5.388716814159297,5.414260089686103],"environmentScore":[3.788539823008849,3.8721524663677127],"socialScore":[3.840663716814158,3.820717488789237]}}],"error":null}}}