{"update_time":"2024-02-22 12:33:42.818289","data":{"esgChart":{"result":[{"peerGroup":"US Fund Pacific/Asia ex-Japan Stk","symbolSeries":{"timestamp":[1517443200,1519862400,1522540800,1525132800,1527811200,1530403200,1533081600,1535760000,1538352000,1541030400,1543622400,1546300800,1548979200,1551398400,1554076800,1556668800,1559347200,1561939200,1564617600,1567296000,1569888000,1572566400,1575158400,1577836800,1580515200,1583020800,1585699200,1588291200,1590969600,1593561600,1596240000,1598918400,1601510400,1604188800,1606780800],"esgScore":[51.36,51.34,51.46,51.45,51.58,51.59,51.99,51.76,51.84,51.83,51.91,51.93,null,null,null,null,null,null,null,null,null,null,null,null,null,null,null,null,null,24.02,24.06,24.09,24.01,23.99,24.0],"governanceScore":[47.13,47.42,47.79,47.75,47.51,47.53,48.33,48.09,48.13,48.0,48.19,48.15,null,null,null,null,null,null,null,null,null,null,null,null,null,null,null,null,null,9.82,9.78,9.91,9.86,9.95,9.97],"environmentScore":[54.97,54.92,54.84,54.79,55.09,55.08,55.25,55.16,55.2,55.31,55.02,55.03,null,null,null,null,null,null,null,null,null,null,null,null,null,null,null,null,null,4.35,4.35,4.32,4.16,4.2,4.31],"socialScore":[49.35,48.98,49.24,49.15,49.35,49.4,49.68,49.62,49.74,49.65,50.11,50.16,null,null,null,null,null,null,null,null,null,null,null,null,null,null,null,null,null,9.84,9.93,9.86,9.99,9.84,9.73]},"peerSeries":{"timestamp":[1517443200,1519862400,1522540800,1525132800,1527811200,1530403200,1533081600,1535760000,1538352000,1541030400,1543622400,1546300800,1548979200,1551398400,1554076800,1556668800,1559347200,1561939200,1564617600,1567296000,1569888000,1572566400,1575158400,1577836800,1580515200,1583020800,1585699200,1588291200,1590969600,1593561600,1596240000,1598918400,1601510400,1604188800,1606780800],"esgScore":[46.29594202898551,46.186142857142876,46.11480000000001,46.056400000000004,45.92280000000001,45.926933333333345,46.09376623376624,46.199610389610406,46.141558441558445,45.974805194805235,45.90493506493509,46.009866666666696,null,null,45.215,null,45.215,45.459999999999994,45.7,24.829333333333338,24.6895652173913,25.354920634920642,25.233492063492047,25.1915873015873,24.970793650793656,24.921746031746032,24.876507936507927,24.78145161290322,24.76499999999999,24.71622950819672,24.68786885245901,24.560655737704923,24.508032786885238,24.44704918032788,24.47065573770491],"governanceScore":[48.464347826086964,48.46542857142856,48.48413333333332,48.661600000000014,48.76360000000001,48.769066666666674,49.36753246753247,49.52701298701298,49.532337662337675,49.448961038961,49.312467532467515,49.339599999999976,null,null,48.629999999999995,null,48.629999999999995,48.535,48.61,8.942000000000002,8.9930303030303,8.635000000000003,8.690166666666666,8.7305,8.695166666666669,8.538833333333335,8.514,8.452166666666665,8.45166666666667,8.341475409836068,8.33786885245902,8.361311475409837,8.373606557377048,8.354098360655735,8.334918032786888],"environmentScore":[51.15768115942028,51.21871428571426,51.291466666666665,51.403200000000005,51.54613333333334,51.54746666666666,51.635584415584425,51.745584415584425,51.647142857142875,51.51051948051948,51.365454545454554,51.25333333333334,null,null,50.260000000000005,null,50.260000000000005,49.69,50.65,5.02,4.6430303030303035,4.870000000000002,4.814500000000002,4.804333333333332,4.702333333333334,4.705166666666667,4.708833333333331,4.661666666666665,4.614166666666665,4.497540983606558,4.446065573770495,4.420491803278688,4.447377049180331,4.472295081967215,4.583606557377051],"socialScore":[49.541449275362325,49.483,49.55879999999999,49.76973333333329,49.838266666666634,49.8437333333333,50.0925974025974,50.179220779220785,50.106363636363625,50.048831168831185,50.02857142857143,50.059200000000004,null,null,49.355000000000004,null,49.355000000000004,49.004999999999995,50.24,8.914666666666669,8.719090909090912,9.559333333333333,9.58366666666667,9.60966666666667,9.573000000000002,9.543833333333337,9.532333333333334,9.545333333333328,9.627499999999998,9.452295081967213,9.47114754098361,9.43622950819672,9.418852459016392,9.304098360655741,9.242459016393445]}}],"error":null}}}