{"update_time":"2024-02-22 12:36:23.245658","data":{"esgChart":{"result":[{"peerGroup":"US Fund Industrials","symbolSeries":{"timestamp":[1517443200,1519862400,1522540800,1525132800,1527811200,1530403200,1533081600,1535760000,1538352000,1541030400,1543622400,1546300800,1548979200,1551398400,1554076800,1556668800,1559347200,1561939200,1564617600,1567296000,1569888000,1572566400,1575158400,1577836800,1580515200,1583020800,1585699200,1588291200,1590969600,1593561600,1596240000,1598918400,1601510400,1604188800,1606780800],"esgScore":[39.37,39.29,39.58,39.43,39.56,39.51,38.63,38.87,38.65,39.48,39.47,39.5,null,null,null,null,null,null,null,null,36.09,36.45,36.46,37.67,37.45,37.32,37.16,36.21,35.81,34.55,34.37,34.65,34.41,33.97,33.9],"governanceScore":[53.11,53.28,53.4,50.09,50.56,50.58,50.66,50.63,50.55,52.12,51.91,51.92,null,null,null,null,null,null,null,null,0.0,0.0,0.0,0.0,0.0,0.0,0.0,0.0,0.0,0.0,0.0,0.0,0.0,0.0,0.0],"environmentScore":[49.79,49.65,49.83,41.56,42.13,42.03,37.97,37.88,37.69,41.22,40.9,40.8,null,null,null,null,null,null,null,null,0.0,0.0,0.0,0.0,0.0,0.0,0.0,0.0,0.0,0.0,0.0,0.0,0.0,0.0,0.0],"socialScore":[42.65,42.39,42.24,43.02,43.1,43.12,42.26,42.21,42.12,49.62,48.91,48.63,null,null,null,null,null,null,null,null,0.0,0.0,0.0,0.0,0.0,0.0,0.0,0.0,0.0,0.0,0.0,0.0,0.0,0.0,0.0]},"peerSeries":{"timestamp":[1517443200,1519862400,1522540800,1525132800,1527811200,1530403200,1533081600,1535760000,1538352000,1541030400,1543622400,1546300800,1548979200,1551398400,1554076800,1556668800,1559347200,1561939200,1564617600,1567296000,1569888000,1572566400,1575158400,1577836800,1580515200,1583020800,1585699200,1588291200,1590969600,1593561600,1596240000,1598918400,1601510400,1604188800,1606780800],"esgScore":[42.5338775510204,42.59673469387753,42.65499999999998,42.77619999999999,42.71499999999999,42.717400000000005,42.37274509803921,42.354509803921566,42.25134615384614,42.2894230769231,42.51230769230769,42.35076923076922,null,44.73,null,46.75,46.9,null,null,27.746666666666666,28.900666666666666,29.32333333333334,29.118695652173916,29.222826086956523,28.972391304347816,28.18956521739131,28.03565217391305,27.728043478260876,27.71478260869566,27.47,27.414565217391306,27.419318181818177,27.23863636363636,27.520000000000003,27.576222222222224],"governanceScore":[50.701836734693856,50.61224489795916,50.45779999999999,50.319,50.312,50.3068,50.01666666666667,50.059411764705914,50.1553846153846,49.19365384615383,49.3225,49.243653846153855,null,50.6,null,53.72,53.75,null,null,6.365555555555556,6.464615384615385,6.705641025641025,6.808684210526315,6.761749999999997,6.844736842105262,6.568205128205126,6.538157894736841,6.465526315789476,6.486052631578947,6.505000000000001,6.487105263157896,6.381052631578946,6.3980555555555565,6.48810810810811,6.421578947368424],"environmentScore":[48.28632653061225,48.38653061224492,48.51780000000001,48.658,48.64499999999999,48.64859999999999,48.24078431372547,48.168431372549,47.969615384615366,47.114230769230744,47.064423076923084,46.953653846153834,null,50.76,null,50.44,50.38,null,null,7.072222222222222,7.201025641025642,7.263076923076923,7.215263157894737,7.215000000000002,7.2815789473684225,6.675384615384616,6.557631578947367,6.497105263157896,6.474473684210526,6.388947368421052,6.338157894736841,6.406578947368422,6.473333333333334,6.470540540540539,6.38078947368421],"socialScore":[47.76489795918367,47.784693877551014,47.74720000000002,47.84560000000002,47.84880000000001,47.84800000000001,47.69490196078432,47.72352941176472,47.47384615384616,46.75461538461539,46.96038461538464,46.80942307692309,null,49.74,null,47.79,47.86,null,null,11.69111111111111,11.625641025641027,11.785897435897441,11.777631578947368,11.82675,11.839736842105262,11.510000000000002,11.450000000000003,11.219736842105261,11.190263157894735,11.202368421052633,11.115526315789477,10.930263157894736,10.931944444444445,11.117027027027026,11.067368421052633]}}],"error":null}}}