{"update_time":"2024-12-11 12:10:54.112030","data":{"esgChart":{"result":[{"peerGroup":"Traders & Distributors","symbolSeries":{"timestamp":[1730419200,1733011200],"esgScore":[13.43,13.43],"governanceScore":[4.76,4.76],"environmentScore":[2.85,2.85],"socialScore":[5.82,5.82]},"peerSeries":{"timestamp":[1730419200,1733011200],"esgScore":[21.603894736842104,21.51115789473684],"governanceScore":[4.988823529411765,5.093333333333333],"environmentScore":[6.743235294117646,6.726666666666666],"socialScore":[6.840294117647059,6.906666666666668]}}],"error":null}}}