{"update_time":"2024-12-04 12:10:52.308068","data":{"esgChart":{"result":[{"peerGroup":"Traders & Distributors","symbolSeries":{"timestamp":[1730419200],"esgScore":[13.43],"governanceScore":[4.76],"environmentScore":[2.85],"socialScore":[5.82]},"peerSeries":{"timestamp":[1730419200],"esgScore":[21.603894736842104],"governanceScore":[4.988823529411765],"environmentScore":[6.743235294117646],"socialScore":[6.840294117647059]}}],"error":null}}}