{"update_time":"2025-11-03 12:18:31.884849","data":{"esgChart":{"result":[{"peerGroup":"Semiconductors","symbolSeries":{"timestamp":[1754006400,1756684800,1759276800],"esgScore":[22.33,22.33,22.33],"governanceScore":[6.66,6.66,6.66],"environmentScore":[6.8,6.8,6.8],"socialScore":[8.88,8.88,8.88]},"peerSeries":{"timestamp":[1754006400,1756684800,1759276800],"esgScore":[23.707359999999994,23.87690476190476,23.593730158730153],"governanceScore":[5.253333333333334,5.239814814814816,4.93277777777778],"environmentScore":[7.7861111111111105,7.8674074074074065,7.972777777777778],"socialScore":[5.673888888888889,5.6709259259259275,5.478518518518519]}}],"error":null}}}