{"update_time":"2025-08-25 17:12:30.928445","data":{"esgChart":{"result":[{"peerGroup":"Semiconductors","symbolSeries":{"timestamp":[1754006400],"esgScore":[22.33],"governanceScore":[6.66],"environmentScore":[6.8],"socialScore":[8.88]},"peerSeries":{"timestamp":[1754006400],"esgScore":[23.707359999999994],"governanceScore":[5.253333333333334],"environmentScore":[7.7861111111111105],"socialScore":[5.673888888888889]}}],"error":null}}}