{"update_time":"2025-05-13 12:17:53.661187","data":{"esgChart":{"result":[{"peerGroup":"Healthcare","symbolSeries":{"timestamp":[1730419200,1733011200,1735689600,1738368000,1740787200,1743465600,1746057600],"esgScore":[22.22,22.22,19.62,19.62,19.62,19.62,19.62],"governanceScore":[5.62,5.62,4.75,4.75,4.75,4.75,4.75],"environmentScore":[3.84,3.84,3.8,3.8,3.8,3.8,3.8],"socialScore":[12.77,12.77,11.07,11.07,11.07,11.07,11.07]},"peerSeries":{"timestamp":[1730419200,1733011200,1735689600,1738368000,1740787200,1743465600,1746057600],"esgScore":[23.63607142857143,23.61544262295082,23.609477124183005,23.636372549019608,23.65124590163935,23.711067961165043,23.722990033222594],"governanceScore":[6.38878260869565,6.38086956521739,6.289572649572649,6.276581196581196,6.266293103448275,6.230336134453781,6.149249999999999],"environmentScore":[2.653217391304347,2.6531304347826072,2.635213675213674,2.6327350427350416,2.6438793103448255,2.639663865546216,2.626333333333332],"socialScore":[12.468869565217396,12.473913043478264,12.402136752136753,12.395470085470087,12.34129310344828,12.37243697478992,12.295083333333338]}}],"error":null}}}