{"update_time":"2025-03-04 16:09:01.312947","data":{"esgChart":{"result":[{"peerGroup":"Healthcare","symbolSeries":{"timestamp":[1730419200,1733011200,1735689600,1738368000],"esgScore":[22.22,22.22,19.62,19.62],"governanceScore":[5.62,5.62,4.75,4.75],"environmentScore":[3.84,3.84,3.8,3.8],"socialScore":[12.77,12.77,11.07,11.07]},"peerSeries":{"timestamp":[1730419200,1733011200,1735689600,1738368000],"esgScore":[23.63607142857143,23.61544262295082,23.609477124183005,23.636372549019608],"governanceScore":[6.38878260869565,6.38086956521739,6.289572649572649,6.276581196581196],"environmentScore":[2.653217391304347,2.6531304347826072,2.635213675213674,2.6327350427350416],"socialScore":[12.468869565217396,12.473913043478264,12.402136752136753,12.395470085470087]}}],"error":null}}}