{"update_time":"2024-10-21 12:14:22.970172","data":{"esgChart":{"result":[{"peerGroup":"Healthcare","symbolSeries":{"timestamp":[1727740800],"esgScore":[18.58],"governanceScore":[6.53],"environmentScore":[2.69],"socialScore":[9.37]},"peerSeries":{"timestamp":[1727740800],"esgScore":[24.948521739130424],"governanceScore":[6.648181818181819],"environmentScore":[3.321818181818181],"socialScore":[12.416363636363634]}}],"error":null}}}