{"update_time":"2025-03-04 16:09:33.652487","data":{"esgChart":{"result":[{"peerGroup":"Transportation","symbolSeries":{"timestamp":[1730419200,1733011200,1735689600,1738368000],"esgScore":[25.15,25.15,25.15,25.26],"governanceScore":[4.49,4.49,4.49,4.49],"environmentScore":[9.63,9.63,9.63,9.63],"socialScore":[11.03,11.03,11.03,11.15]},"peerSeries":{"timestamp":[1730419200,1733011200,1735689600,1738368000],"esgScore":[22.98057471264368,23.052080924855492,23.016358381502894,23.018908045977017],"governanceScore":[5.127553191489362,5.114893617021278,5.092021276595745,5.082315789473685],"environmentScore":[7.5640425531914905,7.58648936170213,7.490957446808512,7.454526315789474],"socialScore":[9.61404255319149,9.621063829787236,9.630212765957449,9.688421052631579]}}],"error":null}}}