{"update_time":"2024-12-19 12:11:00.556865","data":{"esgChart":{"result":[{"peerGroup":"Transportation","symbolSeries":{"timestamp":[1730419200,1733011200],"esgScore":[25.15,25.15],"governanceScore":[4.49,4.49],"environmentScore":[9.63,9.63],"socialScore":[11.03,11.03]},"peerSeries":{"timestamp":[1730419200,1733011200],"esgScore":[22.98057471264368,23.052080924855492],"governanceScore":[5.127553191489362,5.114893617021278],"environmentScore":[7.5640425531914905,7.58648936170213],"socialScore":[9.61404255319149,9.621063829787236]}}],"error":null}}}