{"update_time":"2024-12-04 12:10:53.728705","data":{"esgChart":{"result":[{"peerGroup":"Transportation","symbolSeries":{"timestamp":[1730419200],"esgScore":[25.15],"governanceScore":[4.49],"environmentScore":[9.63],"socialScore":[11.03]},"peerSeries":{"timestamp":[1730419200],"esgScore":[22.98057471264368],"governanceScore":[5.127553191489362],"environmentScore":[7.5640425531914905],"socialScore":[9.61404255319149]}}],"error":null}}}