{"update_time":"2024-02-22 12:41:17.831230","data":{"esgChart":{"result":[{"peerGroup":"US Fund Large Blend","symbolSeries":{"timestamp":[1590969600,1593561600,1596240000,1598918400,1601510400,1604188800,1606780800],"esgScore":[25.37,25.15,23.68,23.96,23.96,25.48,25.18],"governanceScore":[8.18,8.16,7.27,7.2,7.19,7.9,7.83],"environmentScore":[7.1,7.02,5.21,5.18,5.23,7.6,7.47],"socialScore":[10.09,9.97,11.2,11.58,11.54,9.99,9.88]},"peerSeries":{"timestamp":[1590969600,1593561600,1596240000,1598918400,1601510400,1604188800,1606780800],"esgScore":[23.274101049868648,23.155226526592198,22.836482444733374,22.641297872340502,22.58648591549294,22.188679378531056,22.15935906271541],"governanceScore":[7.818574244415249,7.77296710526313,7.722221498371343,7.62830725462301,7.6177037562012755,7.5505543710021055,7.543493723849385],"environmentScore":[4.000387647831776,3.9620394736842077,3.8972833876221467,3.8914793741109435,3.8970659107016288,3.838727789623308,3.810376569037646],"socialScore":[10.902917214191847,10.838309210526333,10.621622149837119,10.511024182076799,10.441452870304772,10.153255152807422,10.119211994421233]}}],"error":null}}}