{"update_time":"2025-05-13 12:20:51.214476","data":{"esgChart":{"result":[{"peerGroup":"Diversified Metals","symbolSeries":{"timestamp":[1733011200,1735689600,1738368000],"esgScore":[36.89,36.89,37.25],"governanceScore":[4.51,4.51,4.72],"environmentScore":[19.62,19.62,19.77],"socialScore":[12.76,12.76,12.76]},"peerSeries":{"timestamp":[1733011200,1735689600,1738368000],"esgScore":[37.63224999999998,37.825289256198324,37.922644628099135],"governanceScore":[5.966607142857144,5.989824561403509,6.003571428571429],"environmentScore":[15.219285714285713,15.47017543859649,15.322142857142854],"socialScore":[11.48892857142857,11.67017543859649,11.539107142857143]}}],"error":null}}}