{"update_time":"2024-12-16 12:29:58.300670","data":{"esgChart":{"result":[{"peerGroup":"Diversified Metals","symbolSeries":{"timestamp":[1733011200],"esgScore":[36.89],"governanceScore":[4.51],"environmentScore":[19.62],"socialScore":[12.76]},"peerSeries":{"timestamp":[1733011200],"esgScore":[37.63224999999998],"governanceScore":[5.966607142857144],"environmentScore":[15.219285714285713],"socialScore":[11.48892857142857]}}],"error":null}}}