{"update_time":"2024-02-22 12:42:03.309161","data":{"esgChart":{"result":[{"peerGroup":"US Fund Allocation--70% to 85% Equity","symbolSeries":{"timestamp":[1601510400,1604188800],"esgScore":[29.85,29.51],"governanceScore":[0.0,0.0],"environmentScore":[0.0,0.0],"socialScore":[0.0,0.0]},"peerSeries":{"timestamp":[1601510400,1604188800],"esgScore":[23.80257396449706,23.544585798816563],"governanceScore":[7.229388379204895,7.180336391437302],"environmentScore":[4.186085626911315,4.132966360856274],"socialScore":[9.727492354740074,9.541437308868504]}}],"error":null}}}