{"update_time":"2024-12-04 12:10:55.380001","data":{"esgChart":{"result":[{"peerGroup":"Refiners & Pipelines","symbolSeries":{"timestamp":[1730419200],"esgScore":[25.63],"governanceScore":[1.95],"environmentScore":[11.63],"socialScore":[12.05]},"peerSeries":{"timestamp":[1730419200],"esgScore":[32.28977528089889],"governanceScore":[3.317317073170732],"environmentScore":[15.065365853658536],"socialScore":[9.36048780487805]}}],"error":null}}}