{"update_time":"2024-12-19 12:11:04.085925","data":{"esgChart":{"result":[{"peerGroup":"Containers & Packaging","symbolSeries":{"timestamp":[1730419200,1733011200],"esgScore":[12.01,12.01],"governanceScore":[3.52,3.52],"environmentScore":[7.58,7.58],"socialScore":[0.9,0.9]},"peerSeries":{"timestamp":[1730419200,1733011200],"esgScore":[17.53909090909091,17.616136363636368],"governanceScore":[2.822000000000001,2.8063333333333342],"environmentScore":[11.943666666666667,11.930333333333332],"socialScore":[1.2806666666666666,1.2846666666666664]}}],"error":null}}}