{"update_time":"2025-03-28 12:20:24.227141","data":{"esgChart":{"result":[{"peerGroup":"Containers & Packaging","symbolSeries":{"timestamp":[1730419200,1733011200,1735689600,1738368000,1740787200],"esgScore":[12.01,12.01,12.01,12.01,12.01],"governanceScore":[3.52,3.52,3.52,3.52,3.52],"environmentScore":[7.58,7.58,7.58,7.58,7.58],"socialScore":[0.9,0.9,0.9,0.9,0.9]},"peerSeries":{"timestamp":[1730419200,1733011200,1735689600,1738368000,1740787200],"esgScore":[17.53909090909091,17.616136363636368,17.663409090909088,17.892558139534884,18.178571428571427],"governanceScore":[2.822000000000001,2.8063333333333342,2.785333333333334,2.8224137931034496,2.845172413793104],"environmentScore":[11.943666666666667,11.930333333333332,11.944999999999999,12.243103448275862,12.665172413793103],"socialScore":[1.2806666666666666,1.2846666666666664,1.3259999999999996,1.308620689655172,1.3234482758620687]}}],"error":null}}}