{"update_time":"2024-12-04 12:10:55.468606","data":{"esgChart":{"result":[{"peerGroup":"Containers & Packaging","symbolSeries":{"timestamp":[1730419200],"esgScore":[12.01],"governanceScore":[3.52],"environmentScore":[7.58],"socialScore":[0.9]},"peerSeries":{"timestamp":[1730419200],"esgScore":[17.53909090909091],"governanceScore":[2.822000000000001],"environmentScore":[11.943666666666667],"socialScore":[1.2806666666666666]}}],"error":null}}}