{"update_time":"2024-12-04 12:10:55.520499","data":{"esgChart":{"result":[{"peerGroup":"Media","symbolSeries":{"timestamp":[1730419200],"esgScore":[18.08],"governanceScore":[8.86],"environmentScore":[0.43],"socialScore":[8.79]},"peerSeries":{"timestamp":[1730419200],"esgScore":[15.739136690647493],"governanceScore":[6.172542372881355],"environmentScore":[0.5149152542372882],"socialScore":[7.319830508474575]}}],"error":null}}}