{"update_time":"2025-05-13 12:22:57.981012","data":{"esgChart":{"result":[{"peerGroup":"Containers & Packaging","symbolSeries":{"timestamp":[1730419200,1733011200,1735689600,1738368000,1740787200,1743465600],"esgScore":[14.69,14.69,14.69,14.69,14.69,14.69],"governanceScore":[2.54,2.54,2.54,2.54,2.54,2.54],"environmentScore":[11.21,11.21,11.21,11.21,11.21,11.21],"socialScore":[0.95,0.95,0.95,0.95,0.95,0.95]},"peerSeries":{"timestamp":[1730419200,1733011200,1735689600,1738368000,1740787200,1743465600],"esgScore":[17.53909090909091,17.616136363636368,17.663409090909088,17.892558139534884,18.178571428571427,18.21439024390244],"governanceScore":[2.822000000000001,2.8063333333333342,2.785333333333334,2.8224137931034496,2.845172413793104,2.852413793103449],"environmentScore":[11.943666666666667,11.930333333333332,11.944999999999999,12.243103448275862,12.665172413793103,12.647241379310346],"socialScore":[1.2806666666666666,1.2846666666666664,1.3259999999999996,1.308620689655172,1.3234482758620687,1.3682758620689652]}}],"error":null}}}