{"update_time":"2024-10-21 12:14:52.960211","data":{"esgChart":{"result":[{"peerGroup":"Media","symbolSeries":{"timestamp":[1727740800],"esgScore":[24.88],"governanceScore":[0.0],"environmentScore":[0.0],"socialScore":[0.0]},"peerSeries":{"timestamp":[1727740800],"esgScore":[17.32205882352941],"governanceScore":[7.385999999999999],"environmentScore":[0.6713333333333332],"socialScore":[8.384666666666666]}}],"error":null}}}