{"update_time":"2025-05-13 12:23:04.393343","data":{"esgChart":{"result":[{"peerGroup":"Semiconductors","symbolSeries":{"timestamp":[1727740800,1730419200,1733011200,1735689600,1738368000,1740787200,1743465600],"esgScore":[13.83,13.83,13.65,13.65,12.51,12.51,12.51],"governanceScore":[4.79,4.79,4.89,4.89,5.28,5.28,5.28],"environmentScore":[3.29,3.29,3.29,3.29,3.01,3.01,3.01],"socialScore":[5.76,5.76,5.47,5.47,4.22,4.22,4.22]},"peerSeries":{"timestamp":[1727740800,1730419200,1733011200,1735689600,1738368000,1740787200,1743465600],"esgScore":[21.88161764705882,23.277606837606847,23.489750000000004,23.415333333333344,23.46866666666667,23.479166666666668,23.422166666666666],"governanceScore":[4.9688,5.421799999999999,5.373200000000001,5.332600000000001,5.282941176470589,5.2121153846153865,5.258301886792455],"environmentScore":[6.8176,7.5316,7.634000000000001,7.631600000000001,7.960392156862747,8.042115384615387,7.940566037735851],"socialScore":[5.646800000000001,6.025,5.9594,5.937200000000001,5.925098039215686,5.854615384615386,5.814905660377359]}}],"error":null}}}