{"update_time":"2024-10-21 12:14:53.249662","data":{"esgChart":{"result":[{"peerGroup":"Healthcare","symbolSeries":{"timestamp":[1727740800],"esgScore":[21.7],"governanceScore":[4.09],"environmentScore":[0.39],"socialScore":[17.22]},"peerSeries":{"timestamp":[1727740800],"esgScore":[24.948521739130424],"governanceScore":[6.648181818181819],"environmentScore":[3.321818181818181],"socialScore":[12.416363636363634]}}],"error":null}}}