{"update_time":"2024-02-22 12:44:49.970344","data":{"esgChart":{"result":[{"peerGroup":"US Fund Energy Limited Partnership","symbolSeries":{"timestamp":[1517443200,1519862400,1522540800,1525132800,1527811200,1530403200,1533081600,1535760000,1538352000,1541030400,1543622400,1546300800,1548979200,1551398400,1554076800,1556668800,1559347200,1561939200,1564617600,1567296000,1569888000,1572566400,1575158400,1577836800,1580515200,1583020800,1585699200,1588291200,1590969600,1593561600,1596240000,1598918400,1601510400,1604188800,1606780800],"esgScore":[35.17,36.68,36.49,36.2,37.19,37.21,36.43,36.92,37.83,37.89,36.11,36.34,null,null,null,null,null,null,null,null,41.93,41.58,40.75,40.9,40.19,38.52,38.44,38.31,38.32,38.2,37.18,36.35,36.18,36.48,36.61],"governanceScore":[41.6,42.07,42.48,42.27,42.67,42.68,43.04,43.26,43.33,43.33,44.96,46.19,null,null,null,null,null,null,null,null,0.0,0.0,0.0,0.0,0.0,0.0,0.0,0.0,0.0,0.0,0.0,0.0,0.0,0.0,0.0],"environmentScore":[33.37,34.17,34.87,34.55,35.18,35.21,34.27,35.1,35.3,35.36,34.07,35.71,null,null,null,null,null,null,null,null,0.0,0.0,0.0,0.0,0.0,0.0,0.0,0.0,0.0,0.0,0.0,0.0,0.0,0.0,0.0],"socialScore":[30.78,32.85,33.07,32.07,34.26,34.32,33.21,34.3,34.59,34.73,30.38,33.2,null,null,null,null,null,null,null,null,0.0,0.0,0.0,0.0,0.0,0.0,0.0,0.0,0.0,0.0,0.0,0.0,0.0,0.0,0.0]},"peerSeries":{"timestamp":[1517443200,1519862400,1522540800,1525132800,1527811200,1530403200,1533081600,1535760000,1538352000,1541030400,1543622400,1546300800,1548979200,1551398400,1554076800,1556668800,1559347200,1561939200,1564617600,1567296000,1569888000,1572566400,1575158400,1577836800,1580515200,1583020800,1585699200,1588291200,1590969600,1593561600,1596240000,1598918400,1601510400,1604188800,1606780800],"esgScore":[35.54796116504858,35.5028971962617,35.41822429906542,35.43214953271028,35.58783783783784,35.620357142857145,35.37196428571427,35.462142857142844,35.45921739130434,35.60217391304346,35.73869565217391,35.56051724137931,null,null,null,null,null,null,null,37.770769230769226,37.581858407079636,37.06452173913046,36.27556521739128,36.10725663716813,35.658347826086946,35.23698275862072,34.331666666666656,34.302017543859634,33.85061403508772,33.912280701754376,33.214956521739104,32.660388349514584,32.283823529411755,32.374803921568635,32.3892156862745],"governanceScore":[47.22902912621361,47.36084112149537,47.55000000000004,47.7742056074766,48.09090090090086,48.101071428571395,48.046249999999986,48.18241071428575,46.943826086956506,47.15269565217394,47.57930434782606,47.71112068965517,null,null,null,null,null,null,null,null,3.059999999999999,3.1758823529411773,3.195714285714286,3.2434374999999984,3.263684210526317,3.1247619047619057,3.100250000000001,3.012999999999999,3.126511627906977,3.0421951219512193,3.027674418604651,3.042790697674418,2.999459459459459,3.0270588235294102,3.040312499999999],"environmentScore":[39.6726213592233,39.67009345794392,39.788317757009324,40.14252336448597,40.44342342342343,40.4657142857143,40.15642857142859,40.33491071428573,39.21452173913041,39.235826086956536,39.38069565217391,39.05974137931032,null,null,null,null,null,null,null,null,10.23076923076923,9.954117647058819,9.504642857142857,9.593750000000002,9.655526315789476,9.535238095238094,9.35175,9.3855,9.278837209302328,9.586585365853658,9.563488372093028,9.315813953488373,9.025945945945947,9.018235294117648,9.3675],"socialScore":[38.70689320388349,38.98373831775703,39.113364485981336,39.500186915887845,40.07648648648647,40.11875,39.75866071428573,40.030446428571445,38.91043478260871,39.05008695652174,39.39556521739129,38.80112068965518,null,null,null,null,null,null,null,null,8.425000000000002,8.275294117647059,8.045714285714284,8.021875,8.059210526315788,8.010238095238094,7.655750000000002,7.69525,7.596279069767442,7.8065853658536595,7.443488372093027,7.2574418604651205,7.09837837837838,7.0932352941176475,7.096874999999997]}}],"error":null}}}