{"update_time":"2024-12-16 12:34:52.151073","data":{"esgChart":{"result":[{"peerGroup":"US Fund Long-Short Equity","symbolSeries":{"timestamp":[1517443200],"esgScore":[38.77],"governanceScore":[39.95],"environmentScore":[34.34],"socialScore":[30.14]},"peerSeries":{"timestamp":[1517443200],"esgScore":[45.115777777777744],"governanceScore":[50.55894444444441],"environmentScore":[51.38505555555555],"socialScore":[50.224]}}],"error":null}}}