{"update_time":"2024-02-22 12:45:36.178166","data":{"esgChart":{"result":[{"peerGroup":"US Fund Large Growth","symbolSeries":{"timestamp":[1569888000,1572566400,1575158400,1577836800,1580515200,1583020800,1585699200,1588291200,1590969600,1593561600,1596240000,1598918400,1601510400,1604188800,1606780800],"esgScore":[22.29,21.43,21.2,20.75,20.57,24.01,23.55,22.57,22.44,25.4,25.62,20.76,21.79,22.57,22.46],"governanceScore":[7.18,6.91,6.92,6.65,6.62,7.28,7.21,6.9,6.98,6.26,6.59,7.03,7.41,6.98,7.39],"environmentScore":[3.95,4.25,4.24,4.08,4.06,3.1,2.85,2.31,2.3,2.58,2.59,2.96,2.75,3.2,3.29],"socialScore":[11.16,10.27,10.04,10.03,9.89,10.53,10.4,10.55,10.67,9.54,10.09,9.96,10.57,10.64,11.06]},"peerSeries":{"timestamp":[1569888000,1572566400,1575158400,1577836800,1580515200,1583020800,1585699200,1588291200,1590969600,1593561600,1596240000,1598918400,1601510400,1604188800,1606780800],"esgScore":[23.330852981969525,23.768961485557078,23.653836650652075,23.580670773442854,23.382560054907337,23.176494845360835,23.04036177474398,22.889250170415792,22.702279863481266,22.637577426015106,22.25801925722141,22.057691734921807,21.923557401812705,21.42660889223821,21.444358589647386],"governanceScore":[8.16226231783481,8.03090220385671,8.015656357388368,8.00770604395605,8.007603305785134,8.018600000000001,7.991643835616453,7.934651162790718,7.847636986301347,7.806830110497216,7.753563535911608,7.670253542132734,7.652057488653559,7.548233962264166,7.536358118361171],"environmentScore":[3.440881332408049,3.4075068870523375,3.34413745704468,3.3057554945055028,3.1954476584021845,2.969717241379306,2.915602739726041,2.8827633378932846,2.8411438356164345,2.8046616022099387,2.7564295580110474,2.7777554064131365,2.7913388804841124,2.708958490566037,2.702412746585726],"socialScore":[10.880763358778653,11.452844352617099,11.426948453608262,11.406105769230734,11.34059917355371,11.404793103448277,11.347547945205482,11.274740082079362,11.157917808219171,11.06220303867409,10.763176795580142,10.684720357941822,10.540968229954615,10.174633962264181,10.136350531107723]}}],"error":null}}}