{"update_time":"2025-11-04 12:17:22.411596","data":{"esgChart":{"result":[{"peerGroup":"Pharmaceuticals","symbolSeries":{"timestamp":[1743465600,1746057600,1748736000,1751328000,1754006400,1756684800,1759276800],"esgScore":[36.35,36.35,36.35,36.35,35.88,35.88,34.24],"governanceScore":[0.0,0.0,0.0,0.0,0.0,0.0,0.0],"environmentScore":[0.0,0.0,0.0,0.0,0.0,0.0,0.0],"socialScore":[0.0,0.0,0.0,0.0,0.0,0.0,0.0]},"peerSeries":{"timestamp":[1743465600,1746057600,1748736000,1751328000,1754006400,1756684800,1759276800],"esgScore":[28.698548707753503,28.735040485829977,28.985785288270392,29.375306930693093,29.51563492063495,29.614665354330747,29.387563850687673],"governanceScore":[6.198620689655174,6.1139864864864855,6.1419999999999995,6.09472972972973,6.0218367346938795,5.967278911564627,5.575342465753423],"environmentScore":[2.527034482758622,2.629797297297298,2.6907333333333336,2.778108108108109,2.8656462585034013,2.9548979591836737,2.943082191780821],"socialScore":[13.53889655172414,13.485945945945947,13.452733333333335,13.475810810810813,13.43047619047619,13.40299319727891,13.04568493150685]}}],"error":null}}}