{"update_time":"2025-09-02 12:27:26.956158","data":{"esgChart":{"result":[{"peerGroup":"Pharmaceuticals","symbolSeries":{"timestamp":[1743465600,1746057600,1748736000,1751328000,1754006400],"esgScore":[36.35,36.35,36.35,36.35,35.88],"governanceScore":[0.0,0.0,0.0,0.0,0.0],"environmentScore":[0.0,0.0,0.0,0.0,0.0],"socialScore":[0.0,0.0,0.0,0.0,0.0]},"peerSeries":{"timestamp":[1743465600,1746057600,1748736000,1751328000,1754006400],"esgScore":[28.698548707753503,28.735040485829977,28.985785288270392,29.375306930693093,29.51563492063495],"governanceScore":[6.198620689655174,6.1139864864864855,6.1419999999999995,6.09472972972973,6.0218367346938795],"environmentScore":[2.527034482758622,2.629797297297298,2.6907333333333336,2.778108108108109,2.8656462585034013],"socialScore":[13.53889655172414,13.485945945945947,13.452733333333335,13.475810810810813,13.43047619047619]}}],"error":null}}}