{"update_time":"2025-05-13 12:25:35.170887","data":{"esgChart":{"result":[{"peerGroup":"Pharmaceuticals","symbolSeries":{"timestamp":[1743465600],"esgScore":[36.35],"governanceScore":[0.0],"environmentScore":[0.0],"socialScore":[0.0]},"peerSeries":{"timestamp":[1743465600],"esgScore":[28.698548707753503],"governanceScore":[6.198620689655174],"environmentScore":[2.527034482758622],"socialScore":[13.53889655172414]}}],"error":null}}}