{"update_time":"2025-11-04 12:17:40.682833","data":{"esgChart":{"result":[{"peerGroup":"Refiners & Pipelines","symbolSeries":{"timestamp":[1754006400,1756684800,1759276800],"esgScore":[55.36,55.36,55.36],"governanceScore":[0.0,0.0,0.0],"environmentScore":[0.0,0.0,0.0],"socialScore":[0.0,0.0,0.0]},"peerSeries":{"timestamp":[1754006400,1756684800,1759276800],"esgScore":[36.05621951219514,36.09987804878051,35.356707317073166],"governanceScore":[4.578292682926829,4.579024390243902,4.363170731707317],"environmentScore":[15.778292682926828,15.857073170731708,15.605853658536581],"socialScore":[11.328048780487807,11.29609756097561,10.92]}}],"error":null}}}