{"update_time":"2025-09-02 12:27:41.728603","data":{"esgChart":{"result":[{"peerGroup":"Refiners & Pipelines","symbolSeries":{"timestamp":[1754006400],"esgScore":[55.36],"governanceScore":[0.0],"environmentScore":[0.0],"socialScore":[0.0]},"peerSeries":{"timestamp":[1754006400],"esgScore":[36.05621951219514],"governanceScore":[4.578292682926829],"environmentScore":[15.778292682926828],"socialScore":[11.328048780487807]}}],"error":null}}}