{"update_time":"2025-05-13 12:26:10.302158","data":{"esgChart":{"result":[{"peerGroup":"Retailing","symbolSeries":{"timestamp":[1730419200,1733011200,1735689600,1738368000,1740787200,1743465600],"esgScore":[12.8,12.8,12.8,12.8,12.8,12.8],"governanceScore":[3.78,3.78,3.78,3.78,3.78,3.78],"environmentScore":[0.3,0.3,0.3,0.3,0.3,0.3],"socialScore":[8.72,8.72,8.72,8.72,8.72,8.72]},"peerSeries":{"timestamp":[1730419200,1733011200,1735689600,1738368000,1740787200,1743465600],"esgScore":[17.983197026022317,18.017666666666678,18.09100000000001,18.190970149253744,18.226179775280904,18.27291044776119],"governanceScore":[4.282136752136752,4.2823076923076915,4.274017094017093,4.269145299145298,4.2403389830508464,4.231680672268907],"environmentScore":[3.7912820512820513,3.7893162393162396,3.79974358974359,3.7909401709401704,3.8650847457627115,3.8761344537815123],"socialScore":[9.143760683760691,9.142820512820517,9.120769230769236,9.102820512820516,9.068728813559325,9.035714285714288]}}],"error":null}}}