{"update_time":"2024-02-22 12:48:42.536133","data":{"esgChart":{"result":[{"peerGroup":"US Fund Technology","symbolSeries":{"timestamp":[1601510400,1604188800,1606780800],"esgScore":[24.35,24.09,23.79],"governanceScore":[7.49,7.31,7.23],"environmentScore":[3.61,3.51,3.44],"socialScore":[10.71,10.36,10.28]},"peerSeries":{"timestamp":[1601510400,1604188800,1606780800],"esgScore":[21.293928571428584,20.901220472440944,20.894417670682724],"governanceScore":[6.976211453744494,6.863127753303954,6.903657407407414],"environmentScore":[2.7009251101321583,2.6293832599118963,2.673194444444439],"socialScore":[8.917885462555063,8.540969162995598,8.54208333333333]}}],"error":null}}}