{"update_time":"2024-02-22 12:49:05.960792","data":{"esgChart":{"result":[{"peerGroup":"US Fund High Yield Bond","symbolSeries":{"timestamp":[1517443200,1519862400,1522540800,1525132800,1527811200,1530403200,1533081600,1535760000,1538352000,1541030400,1543622400,1546300800,1548979200,1551398400,1554076800,1556668800,1559347200,1561939200,1564617600,1567296000,1569888000,1572566400,1575158400,1577836800,1580515200,1583020800,1585699200,1588291200,1590969600,1593561600,1596240000,1598918400,1601510400,1604188800,1606780800],"esgScore":[50.35,50.23,49.46,49.02,49.3,49.29,49.05,null,null,null,null,null,null,null,null,null,null,null,null,null,null,null,null,null,null,null,30.98,31.07,31.25,31.22,30.88,30.57,30.6,30.6,30.15],"governanceScore":[55.06,54.85,53.0,53.44,53.69,53.69,53.35,null,null,null,null,null,null,null,null,null,null,null,null,null,null,null,null,null,null,null,6.69,6.76,6.9,6.98,7.03,6.94,6.94,6.96,6.72],"environmentScore":[49.27,49.15,49.22,49.19,49.43,49.43,49.12,null,null,null,null,null,null,null,null,null,null,null,null,null,null,null,null,null,null,null,10.12,10.17,10.56,11.06,11.14,11.04,11.28,11.47,11.43],"socialScore":[52.23,52.18,51.52,51.69,52.54,52.55,51.74,null,null,null,null,null,null,null,null,null,null,null,null,null,null,null,null,null,null,null,9.27,9.28,9.44,9.43,9.76,9.77,9.76,9.76,9.65]},"peerSeries":{"timestamp":[1517443200,1519862400,1522540800,1525132800,1527811200,1530403200,1533081600,1535760000,1538352000,1541030400,1543622400,1546300800,1548979200,1551398400,1554076800,1556668800,1559347200,1561939200,1564617600,1567296000,1569888000,1572566400,1575158400,1577836800,1580515200,1583020800,1585699200,1588291200,1590969600,1593561600,1596240000,1598918400,1601510400,1604188800,1606780800],"esgScore":[40.71081081081079,40.54875968992246,40.24797385620914,40.179855072463795,40.22658767772515,40.26635514018693,40.87972602739726,41.01,41.17631578947368,40.95454545454546,41.01666666666667,40.39764705882353,null,40.199999999999996,null,38.76,39.34,null,null,31.09,30.982499999999998,33.52166666666666,31.176666666666666,33.62818181818182,28.784000000000002,28.828181818181818,28.267142857142858,28.66181818181818,27.866521739130427,27.985000000000003,27.54624999999999,28.295625,28.101874999999993,28.09741935483871,28.151250000000008],"governanceScore":[49.03405405405402,48.81116279069767,48.550065359477166,48.46937198067639,48.41919431279628,48.45121495327108,49.18972602739722,49.065999999999995,49.30894736842106,49.00454545454545,49.04416666666666,49.35176470588235,null,47.39,null,44.5,45.91,null,null,null,7.44,8.24,null,null,6.609999999999999,6.7628571428571425,6.753,6.971428571428571,6.598000000000001,6.6244444444444435,6.484,6.48,6.564,6.557499999999997,6.537142857142858],"environmentScore":[46.533783783783825,46.94542635658918,46.57385620915033,46.77458937198069,46.894881516587695,46.919719626168224,47.46164383561646,48.705142857142874,49.005789473684196,49.13999999999999,48.99583333333334,46.7635294117647,null,47.42,null,46.9,47.55,null,null,null,5.553333333333334,7.28,null,null,4.953333333333334,5.535714285714286,6.864999999999999,7.972857142857143,7.319,6.32222222222222,6.553000000000002,6.9526315789473685,6.9940000000000015,7.0045,6.865714285714285],"socialScore":[46.26927927927931,46.075581395348856,45.87738562091509,45.961835748792296,46.08687203791471,46.11476635514019,47.05383561643834,47.916285714285706,48.29789473684211,48.02363636363637,48.00333333333333,46.66352941176472,null,44.54,null,45.43,44.515,null,null,null,7.62,9.52,null,null,8.43,9.02142857142857,9.233,9.564285714285715,9.442,9.594444444444449,9.360999999999999,8.946842105263158,9.054000000000002,8.955999999999998,8.983809523809526]}}],"error":null}}}