{"update_time":"2024-02-22 12:49:54.314194","data":{"esgChart":{"result":[{"peerGroup":"US Fund Allocation--70% to 85% Equity","symbolSeries":{"timestamp":[1538352000,1541030400,1543622400,1546300800,1548979200,1551398400,1554076800,1556668800,1559347200,1561939200,1564617600,1567296000,1569888000,1572566400,1575158400,1577836800,1580515200,1583020800,1585699200,1588291200,1590969600,1593561600,1596240000,1598918400,1601510400,1604188800,1606780800],"esgScore":[53.86,53.87,53.92,53.94,null,null,null,null,null,null,null,null,null,null,null,null,null,null,null,null,null,23.96,23.71,23.56,23.55,23.22,23.19],"governanceScore":[51.95,51.96,52.08,52.02,null,null,null,null,null,null,null,null,null,null,null,null,null,null,null,null,null,7.8,7.76,7.7,7.69,7.62,7.62],"environmentScore":[55.08,55.12,55.19,55.18,null,null,null,null,null,null,null,null,null,null,null,null,null,null,null,null,null,4.33,4.27,4.27,4.25,4.24,4.22],"socialScore":[53.72,53.71,53.77,53.81,null,null,null,null,null,null,null,null,null,null,null,null,null,null,null,null,null,10.2,10.06,9.97,9.99,9.69,9.67]},"peerSeries":{"timestamp":[1538352000,1541030400,1543622400,1546300800,1548979200,1551398400,1554076800,1556668800,1559347200,1561939200,1564617600,1567296000,1569888000,1572566400,1575158400,1577836800,1580515200,1583020800,1585699200,1588291200,1590969600,1593561600,1596240000,1598918400,1601510400,1604188800,1606780800],"esgScore":[45.583135888501815,45.502561403508764,45.602132132132105,45.625739644970444,null,null,null,null,null,null,null,25.015087719298236,24.973185840707927,25.486927536231853,25.430606936416137,25.35057971014494,25.143284883720938,24.870718562874185,24.752961876832835,24.620906432748498,24.49877192982456,24.293215339233047,24.079565217391348,23.886404833836902,23.80257396449706,23.544585798816563,23.52083832335326],"governanceScore":[51.029895470383245,50.93642105263151,51.000540540540506,51.02612426035495,null,null,null,null,null,null,null,8.06421052631579,7.853055555555554,7.6356969696969665,7.639939577039275,7.626303030303032,7.622705167173259,7.568993710691839,7.559817073170744,7.530729483282667,7.492310030395133,7.40950769230769,7.332356495468284,7.238535825545173,7.229388379204895,7.180336391437302,7.151630769230767],"environmentScore":[52.9442857142857,52.8398245614036,53.081441441441534,53.08103550295862,null,null,null,null,null,null,null,4.7675438596491215,4.7187962962963015,4.83115151515151,4.800332326283993,4.773303030303035,4.629604863221885,4.386855345911949,4.302530487804879,4.288814589665648,4.245258358662617,4.222092307692308,4.196858006042289,4.173862928348911,4.186085626911315,4.132966360856274,4.15649230769231],"socialScore":[51.94679442508714,51.881578947368375,52.08897897897891,52.11289940828397,null,null,null,null,null,null,null,9.715087719298248,9.592407407407414,10.183909090909086,10.204561933534745,10.176303030303021,10.155866261398186,10.269591194968553,10.287347560975595,10.280547112461992,10.219027355623094,10.11052307692307,9.925135951661616,9.788380062305288,9.727492354740074,9.541437308868504,9.432707692307696]}}],"error":null}}}