{"update_time":"2024-02-22 12:50:39.266915","data":{"esgChart":{"result":[{"peerGroup":"US Fund Allocation--30% to 50% Equity","symbolSeries":{"timestamp":[1596240000,1598918400],"esgScore":[23.99,23.89],"governanceScore":[7.68,7.63],"environmentScore":[4.02,4.03],"socialScore":[10.4,10.33]},"peerSeries":{"timestamp":[1596240000,1598918400],"esgScore":[24.92150602409642,24.923999999999996],"governanceScore":[7.288121212121218,7.260641025641032],"environmentScore":[4.391757575757573,4.507884615384614],"socialScore":[10.20575757575757,10.234358974358985]}}],"error":null}}}