{"update_time":"2024-02-22 12:51:13.835016","data":{"esgChart":{"result":[{"peerGroup":"US Fund Allocation--50% to 70% Equity","symbolSeries":{"timestamp":[1538352000,1541030400,1543622400,1546300800,1548979200,1551398400,1554076800,1556668800,1559347200,1561939200,1564617600,1567296000,1569888000,1572566400,1575158400,1577836800,1580515200,1583020800,1585699200,1588291200,1590969600,1593561600,1596240000,1598918400,1601510400,1604188800,1606780800],"esgScore":[53.53,53.59,53.65,53.65,null,null,null,null,null,null,null,null,null,null,null,null,null,null,null,null,null,24.07,23.82,23.68,23.68,23.37,23.32],"governanceScore":[51.74,51.8,51.98,51.88,null,null,null,null,null,null,null,null,null,null,null,null,null,null,null,null,null,7.76,7.73,7.67,7.65,7.6,7.6],"environmentScore":[54.85,54.93,55.05,55.03,null,null,null,null,null,null,null,null,null,null,null,null,null,null,null,null,null,4.22,4.17,4.18,4.14,4.16,4.14],"socialScore":[53.5,53.52,53.6,53.64,null,null,null,null,null,null,null,null,null,null,null,null,null,null,null,null,null,10.33,10.2,10.1,10.14,9.85,9.81]},"peerSeries":{"timestamp":[1538352000,1541030400,1543622400,1546300800,1548979200,1551398400,1554076800,1556668800,1559347200,1561939200,1564617600,1567296000,1569888000,1572566400,1575158400,1577836800,1580515200,1583020800,1585699200,1588291200,1590969600,1593561600,1596240000,1598918400,1601510400,1604188800,1606780800],"esgScore":[45.74442495126712,45.43383333333332,45.522467289719636,45.60843243243245,45.74,43.39,null,43.7,null,null,46.04,24.69032258064515,24.428681135225364,25.134431438127038,25.122757475083077,25.016912751677857,24.87215719063543,24.63168880455406,24.505690607734834,24.46520446096653,24.33941732283463,24.190451010886484,23.906677316293962,23.70532679738554,23.63433993399339,23.34809061488677,23.300324149108608],"governanceScore":[50.944775828460024,50.695979166666675,50.74484112149541,50.75781981981974,50.87,48.83,null,49.01,null,null,51.18,8.282786885245905,8.115488215488211,7.874781144781146,7.864130434782604,7.845253378378368,7.834107744107758,7.821759082217974,7.821479400749057,7.770982986767483,7.7060702875399345,7.6460787401574635,7.613915857605186,7.551256198347104,7.518355481727564,7.4592996742671325,7.428955954322995],"environmentScore":[53.95697855750494,53.758375000000065,53.70687850467293,53.70772972972959,53.71,51.8,null,51.99,null,null,53.59,4.455901639344264,4.4314141414141295,4.557138047138056,4.590585284280935,4.542719594594595,4.462239057239036,4.211089866156791,4.138408239700362,4.151172022684309,4.124169329073484,4.120535433070872,4.05700647249191,4.057586776859509,4.068139534883718,4.053729641693807,4.105970636215343],"socialScore":[52.28812865497062,52.229041666666625,52.285943925233546,52.29827027027022,52.45,49.85,null,50.0,null,null,52.7,9.89540983606557,10.022508417508416,10.794781144781147,10.787458193979974,10.756908783783802,10.72106060606061,10.782925430210314,10.810973782771523,10.771020793950852,10.772955271565502,10.700409448818865,10.534466019417472,10.417818181818214,10.35365448504983,10.151775244299685,10.0311745513866]}}],"error":null}}}