{"update_time":"2025-08-25 17:17:38.755011","data":{"esgChart":{"result":[{"peerGroup":"Consumer Services","symbolSeries":{"timestamp":[1754006400],"esgScore":[14.35],"governanceScore":[0.0],"environmentScore":[0.0],"socialScore":[0.0]},"peerSeries":{"timestamp":[1754006400],"esgScore":[24.84644549763032],"governanceScore":[5.319550561797752],"environmentScore":[6.882584269662921],"socialScore":[10.569887640449435]}}],"error":null}}}