{"update_time":"2025-11-04 12:19:04.301212","data":{"esgChart":{"result":[{"peerGroup":"Consumer Services","symbolSeries":{"timestamp":[1754006400,1756684800,1759276800],"esgScore":[14.35,14.35,14.35],"governanceScore":[0.0,0.0,0.0],"environmentScore":[0.0,0.0,0.0],"socialScore":[0.0,0.0,0.0]},"peerSeries":{"timestamp":[1754006400,1756684800,1759276800],"esgScore":[24.84644549763032,24.83966666666666,24.268142857142863],"governanceScore":[5.319550561797752,5.238735632183909,5.076363636363639],"environmentScore":[6.882584269662921,6.896206896551723,6.792386363636364],"socialScore":[10.569887640449435,10.607471264367815,10.196704545454551]}}],"error":null}}}