{"update_time":"2025-05-13 12:27:53.807884","data":{"esgChart":{"result":[{"peerGroup":"Diversified Financials","symbolSeries":{"timestamp":[1730419200,1733011200,1735689600,1738368000,1740787200,1743465600],"esgScore":[23.84,23.84,23.84,23.84,23.84,23.84],"governanceScore":[11.65,11.65,11.65,11.65,11.65,11.65],"environmentScore":[2.4,2.4,2.4,2.4,2.4,2.4],"socialScore":[9.8,9.8,9.8,9.8,9.8,9.8]},"peerSeries":{"timestamp":[1730419200,1733011200,1735689600,1738368000,1740787200,1743465600],"esgScore":[23.972808988764058,23.876629213483152,23.837521126760574,23.7646218487395,23.696966292134835,23.842801120448176],"governanceScore":[9.909254658385091,9.883024691358026,9.851349693251533,9.830545454545454,9.820060240963855,9.915818181818183],"environmentScore":[1.5136645962732904,1.5319753086419738,1.536012269938649,1.5576969696969685,1.552108433734939,1.6113939393939383],"socialScore":[8.95701863354037,8.920925925925925,8.88687116564417,8.852545454545453,8.899036144578309,8.895939393939388]}}],"error":null}}}