{"update_time":"2024-12-04 12:11:03.172608","data":{"esgChart":{"result":[{"peerGroup":"Utilities","symbolSeries":{"timestamp":[1730419200],"esgScore":[20.75],"governanceScore":[2.6],"environmentScore":[9.99],"socialScore":[8.16]},"peerSeries":{"timestamp":[1730419200],"esgScore":[27.886468085106358],"governanceScore":[5.0064968152866225],"environmentScore":[10.325796178343946],"socialScore":[9.850700636942678]}}],"error":null}}}