{"update_time":"2025-02-11 12:10:39.747110","data":{"esgChart":{"result":[{"peerGroup":"Utilities","symbolSeries":{"timestamp":[1730419200,1733011200,1735689600,1738368000],"esgScore":[20.75,20.75,25.23,25.23],"governanceScore":[2.6,2.6,2.34,2.34],"environmentScore":[9.99,9.99,10.69,10.69],"socialScore":[8.16,8.16,12.2,12.2]},"peerSeries":{"timestamp":[1730419200,1733011200,1735689600,1738368000],"esgScore":[27.886468085106358,27.956751054852298,28.287038626609416,28.54615384615383],"governanceScore":[5.0064968152866225,4.996962025316454,5.023290322580643,5.011548387096774],"environmentScore":[10.325796178343946,10.282088607594934,10.411677419354838,10.438516129032259],"socialScore":[9.850700636942678,9.863291139240507,10.135870967741939,10.331935483870966]}}],"error":null}}}