{"update_time":"2024-02-22 12:57:11.397620","data":{"esgChart":{"result":[{"peerGroup":"US Fund Market Neutral","symbolSeries":{"timestamp":[1601510400,1604188800,1606780800],"esgScore":[28.58,28.43,28.3],"governanceScore":[0.0,0.0,0.0],"environmentScore":[0.0,0.0,0.0],"socialScore":[0.0,0.0,0.0]},"peerSeries":{"timestamp":[1601510400,1604188800,1606780800],"esgScore":[25.30999999999999,24.859365079365077,25.431538461538473],"governanceScore":[6.9504761904761905,6.62260869565217,6.725945945945947],"environmentScore":[4.653333333333332,4.693260869565218,4.8062162162162165],"socialScore":[9.470238095238095,8.828043478260868,9.338378378378373]}}],"error":null}}}