{"update_time":"2025-05-13 12:28:46.921786","data":{"esgChart":{"result":[{"peerGroup":"Oil & Gas Producers","symbolSeries":{"timestamp":[1730419200,1733011200,1735689600],"esgScore":[47.72,43.87,44.09],"governanceScore":[0.0,0.0,0.0],"environmentScore":[0.0,0.0,0.0],"socialScore":[0.0,0.0,0.0]},"peerSeries":{"timestamp":[1730419200,1733011200,1735689600],"esgScore":[40.66664670658685,41.42005988023955,42.098095238095254],"governanceScore":[6.480229885057474,6.490000000000001,6.4275581395348835],"environmentScore":[21.059310344827583,21.17788235294117,21.36744186046511],"socialScore":[9.211034482758624,9.294705882352947,9.480930232558144]}}],"error":null}}}