{"update_time":"2024-02-22 12:57:46.449807","data":{"esgChart":{"result":[{"peerGroup":"US Fund Ultrashort Bond","symbolSeries":{"timestamp":[1527811200,1530403200,1533081600,1535760000,1538352000,1541030400,1543622400,1546300800],"esgScore":[46.25,null,null,46.85,46.85,55.21,45.58,45.59],"governanceScore":[52.72,null,null,52.45,52.56,52.59,52.25,52.25],"environmentScore":[57.88,null,null,57.28,57.21,57.07,56.57,56.56],"socialScore":[52.24,null,null,52.68,52.54,51.79,51.37,51.37]},"peerSeries":{"timestamp":[1504224000,1506816000,1509494400,1512086400,1514764800,1517443200,1519862400,1522540800,1525132800,1527811200,1530403200,1533081600,1535760000,1538352000,1541030400,1543622400,1546300800],"esgScore":[49.46,null,null,null,null,null,null,null,null,47.378750000000004,null,null,47.43000000000001,43.9775,36.214000000000006,42.653333333333336,42.55888888888889],"governanceScore":[57.7,null,null,null,null,null,null,null,null,54.80999999999999,null,null,54.84,51.81333333333333,45.03933333333334,50.632222222222225,50.57555555555556],"environmentScore":[59.17,null,null,null,null,null,null,null,null,59.74125,null,null,59.357777777777784,56.258333333333326,48.55333333333333,55.98666666666667,56.00333333333332],"socialScore":[56.89,null,null,null,null,null,null,null,null,53.435,null,null,53.271111111111104,51.23916666666667,47.06933333333335,50.33888888888888,50.22555555555556]}}],"error":null}}}