{"update_time":"2024-12-16 12:49:31.917094","data":{"esgChart":{"result":[{"peerGroup":"Pharmaceuticals","symbolSeries":{"timestamp":[1727740800,1730419200,1733011200],"esgScore":[34.33,34.33,34.33],"governanceScore":[0.0,0.0,0.0],"environmentScore":[0.0,0.0,0.0],"socialScore":[0.0,0.0,0.0]},"peerSeries":{"timestamp":[1727740800,1730419200,1733011200],"esgScore":[28.313461538461517,27.172400793650795,27.924407114624493],"governanceScore":[6.1897222222222235,6.379929577464789,6.366111111111112],"environmentScore":[1.6988888888888891,2.1654929577464794,2.2250000000000005],"socialScore":[15.03638888888889,13.70514084507042,13.6425]}}],"error":null}}}