{"update_time":"2024-12-04 12:11:04.086986","data":{"esgChart":{"result":[{"peerGroup":"Diversified Financials","symbolSeries":{"timestamp":[1730419200],"esgScore":[18.57],"governanceScore":[10.72],"environmentScore":[0.82],"socialScore":[7.03]},"peerSeries":{"timestamp":[1730419200],"esgScore":[23.972808988764058],"governanceScore":[9.909254658385091],"environmentScore":[1.5136645962732904],"socialScore":[8.95701863354037]}}],"error":null}}}