{"update_time":"2024-02-22 12:58:24.490357","data":{"esgChart":{"result":[{"peerGroup":"US Fund Miscellaneous Region","symbolSeries":{"timestamp":[1517443200,1519862400,1522540800,1525132800,1527811200,1530403200,1533081600,1535760000,1538352000,1541030400,1543622400,1546300800,1548979200,1551398400,1554076800,1556668800,1559347200,1561939200,1564617600,1567296000,1569888000,1572566400,1575158400,1577836800,1580515200,1583020800,1585699200,1588291200,1590969600,1593561600,1596240000,1598918400,1601510400,1604188800,1606780800],"esgScore":[48.89,49.19,49.07,47.95,48.39,48.44,49.95,49.36,50.32,50.33,50.26,50.51,null,null,null,null,null,null,null,null,null,null,null,null,null,null,null,null,null,28.6,28.11,26.91,26.87,27.12,27.01],"governanceScore":[46.35,46.05,45.7,46.18,45.64,45.72,50.29,51.85,51.36,51.37,52.11,52.41,null,null,null,null,null,null,null,null,null,null,null,null,null,null,null,null,null,7.31,7.24,7.03,6.97,7.01,7.07],"environmentScore":[49.32,49.64,49.17,48.03,48.92,48.86,50.87,49.77,49.87,49.88,49.22,50.54,null,null,null,null,null,null,null,null,null,null,null,null,null,null,null,null,null,4.76,4.59,4.53,4.46,4.53,4.9],"socialScore":[52.14,52.81,52.56,51.88,53.32,53.22,54.9,53.5,53.46,53.55,52.94,53.05,null,null,null,null,null,null,null,null,null,null,null,null,null,null,null,null,null,9.01,9.04,9.13,9.14,9.06,8.97]},"peerSeries":{"timestamp":[1517443200,1519862400,1522540800,1525132800,1527811200,1530403200,1533081600,1535760000,1538352000,1541030400,1543622400,1546300800,1548979200,1551398400,1554076800,1556668800,1559347200,1561939200,1564617600,1567296000,1569888000,1572566400,1575158400,1577836800,1580515200,1583020800,1585699200,1588291200,1590969600,1593561600,1596240000,1598918400,1601510400,1604188800,1606780800],"esgScore":[47.550645161290355,47.64209677419356,47.696370967741935,47.58896000000002,47.61524193548386,47.62709677419358,47.9049193548387,47.999008264462844,48.1896992481203,48.03860465116277,48.22893129770991,48.24022900763357,null,54.55,41.504999999999995,null,42.32,49.13999999999999,53.664,26.015714285714292,27.209039999999998,27.845200000000006,27.85266129032258,27.712580645161303,27.459682539682547,27.301904761904748,27.28637795275589,27.24625,27.25961538461538,26.94975409836065,27.023548387096753,26.42067307692306,26.184077669902923,25.997766990291275,25.95894230769231],"governanceScore":[52.49879032258062,52.6639516129032,52.65572580645157,52.748000000000026,52.86975806451617,52.87282258064519,53.622499999999995,53.81264462809919,53.76736842105262,53.63124031007754,53.763816793893106,53.835954198473274,null,64.1,47.78,null,46.47,56.52333333333333,59.35799999999999,8.98076923076923,8.451346153846153,8.14078431372549,8.131442307692309,8.079047619047618,8.03216216216216,7.963333333333337,7.9575000000000005,7.916216216216214,7.960614035087718,7.780092592592594,7.734444444444444,7.720760869565216,7.764382022471914,7.7086813186813234,7.641304347826088],"environmentScore":[52.301451612903215,52.371290322580634,52.40209677419354,52.317840000000004,52.394596774193516,52.39782258064513,52.777903225806455,52.90702479338842,52.91413533834586,52.759147286821715,52.955801526717565,53.0555725190839,null,56.5,51.45,null,53.95,54.083333333333336,57.27399999999999,5.829230769230768,6.434134615384617,6.646568627450978,6.637884615384615,6.495619047619049,6.303063063063062,6.285945945945943,6.362410714285714,6.339639639639641,6.354912280701754,6.374907407407403,6.319444444444444,5.952608695652175,5.9978651685393265,5.906043956043956,5.960326086956525],"socialScore":[52.93548387096776,53.115483870967765,53.23629032258068,53.21744000000002,53.299919354838714,53.30209677419357,53.731854838709666,53.83140495867767,53.71037593984961,53.57643410852712,53.72725190839694,53.802977099236614,null,58.55,49.67,null,50.05,54.903333333333336,59.7,8.971538461538461,8.543557692307695,9.440588235294118,9.364807692307691,9.311142857142858,9.230360360360358,9.2890990990991,9.324107142857146,9.2909009009009,9.260087719298248,9.077870370370375,9.001296296296294,9.002934782608698,8.98516853932584,8.809560439560439,8.785217391304347]}}],"error":null}}}