{"update_time":"2024-02-22 12:59:44.652993","data":{"esgChart":{"result":[{"peerGroup":"US Fund Technology","symbolSeries":{"timestamp":[1569888000,1572566400,1575158400,1577836800,1580515200,1583020800,1585699200,1588291200,1590969600,1593561600,1596240000,1598918400,1601510400,1604188800,1606780800],"esgScore":[23.31,23.59,23.62,23.49,23.64,23.58,23.88,23.63,24.12,24.39,24.01,23.73,23.86,23.52,23.29],"governanceScore":[8.83,8.6,8.73,8.64,8.73,8.77,8.64,8.57,8.67,8.63,8.6,8.46,8.47,8.3,8.01],"environmentScore":[2.12,1.97,2.06,1.92,1.9,1.96,1.91,1.9,1.91,1.84,1.96,1.94,2.06,1.96,1.98],"socialScore":[10.47,11.25,11.19,11.26,11.25,11.19,11.06,11.04,11.11,11.11,11.08,11.11,11.1,10.92,10.6]},"peerSeries":{"timestamp":[1569888000,1572566400,1575158400,1577836800,1580515200,1583020800,1585699200,1588291200,1590969600,1593561600,1596240000,1598918400,1601510400,1604188800,1606780800],"esgScore":[22.1832669322709,22.652450592885373,22.58777777777778,22.55818181818183,22.406561264822155,22.245252918287918,22.054863813229527,22.052696629213468,21.819386973180073,21.831230769230757,21.450763358778634,21.38008032128514,21.293928571428584,20.901220472440944,20.894417670682724],"governanceScore":[7.2128037383177475,7.355302325581393,7.32209302325582,7.316111111111109,7.3221296296296305,7.240538116591917,7.176592920353976,7.211016949152538,7.173675213675204,7.1696969696969735,7.0954310344827585,7.014910714285717,6.976211453744494,6.863127753303954,6.903657407407414],"environmentScore":[2.9669626168224275,2.827255813953488,2.8220930232558143,2.794861111111111,2.7382870370370345,2.657533632286997,2.6493362831858427,2.668686440677964,2.699658119658119,2.676277056277054,2.5969396551724118,2.688839285714284,2.7009251101321583,2.6293832599118963,2.673194444444439],"socialScore":[9.088925233644858,9.558046511627895,9.558744186046503,9.580833333333329,9.531388888888884,9.493766816143497,9.441327433628315,9.451906779661021,9.352649572649577,9.348225108225112,9.085086206896555,9.04749999999999,8.917885462555063,8.540969162995598,8.54208333333333]}}],"error":null}}}