{"update_time":"2024-02-22 12:59:56.070158","data":{"esgChart":{"result":[{"peerGroup":"US Fund Health","symbolSeries":{"timestamp":[1517443200,1519862400,1522540800,1525132800,1527811200,1530403200,1533081600,1535760000,1538352000,1541030400,1543622400,1546300800,1548979200,1551398400,1554076800,1556668800,1559347200,1561939200,1564617600,1567296000,1569888000,1572566400,1575158400,1577836800,1580515200,1583020800,1585699200,1588291200,1590969600,1593561600,1596240000,1598918400,1601510400,1604188800,1606780800],"esgScore":[43.49,43.09,42.96,43.04,43.39,43.39,42.88,43.36,43.03,42.76,42.63,43.01,null,null,null,null,null,null,null,null,31.8,31.82,31.8,32.09,32.09,31.76,31.74,31.56,31.91,31.84,31.35,31.77,31.18,31.47,28.96],"governanceScore":[49.1,48.73,48.85,49.35,50.04,50.04,49.46,49.47,48.78,49.7,49.44,47.84,null,null,null,null,null,null,null,null,0.0,0.0,0.0,0.0,0.0,0.0,0.0,0.0,0.0,0.0,0.0,0.0,0.0,0.0,0.0],"environmentScore":[54.16,54.84,55.53,55.72,57.55,57.55,58.51,57.54,56.24,55.68,55.88,54.14,null,null,null,null,null,null,null,null,0.0,0.0,0.0,0.0,0.0,0.0,0.0,0.0,0.0,0.0,0.0,0.0,0.0,0.0,0.0],"socialScore":[54.93,55.42,54.15,53.67,54.55,54.55,55.25,54.92,53.96,52.91,55.39,54.46,null,null,null,null,null,null,null,null,0.0,0.0,0.0,0.0,0.0,0.0,0.0,0.0,0.0,0.0,0.0,0.0,0.0,0.0,0.0]},"peerSeries":{"timestamp":[1517443200,1519862400,1522540800,1525132800,1527811200,1530403200,1533081600,1535760000,1538352000,1541030400,1543622400,1546300800,1548979200,1551398400,1554076800,1556668800,1559347200,1561939200,1564617600,1567296000,1569888000,1572566400,1575158400,1577836800,1580515200,1583020800,1585699200,1588291200,1590969600,1593561600,1596240000,1598918400,1601510400,1604188800,1606780800],"esgScore":[45.79589403973513,45.72346405228756,45.71045751633985,45.692222222222235,45.76275641025641,45.76397435897436,45.59664556962026,45.78871794871795,45.78384615384614,45.6546153846154,45.54570512820512,45.561210191082814,null,45.555,null,null,44.845,null,44.52,29.766363636363636,29.909938650306717,29.673128834355847,29.593006134969325,29.595361445783148,29.479700598802392,29.28672619047621,29.0696449704142,28.886011560693614,28.824685714285717,28.36107954545452,28.367514124293802,28.440476190476186,28.236250000000013,28.08595238095239,27.984107142857148],"governanceScore":[52.40410596026488,52.327712418300656,52.420915032679716,52.29346405228755,52.27717948717943,52.277884615384586,52.22930379746832,53.01737179487178,52.978782051281996,52.8792948717949,53.10512820512825,52.71394904458601,null,53.815,null,null,55.195,null,49.69,8.691785714285714,8.798248175182481,8.403382352941176,8.298296296296295,8.29169117647059,8.290220588235295,8.290661764705881,8.281021897810222,8.082275862068961,7.956827586206893,7.841338028169012,7.811408450704221,7.688507462686562,7.6497014925373215,7.696220472440942,7.681181818181812],"environmentScore":[54.39615894039736,54.517058823529425,54.77026143790851,54.80555555555558,54.85519230769233,54.860000000000014,54.846265822784815,55.57730769230769,55.06397435897432,54.454487179487174,54.30455128205125,53.74439490445863,null,54.825,null,null,55.825,null,49.93,1.2860714285714283,1.5076642335766417,1.4566911764705894,1.4431851851851847,1.4626470588235305,1.44154411764706,1.3875000000000006,1.3863503649635036,1.362758620689655,1.3669655172413813,1.4321830985915507,1.4488732394366197,1.461268656716418,1.3985074626865666,1.451811023622048,1.433454545454545],"socialScore":[51.3366887417218,51.45620915032678,51.78098039215688,51.8842483660131,51.9223717948718,51.94314102564101,51.64310126582276,52.417499999999976,52.171153846153835,51.91089743589745,51.96102564102563,51.70273885350319,null,53.56,null,null,54.52,null,50.04,14.38642857142857,14.200364963503645,14.37941176470588,14.187703703703692,14.07786764705882,14.033970588235277,14.093970588235294,14.071021897810207,13.835310344827583,13.641999999999998,13.38612676056337,13.304859154929586,12.985522388059698,12.897014925373144,12.805905511811014,12.87163636363636]}}],"error":null}}}