{"update_time":"2024-02-22 13:00:43.023417","data":{"esgChart":{"result":[{"peerGroup":"US Fund Technology","symbolSeries":{"timestamp":[1517443200,1519862400,1522540800,1525132800,1527811200,1530403200,1533081600,1535760000,1538352000,1541030400,1543622400,1546300800,1548979200,1551398400,1554076800,1556668800,1559347200,1561939200,1564617600,1567296000,1569888000,1572566400,1575158400,1577836800,1580515200,1583020800,1585699200,1588291200,1590969600,1593561600,1596240000,1598918400,1601510400,1604188800,1606780800],"esgScore":[43.13,43.33,43.8,43.83,43.86,43.86,44.32,43.24,43.71,43.83,42.95,43.67,null,null,null,null,null,null,null,null,24.57,25.15,25.32,25.27,24.89,25.41,25.79,25.23,25.27,25.36,25.26,25.32,25.22,25.39,24.81],"governanceScore":[45.7,46.27,47.18,47.19,46.98,46.98,47.42,46.39,47.07,47.25,46.55,46.86,null,null,null,null,null,null,null,null,6.25,6.43,6.48,6.69,6.56,6.67,6.65,6.75,6.78,6.66,6.7,6.87,6.71,6.35,6.62],"environmentScore":[50.06,50.55,51.3,51.54,51.6,51.6,51.79,50.92,50.96,51.13,50.12,50.04,null,null,null,null,null,null,null,null,2.26,2.06,2.1,2.15,1.88,2.01,1.99,1.85,1.81,1.8,1.88,1.94,1.73,1.56,1.61],"socialScore":[49.66,49.68,49.18,49.51,49.62,49.62,49.8,48.25,48.93,49.49,48.74,49.62,null,null,null,null,null,null,null,null,8.89,9.21,9.2,9.61,9.25,9.53,9.59,9.75,9.75,9.52,9.53,9.84,9.52,9.02,9.32]},"peerSeries":{"timestamp":[1517443200,1519862400,1522540800,1525132800,1527811200,1530403200,1533081600,1535760000,1538352000,1541030400,1543622400,1546300800,1548979200,1551398400,1554076800,1556668800,1559347200,1561939200,1564617600,1567296000,1569888000,1572566400,1575158400,1577836800,1580515200,1583020800,1585699200,1588291200,1590969600,1593561600,1596240000,1598918400,1601510400,1604188800,1606780800],"esgScore":[47.39933628318591,47.37903508771929,47.34978070175434,47.117292576419224,47.07181818181821,47.07383620689659,47.28208510638297,47.5592372881356,47.558291666666605,47.762222222222185,47.73115226337447,47.81643442622949,49.87,51.349999999999994,49.86,null,null,48.47,48.27,22.317894736842103,22.1832669322709,22.652450592885373,22.58777777777778,22.55818181818183,22.406561264822155,22.245252918287918,22.054863813229527,22.052696629213468,21.819386973180073,21.831230769230757,21.450763358778634,21.38008032128514,21.293928571428584,20.901220472440944,20.894417670682724],"governanceScore":[48.48309734513281,48.298289473684214,48.349561403508794,47.970305676855865,47.81155844155843,47.81866379310344,48.00348936170215,48.10330508474578,48.09929166666666,48.524485596707855,48.49777777777773,48.56938524590167,53.73,49.84,53.58,null,null,47.13,49.85,6.9478124999999995,7.2128037383177475,7.355302325581393,7.32209302325582,7.316111111111109,7.3221296296296305,7.240538116591917,7.176592920353976,7.211016949152538,7.173675213675204,7.1696969696969735,7.0954310344827585,7.014910714285717,6.976211453744494,6.863127753303954,6.903657407407414],"environmentScore":[53.68823008849557,53.941228070175455,53.87285087719301,53.76497816593884,53.84108225108226,53.86120689655174,54.08463829787225,54.22173728813559,54.217458333333234,54.19860082304525,54.098600823045324,54.112295081967225,54.59,59.855000000000004,54.88,null,null,54.96,51.51,3.1265625,2.9669626168224275,2.827255813953488,2.8220930232558143,2.794861111111111,2.7382870370370345,2.657533632286997,2.6493362831858427,2.668686440677964,2.699658119658119,2.676277056277054,2.5969396551724118,2.688839285714284,2.7009251101321583,2.6293832599118963,2.673194444444439],"socialScore":[53.9042477876107,54.18456140350881,54.12390350877203,53.99707423580782,54.00038961038957,54.00271551724137,54.14663829787236,54.183559322033915,54.23720833333332,54.23987654320994,54.156995884773714,54.23377049180328,55.82,60.144999999999996,55.97,null,null,56.48,54.37,8.7215625,9.088925233644858,9.558046511627895,9.558744186046503,9.580833333333329,9.531388888888884,9.493766816143497,9.441327433628315,9.451906779661021,9.352649572649577,9.348225108225112,9.085086206896555,9.04749999999999,8.917885462555063,8.540969162995598,8.54208333333333]}}],"error":null}}}