{"update_time":"2024-12-08 12:27:09.032013","data":{"esgChart":{"result":[{"peerGroup":"Oil & Gas Producers","symbolSeries":{"timestamp":[1727740800,1730419200],"esgScore":[54.63,54.63],"governanceScore":[0.0,0.0],"environmentScore":[0.0,0.0],"socialScore":[0.0,0.0]},"peerSeries":{"timestamp":[1727740800,1730419200],"esgScore":[47.377500000000005,40.66664670658685],"governanceScore":[7.065,6.480229885057474],"environmentScore":[22.732499999999998,21.059310344827583],"socialScore":[8.735,9.211034482758624]}}],"error":null}}}