{"update_time":"2025-02-15 12:23:05.544896","data":{"esgChart":{"result":[{"peerGroup":"Semiconductors","symbolSeries":{"timestamp":[1733011200,1735689600,1738368000],"esgScore":[28.77,28.77,28.77],"governanceScore":[0.0,0.0,0.0],"environmentScore":[0.0,0.0,0.0],"socialScore":[0.0,0.0,0.0]},"peerSeries":{"timestamp":[1733011200,1735689600,1738368000],"esgScore":[23.489750000000004,23.415333333333344,23.46866666666667],"governanceScore":[5.373200000000001,5.332600000000001,5.282941176470589],"environmentScore":[7.634000000000001,7.631600000000001,7.960392156862747],"socialScore":[5.9594,5.937200000000001,5.925098039215686]}}],"error":null}}}