{"update_time":"2025-11-04 12:21:31.248471","data":{"esgChart":{"result":[{"peerGroup":"EAA CE UK Flex-Cap Equity","symbolSeries":{"timestamp":[1517443200,1519862400,1522540800,1525132800,1527811200,1530403200,1533081600,1535760000,1538352000,1541030400],"esgScore":[53.78,53.78,54.05,53.46,53.28,53.28,54.1,52.41,52.41,52.27],"governanceScore":[52.24,52.24,51.75,51.64,51.04,51.04,51.48,50.1,50.1,50.03],"environmentScore":[53.96,53.96,54.62,54.44,54.31,54.31,55.12,53.83,53.83,53.75],"socialScore":[53.15,53.15,53.35,52.45,52.49,52.49,53.26,51.28,51.28,51.03]},"peerSeries":{"timestamp":[1517443200,1519862400,1522540800,1525132800,1527811200,1530403200,1533081600,1535760000,1538352000,1541030400],"esgScore":[48.69428571428572,48.49,48.73285714285714,48.44857142857143,48.34142857142857,48.34142857142857,48.11142857142857,47.977500000000006,48.00625,48.029999999999994],"governanceScore":[52.60285714285714,52.239999999999995,52.35285714285715,52.151428571428575,52.188571428571436,52.188571428571436,52.04571428571429,52.29249999999999,52.29625,52.5225],"environmentScore":[54.082857142857144,53.82285714285714,54.08142857142858,54.08857142857142,54.20142857142857,54.20142857142857,54.472857142857144,54.77,54.76625,54.83500000000001],"socialScore":[53.49999999999999,53.61571428571428,53.698571428571434,53.674285714285716,53.74142857142857,53.74142857142857,54.14714285714285,54.2775,54.3475,54.503750000000004]}}],"error":null}}}