{"update_time":"2024-12-08 12:27:34.712943","data":{"esgChart":{"result":[{"peerGroup":"Semiconductors","symbolSeries":{"timestamp":[1727740800,1730419200],"esgScore":[18.3,18.3],"governanceScore":[0.0,0.0],"environmentScore":[0.0,0.0],"socialScore":[0.0,0.0]},"peerSeries":{"timestamp":[1727740800,1730419200],"esgScore":[21.88161764705882,23.277606837606847],"governanceScore":[4.9688,5.421799999999999],"environmentScore":[6.8176,7.5316],"socialScore":[5.646800000000001,6.025]}}],"error":null}}}