{"update_time":"2024-10-21 12:15:34.504864","data":{"esgChart":{"result":[{"peerGroup":"Utilities","symbolSeries":{"timestamp":[1727740800],"esgScore":[47.29],"governanceScore":[0.0],"environmentScore":[0.0],"socialScore":[0.0]},"peerSeries":{"timestamp":[1727740800],"esgScore":[32.020416666666655],"governanceScore":[4.1530000000000005],"environmentScore":[7.5969999999999995],"socialScore":[8.447]}}],"error":null}}}