{"update_time":"2024-02-22 13:03:13.660183","data":{"esgChart":{"result":[{"peerGroup":"US Fund Technology","symbolSeries":{"timestamp":[1517443200,1519862400,1522540800,1525132800,1527811200,1530403200,1533081600,1535760000,1538352000],"esgScore":[52.37,51.52,52.71,51.32,51.2,51.17,50.93,51.14,51.36],"governanceScore":[53.76,53.52,53.26,49.73,49.46,49.34,49.34,49.41,49.35],"environmentScore":[56.71,56.43,56.12,54.89,54.74,54.68,54.89,55.04,54.89],"socialScore":[56.71,56.46,56.77,54.76,54.79,54.76,54.61,54.57,54.4]},"peerSeries":{"timestamp":[1517443200,1519862400,1522540800,1525132800,1527811200,1530403200,1533081600,1535760000,1538352000],"esgScore":[47.39933628318591,47.37903508771929,47.34978070175434,47.117292576419224,47.07181818181821,47.07383620689659,47.28208510638297,47.5592372881356,47.558291666666605],"governanceScore":[48.48309734513281,48.298289473684214,48.349561403508794,47.970305676855865,47.81155844155843,47.81866379310344,48.00348936170215,48.10330508474578,48.09929166666666],"environmentScore":[53.68823008849557,53.941228070175455,53.87285087719301,53.76497816593884,53.84108225108226,53.86120689655174,54.08463829787225,54.22173728813559,54.217458333333234],"socialScore":[53.9042477876107,54.18456140350881,54.12390350877203,53.99707423580782,54.00038961038957,54.00271551724137,54.14663829787236,54.183559322033915,54.23720833333332]}}],"error":null}}}