{"update_time":"2025-08-25 17:20:17.466971","data":{"esgChart":{"result":[{"peerGroup":"Consumer Durables","symbolSeries":{"timestamp":[1746057600,1748736000,1751328000,1754006400],"esgScore":[11.55,11.55,11.55,11.55],"governanceScore":[4.2,4.2,4.2,4.2],"environmentScore":[0.88,0.88,0.88,0.88],"socialScore":[6.47,6.47,6.47,6.47]},"peerSeries":{"timestamp":[1746057600,1748736000,1751328000,1754006400],"esgScore":[17.64577777777777,17.664408602150534,17.98548387096774,17.867362637362632],"governanceScore":[4.353947368421053,4.252702702702703,4.365675675675676,4.336388888888889],"environmentScore":[4.212894736842107,4.31810810810811,4.2586486486486494,4.136666666666667],"socialScore":[7.818421052631581,7.8529729729729745,8.151891891891895,8.046388888888892]}}],"error":null}}}