{"update_time":"2025-11-04 12:21:51.482349","data":{"esgChart":{"result":[{"peerGroup":"Consumer Durables","symbolSeries":{"timestamp":[1746057600,1748736000,1751328000,1754006400,1756684800,1759276800],"esgScore":[11.55,11.55,11.55,11.55,11.55,11.2],"governanceScore":[4.2,4.2,4.2,4.2,4.2,3.96],"environmentScore":[0.88,0.88,0.88,0.88,0.88,0.88],"socialScore":[6.47,6.47,6.47,6.47,6.47,6.36]},"peerSeries":{"timestamp":[1746057600,1748736000,1751328000,1754006400,1756684800,1759276800],"esgScore":[17.64577777777777,17.664408602150534,17.98548387096774,17.867362637362632,17.819890109890103,17.581666666666667],"governanceScore":[4.353947368421053,4.252702702702703,4.365675675675676,4.336388888888889,4.349428571428571,4.213823529411765],"environmentScore":[4.212894736842107,4.31810810810811,4.2586486486486494,4.136666666666667,4.416571428571429,4.517941176470588],"socialScore":[7.818421052631581,7.8529729729729745,8.151891891891895,8.046388888888892,8.278571428571428,8.024705882352942]}}],"error":null}}}