{"update_time":"2025-05-14 12:11:04.763567","data":{"esgChart":{"result":[{"peerGroup":"Consumer Durables","symbolSeries":{"timestamp":[1746057600],"esgScore":[11.55],"governanceScore":[4.2],"environmentScore":[0.88],"socialScore":[6.47]},"peerSeries":{"timestamp":[1746057600],"esgScore":[17.64577777777777],"governanceScore":[4.353947368421053],"environmentScore":[4.212894736842107],"socialScore":[7.818421052631581]}}],"error":null}}}