{"update_time":"2024-02-22 13:04:00.780886","data":{"esgChart":{"result":[{"peerGroup":"US Fund World Large Stock","symbolSeries":{"timestamp":[1538352000,1541030400,1543622400,1546300800,1548979200,1551398400,1554076800,1556668800,1559347200,1561939200,1564617600,1567296000,1569888000,1572566400,1575158400,1577836800,1580515200,1583020800,1585699200,1588291200,1590969600,1593561600,1596240000,1598918400,1601510400,1604188800,1606780800],"esgScore":[47.97,47.99,47.92,48.38,null,null,null,null,null,null,null,null,21.79,22.17,22.27,22.12,21.96,22.08,21.94,22.13,21.99,21.76,21.57,21.59,21.4,24.55,24.54],"governanceScore":[54.02,54.09,53.84,53.94,null,null,null,null,null,null,null,null,5.96,5.98,5.99,5.96,5.95,5.89,5.88,5.89,5.91,5.81,5.77,5.79,5.74,6.11,6.04],"environmentScore":[52.37,52.32,52.16,52.51,null,null,null,null,null,null,null,null,6.53,6.76,6.79,6.77,6.68,6.65,6.64,6.79,6.82,6.82,6.76,6.83,6.79,8.9,8.83],"socialScore":[51.49,51.46,51.22,51.56,null,null,null,null,null,null,null,null,7.91,7.92,7.96,7.89,7.83,7.96,7.93,7.97,7.97,7.88,7.79,7.83,7.72,8.71,8.67]},"peerSeries":{"timestamp":[1538352000,1541030400,1543622400,1546300800,1548979200,1551398400,1554076800,1556668800,1559347200,1561939200,1564617600,1567296000,1569888000,1572566400,1575158400,1577836800,1580515200,1583020800,1585699200,1588291200,1590969600,1593561600,1596240000,1598918400,1601510400,1604188800,1606780800],"esgScore":[48.7369897377422,48.735244444444504,48.677421451787644,48.73967776584331,null,47.68333333333334,47.88666666666668,47.917142857142856,50.53,47.505,48.73,23.803410852713164,23.541202672605856,24.137249724972488,24.07423286180636,23.989793926247305,23.83925243770317,23.601574375678666,23.50324295010844,23.386168831168884,23.16572043010748,22.97626218851573,22.732736156351777,22.58971584699454,22.489586056644896,22.242521739130424,22.142723311546824],"governanceScore":[52.52786773090071,52.46722222222222,52.43692307692295,52.482363050483414,null,52.096666666666664,52.81666666666666,52.15428571428571,52.14,53.12500000000001,52.076666666666675,8.38627906976744,8.324248878923756,8.107873754152811,8.08230010952902,8.075152838427933,8.058280739934734,8.005561613958543,7.995740740740735,7.948358695652168,7.853196544276448,7.752379912663762,7.7000109409190145,7.637618522601965,7.61775824175822,7.5638925438596525,7.533960396039596],"environmentScore":[55.594982896237134,55.53593333333335,55.487800650054076,55.51887218045109,null,54.723333333333336,55.61666666666667,54.80142857142858,54.8,56.17,57.03333333333333,4.320465116279069,4.400885650224212,4.570653377630115,4.529156626506012,4.4863209606986905,4.4137758433079455,4.207709923664125,4.150370370370367,4.115923913043491,4.085053995680341,4.07362445414847,4.044431072210055,3.997199558985676,3.9843076923076928,3.933892543859643,3.9284158415841635],"socialScore":[54.458141391106054,54.555155555555444,54.5435427952329,54.5563265306123,null,53.87833333333333,54.57,54.06,53.745000000000005,54.96,56.34,9.947751937984485,9.81585201793722,10.413621262458461,10.379101861993446,10.364879912663696,10.331730141458122,10.382584514721911,10.420326797385613,10.38601086956522,10.25631749460042,10.15306768558953,9.991794310722094,9.90854465270121,9.850384615384616,9.697072368421049,9.597843784378412]}}],"error":null}}}