{"update_time":"2024-02-22 13:04:24.345326","data":{"esgChart":{"result":[{"peerGroup":"US Fund China Region","symbolSeries":{"timestamp":[1572566400,1575158400,1577836800,1580515200,1583020800,1585699200,1588291200,1590969600,1593561600,1596240000,1598918400,1601510400,1604188800,1606780800],"esgScore":[36.52,36.04,35.91,35.68,36.07,35.8,35.71,null,36.36,36.38,36.44,36.26,36.22,36.75],"governanceScore":[0.0,0.0,0.0,0.0,0.0,0.0,0.0,null,0.0,0.0,0.0,0.0,0.0,0.0],"environmentScore":[0.0,0.0,0.0,0.0,0.0,0.0,0.0,null,0.0,0.0,0.0,0.0,0.0,0.0],"socialScore":[0.0,0.0,0.0,0.0,0.0,0.0,0.0,null,0.0,0.0,0.0,0.0,0.0,0.0]},"peerSeries":{"timestamp":[1572566400,1575158400,1577836800,1580515200,1583020800,1585699200,1588291200,1590969600,1593561600,1596240000,1598918400,1601510400,1604188800,1606780800],"esgScore":[28.61599999999999,28.829411764705895,28.7677,28.71599999999999,28.599000000000004,28.710000000000008,28.357669902912633,28.389166666666668,28.37527272727272,28.348636363636363,28.304999999999993,28.15776785714286,28.271607142857142,28.316260869565212],"governanceScore":[9.21365591397849,9.276947368421055,9.207789473684208,9.146,9.124361702127661,9.0276,8.917731958762882,8.825979381443295,8.731836734693879,8.727422680412369,8.758750000000001,8.71231481481482,8.721203703703708,8.713669724770645],"environmentScore":[5.64150537634409,5.726526315789478,5.628210526315789,5.674526315789472,5.547234042553187,5.556899999999997,5.510000000000002,5.349484536082473,5.277244897959186,5.209175257731962,5.254583333333334,5.233703703703707,5.3425,5.4764220183486225],"socialScore":[10.773655913978493,10.912842105263154,10.851894736842103,10.802105263157891,10.810106382978727,10.686199999999996,10.708762886597931,10.651546391752571,10.521326530612242,10.533195876288659,10.675416666666663,10.589351851851855,10.555925925925928,10.650183486238527]}}],"error":null}}}