{"update_time":"2024-02-22 13:04:36.186141","data":{"esgChart":{"result":[{"peerGroup":"US Fund China Region","symbolSeries":{"timestamp":[1527811200,1530403200,1533081600,1535760000,1538352000,1541030400,1543622400,1546300800,1548979200,1551398400,1554076800,1556668800,1559347200,1561939200,1564617600,1567296000,1569888000,1572566400,1575158400,1577836800,1580515200,1583020800,1585699200,1588291200,1590969600,1593561600,1596240000,1598918400,1601510400,1604188800,1606780800],"esgScore":[35.93,35.89,39.18,null,null,null,null,null,null,null,null,null,null,null,null,null,33.0,33.7,33.69,33.68,33.68,33.97,33.89,33.81,33.55,33.45,33.45,33.33,33.35,33.33,33.24],"governanceScore":[39.09,39.08,38.92,null,null,null,null,null,null,null,null,null,null,null,null,null,12.82,9.81,9.82,9.63,9.46,9.49,9.55,9.32,9.22,9.27,9.28,9.55,9.91,9.96,9.89],"environmentScore":[44.79,44.77,44.78,null,null,null,null,null,null,null,null,null,null,null,null,null,7.25,6.63,6.6,6.44,6.58,6.78,6.8,6.67,6.56,6.64,6.65,6.77,7.17,7.16,7.27],"socialScore":[43.8,43.74,43.61,null,null,null,null,null,null,null,null,null,null,null,null,null,12.44,11.42,11.42,11.21,11.22,11.4,11.44,11.21,11.18,11.2,11.2,11.55,11.96,11.89,11.9]},"peerSeries":{"timestamp":[1501545600,1504224000,1506816000,1509494400,1512086400,1514764800,1517443200,1519862400,1522540800,1525132800,1527811200,1530403200,1533081600,1535760000,1538352000,1541030400,1543622400,1546300800,1548979200,1551398400,1554076800,1556668800,1559347200,1561939200,1564617600,1567296000,1569888000,1572566400,1575158400,1577836800,1580515200,1583020800,1585699200,1588291200,1590969600,1593561600,1596240000,1598918400,1601510400,1604188800,1606780800],"esgScore":[42.02511111111112,41.90021276595744,42.19765957446808,42.373191489361695,42.4527659574468,42.60127659574469,42.07333333333333,41.75137931034482,41.69448275862068,41.60386363636363,41.46584269662922,41.29741935483872,41.76284090909092,42.082650602409664,42.4405194805195,42.10285714285719,41.734468085106414,41.73829787234042,null,null,null,null,null,null,null,26.532222222222217,28.557999999999996,28.61599999999999,28.829411764705895,28.7677,28.71599999999999,28.599000000000004,28.710000000000008,28.357669902912633,28.389166666666668,28.37527272727272,28.348636363636363,28.304999999999993,28.15776785714286,28.271607142857142,28.316260869565212],"governanceScore":[43.474222222222224,43.89319148936171,44.18595744680851,44.570638297872335,44.70319148936171,44.96638297872341,44.50482758620689,44.31068965517241,44.31597701149424,44.275568181818194,44.15404494382022,43.11741935483869,43.363181818181815,44.24096385542169,44.45012987012987,44.056428571428576,43.61074468085107,43.44734042553192,null,null,null,null,null,null,null,9.65625,9.938505747126435,9.21365591397849,9.276947368421055,9.207789473684208,9.146,9.124361702127661,9.0276,8.917731958762882,8.825979381443295,8.731836734693879,8.727422680412369,8.758750000000001,8.71231481481482,8.721203703703708,8.713669724770645],"environmentScore":[48.176222222222236,47.7455319148936,47.912765957446794,48.164893617021285,48.18531914893616,48.20489361702129,47.67149425287357,47.5293103448276,47.35103448275863,47.30181818181818,47.210674157303394,46.168064516129064,46.534772727272745,47.90397590361445,48.20415584415585,47.96869047619049,47.40404255319147,47.17159574468084,null,null,null,null,null,null,null,5.854999999999999,5.798390804597701,5.64150537634409,5.726526315789478,5.628210526315789,5.674526315789472,5.547234042553187,5.556899999999997,5.510000000000002,5.349484536082473,5.277244897959186,5.209175257731962,5.254583333333334,5.233703703703707,5.3425,5.4764220183486225],"socialScore":[46.392888888888876,46.3168085106383,46.84638297872341,46.8495744680851,46.83659574468086,46.864680851063824,46.786666666666676,46.5009195402299,46.31666666666667,46.21022727272726,46.08438202247189,45.06182795698924,45.49488636363637,46.787349397590376,47.03025974025977,46.751071428571464,46.51446808510638,46.46468085106381,null,null,null,null,null,null,null,9.7275,10.512988505747128,10.773655913978493,10.912842105263154,10.851894736842103,10.802105263157891,10.810106382978727,10.686199999999996,10.708762886597931,10.651546391752571,10.521326530612242,10.533195876288659,10.675416666666663,10.589351851851855,10.555925925925928,10.650183486238527]}}],"error":null}}}