{"update_time":"2024-12-11 12:11:10.018881","data":{"esgChart":{"result":[{"peerGroup":"Energy Services","symbolSeries":{"timestamp":[1730419200,1733011200],"esgScore":[27.81,27.81],"governanceScore":[0.0,0.0],"environmentScore":[0.0,0.0],"socialScore":[0.0,0.0]},"peerSeries":{"timestamp":[1730419200,1733011200],"esgScore":[26.053661971830977,26.220422535211256],"governanceScore":[6.088333333333332,6.0929166666666665],"environmentScore":[9.1925,9.236666666666666],"socialScore":[7.949583333333333,7.981666666666666]}}],"error":null}}}