{"update_time":"2025-11-04 12:23:16.479315","data":{"esgChart":{"result":[{"peerGroup":"Steel","symbolSeries":{"timestamp":[1746057600,1748736000,1751328000,1754006400,1756684800,1759276800],"esgScore":[36.49,36.49,36.32,36.32,36.32,35.44],"governanceScore":[5.57,5.57,5.57,5.57,5.57,5.57],"environmentScore":[18.52,18.52,18.35,18.35,18.35,18.02],"socialScore":[12.39,12.39,12.39,12.39,12.39,11.85]},"peerSeries":{"timestamp":[1746057600,1748736000,1751328000,1754006400,1756684800,1759276800],"esgScore":[34.42857142857143,34.428000000000004,34.48306122448979,34.188125,34.33666666666667,33.43708333333333],"governanceScore":[5.193333333333334,5.333750000000001,5.374782608695654,5.394583333333334,5.434782608695653,5.262173913043478],"environmentScore":[13.24875,13.347916666666668,13.047391304347824,13.333333333333334,13.23608695652174,13.083913043478262],"socialScore":[10.864166666666664,10.835416666666665,10.905652173913042,10.649166666666664,10.267391304347827,9.751739130434782]}}],"error":null}}}