{"update_time":"2025-05-13 12:32:44.947360","data":{"esgChart":{"result":[{"peerGroup":"Steel","symbolSeries":{"timestamp":[1746057600],"esgScore":[36.49],"governanceScore":[5.57],"environmentScore":[18.52],"socialScore":[12.39]},"peerSeries":{"timestamp":[1746057600],"esgScore":[34.42857142857143],"governanceScore":[5.193333333333334],"environmentScore":[13.24875],"socialScore":[10.864166666666664]}}],"error":null}}}