{"update_time":"2024-12-08 12:31:58.857400","data":{"esgChart":{"result":[{"peerGroup":"Telecommunication Services","symbolSeries":{"timestamp":[1727740800,1730419200],"esgScore":[32.51,32.51],"governanceScore":[0.0,0.0],"environmentScore":[0.0,0.0],"socialScore":[0.0,0.0]},"peerSeries":{"timestamp":[1727740800,1730419200],"esgScore":[30.16263157894737,24.555],"governanceScore":[6.055,5.281896551724136],"environmentScore":[5.7316666666666665,4.940172413793102],"socialScore":[12.553333333333335,10.787413793103452]}}],"error":null}}}