{"update_time":"2024-12-16 12:59:48.619388","data":{"esgChart":{"result":[{"peerGroup":"Auto Components","symbolSeries":{"timestamp":[1733011200],"esgScore":[18.92],"governanceScore":[0.0],"environmentScore":[0.0],"socialScore":[0.0]},"peerSeries":{"timestamp":[1733011200],"esgScore":[18.976511627906973],"governanceScore":[5.750882352941174],"environmentScore":[4.438529411764706],"socialScore":[5.923529411764704]}}],"error":null}}}