{"update_time":"2025-11-04 12:24:47.342234","data":{"esgChart":{"result":[{"peerGroup":"EAA CE Asia-Pacific ex-Japan Equity","symbolSeries":{"timestamp":[1517443200,1519862400,1522540800,1525132800,1527811200,1530403200,1533081600,1535760000,1538352000,1541030400],"esgScore":[49.59,49.59,50.25,50.9,50.37,50.37,49.65,49.8,49.8,49.81],"governanceScore":[48.83,48.83,49.01,49.79,49.4,49.4,48.86,48.91,48.91,49.38],"environmentScore":[52.08,52.08,52.72,53.98,53.43,53.43,52.72,52.91,52.91,52.64],"socialScore":[49.3,49.3,49.67,50.77,50.07,50.07,49.64,50.18,50.18,50.31]},"peerSeries":{"timestamp":[1517443200,1519862400,1522540800,1525132800,1527811200,1530403200,1533081600,1535760000,1538352000,1541030400],"esgScore":[45.655,45.709999999999994,45.9225,45.98,45.785,45.785,45.2425,45.045,44.947500000000005,44.835],"governanceScore":[49.747499999999995,49.7975,50.214999999999996,50.64,50.5125,50.5125,50.64,50.2625,50.2625,50.2825],"environmentScore":[52.73,52.875,53.2825,53.6825,53.43,53.43,52.9825,52.83,52.5275,52.472500000000004],"socialScore":[50.0275,50.10249999999999,50.29,50.790000000000006,50.574999999999996,50.574999999999996,50.237500000000004,50.375,50.105,50.28]}}],"error":null}}}