{"update_time":"2024-12-16 13:01:28.021216","data":{"esgChart":{"result":[{"peerGroup":"Aerospace & Defense","symbolSeries":{"timestamp":[1727740800,1730419200,1733011200],"esgScore":[42.81,42.81,42.81],"governanceScore":[0.0,0.0,0.0],"environmentScore":[0.0,0.0,0.0],"socialScore":[0.0,0.0,0.0]},"peerSeries":{"timestamp":[1727740800,1730419200,1733011200],"esgScore":[35.79636363636364,32.22622950819671,32.6855737704918],"governanceScore":[7.7875,5.868750000000001,5.837500000000001],"environmentScore":[7.9025,8.670999999999998,8.938999999999998],"socialScore":[16.3125,14.9845,15.023999999999997]}}],"error":null}}}