{"update_time":"2025-03-28 12:29:45.051844","data":{"esgChart":{"result":[{"peerGroup":"Machinery","symbolSeries":{"timestamp":[1730419200,1733011200,1735689600,1738368000,1740787200],"esgScore":[31.8,31.8,31.8,31.8,37.57],"governanceScore":[5.81,5.81,5.81,5.81,6.85],"environmentScore":[9.06,9.06,9.06,9.06,15.24],"socialScore":[16.93,16.93,16.93,16.93,15.48]},"peerSeries":{"timestamp":[1730419200,1733011200,1735689600,1738368000,1740787200],"esgScore":[26.047604562737625,26.77321969696968,27.151791044776107,27.391152416356864,27.747777777777767],"governanceScore":[5.495258620689656,5.507777777777777,5.537226890756303,5.534033613445378,5.527499999999999],"environmentScore":[7.634913793103447,7.945811965811965,8.234453781512604,8.474705882352943,8.755333333333335],"socialScore":[10.773534482758619,10.801965811965811,10.77210084033613,10.717226890756297,10.650749999999997]}}],"error":null}}}