{"update_time":"2025-05-13 12:34:06.163048","data":{"esgChart":{"result":[{"peerGroup":"Transportation","symbolSeries":{"timestamp":[1727740800,1730419200,1733011200,1735689600,1738368000,1740787200,1743465600],"esgScore":[23.55,23.55,23.55,23.55,23.55,23.55,22.77],"governanceScore":[0.0,0.0,0.0,0.0,0.0,0.0,0.0],"environmentScore":[0.0,0.0,0.0,0.0,0.0,0.0,0.0],"socialScore":[0.0,0.0,0.0,0.0,0.0,0.0,0.0]},"peerSeries":{"timestamp":[1727740800,1730419200,1733011200,1735689600,1738368000,1740787200,1743465600],"esgScore":[24.091428571428565,22.98057471264368,23.052080924855492,23.016358381502894,23.018908045977017,23.00791907514451,23.029195402298853],"governanceScore":[4.704000000000001,5.127553191489362,5.114893617021278,5.092021276595745,5.082315789473685,5.07247311827957,5.043368421052632],"environmentScore":[6.514,7.5640425531914905,7.58648936170213,7.490957446808512,7.454526315789474,7.411720430107526,7.355578947368422],"socialScore":[8.556000000000001,9.61404255319149,9.621063829787236,9.630212765957449,9.688421052631579,9.615376344086021,9.614842105263158]}}],"error":null}}}