{"update_time":"2025-04-04 12:34:57.129449","data":{"esgChart":{"result":[{"peerGroup":"Precious Metals","symbolSeries":{"timestamp":[1733011200,1735689600,1738368000,1740787200],"esgScore":[34.06,34.06,34.06,34.06],"governanceScore":[3.63,3.63,3.63,3.63],"environmentScore":[13.61,13.61,13.61,13.61],"socialScore":[16.81,16.81,16.81,16.81]},"peerSeries":{"timestamp":[1733011200,1735689600,1738368000,1740787200],"esgScore":[32.26561797752808,32.322471910112334,32.2235227272727,32.41873563218388],"governanceScore":[5.0992592592592585,5.1285185185185185,5.004339622641509,5.039107142857142],"environmentScore":[12.408888888888885,12.468888888888886,12.378490566037735,12.730178571428567],"socialScore":[10.789814814814811,10.858518518518515,10.744905660377352,11.07839285714285]}}],"error":null}}}