{"update_time":"2024-12-16 13:01:41.864499","data":{"esgChart":{"result":[{"peerGroup":"Precious Metals","symbolSeries":{"timestamp":[1733011200],"esgScore":[34.06],"governanceScore":[3.63],"environmentScore":[13.61],"socialScore":[16.81]},"peerSeries":{"timestamp":[1733011200],"esgScore":[32.26561797752808],"governanceScore":[5.0992592592592585],"environmentScore":[12.408888888888885],"socialScore":[10.789814814814811]}}],"error":null}}}