{"update_time":"2025-02-15 12:25:20.127040","data":{"esgChart":{"result":[{"peerGroup":"Precious Metals","symbolSeries":{"timestamp":[1733011200,1735689600,1738368000],"esgScore":[34.06,34.06,34.06],"governanceScore":[3.63,3.63,3.63],"environmentScore":[13.61,13.61,13.61],"socialScore":[16.81,16.81,16.81]},"peerSeries":{"timestamp":[1733011200,1735689600,1738368000],"esgScore":[32.26561797752808,32.322471910112334,32.2235227272727],"governanceScore":[5.0992592592592585,5.1285185185185185,5.004339622641509],"environmentScore":[12.408888888888885,12.468888888888886,12.378490566037735],"socialScore":[10.789814814814811,10.858518518518515,10.744905660377352]}}],"error":null}}}