{"update_time":"2024-02-22 13:08:32.119556","data":{"esgChart":{"result":[{"peerGroup":"US Fund Large Blend","symbolSeries":{"timestamp":[1533081600,1535760000,1538352000,1541030400,1543622400,1546300800,1548979200,1551398400,1554076800,1556668800,1559347200,1561939200,1564617600,1567296000,1569888000,1572566400,1575158400,1577836800,1580515200,1583020800,1585699200,1588291200,1590969600,1593561600,1596240000,1598918400,1601510400,1604188800,1606780800],"esgScore":[42.74,42.04,42.05,41.97,41.99,42.32,null,null,null,null,null,null,null,null,24.64,24.55,24.55,24.53,24.24,24.0,23.8,24.47,24.29,24.15,23.93,23.88,23.83,22.99,22.82],"governanceScore":[50.73,50.32,50.24,50.18,49.87,49.76,null,null,null,null,null,null,null,null,8.06,7.58,7.55,7.51,7.86,7.68,7.71,7.76,7.74,7.69,7.61,7.56,7.61,7.42,7.45],"environmentScore":[48.32,46.97,46.95,46.85,47.25,47.32,null,null,null,null,null,null,null,null,5.4,5.69,5.77,5.81,5.17,5.18,5.13,4.35,4.25,4.15,4.56,4.57,4.53,4.63,4.56],"socialScore":[46.45,45.57,45.6,45.48,46.03,46.39,null,null,null,null,null,null,null,null,9.14,9.47,9.41,9.4,9.51,9.55,9.66,10.47,10.47,10.4,9.81,9.81,9.71,9.9,9.85]},"peerSeries":{"timestamp":[1533081600,1535760000,1538352000,1541030400,1543622400,1546300800,1548979200,1551398400,1554076800,1556668800,1559347200,1561939200,1564617600,1567296000,1569888000,1572566400,1575158400,1577836800,1580515200,1583020800,1585699200,1588291200,1590969600,1593561600,1596240000,1598918400,1601510400,1604188800,1606780800],"esgScore":[46.291493775933446,46.379210706931985,46.34083108108106,46.32134915254222,46.284275067750706,46.34635935397049,46.00666666666666,46.464999999999996,47.164,47.24166666666667,46.27333333333333,46.32714285714286,46.61,24.075000000000006,23.861396125584495,24.356287827841214,24.34882978723408,24.24018641810924,24.009718498659566,23.69669127516769,23.590822281167018,23.47199602122014,23.274101049868648,23.155226526592198,22.836482444733374,22.641297872340502,22.58648591549294,22.188679378531056,22.15935906271541],"governanceScore":[50.884280774550625,50.95357584076864,50.9322837837838,50.87587118644084,50.79960027100291,50.804851951547825,50.68333333333334,50.495,51.082,51.15833333333333,50.31333333333333,50.83428571428571,50.17999999999999,8.284395604395607,8.251303475935812,8.057079407806224,8.032654690618761,8.014727030625853,7.989805630026828,7.945302013422862,7.946463171864632,7.889913678618859,7.818574244415249,7.77296710526313,7.722221498371343,7.62830725462301,7.6177037562012755,7.5505543710021055,7.543493723849385],"environmentScore":[54.92187413554623,54.90481811942352,54.80987837837829,54.67199322033905,54.56320460704592,54.56582772543763,53.61666666666667,55.400000000000006,55.858000000000004,53.48499999999999,56.096666666666664,53.96142857142858,54.4275,4.649835164835163,4.497346256684497,4.561884253028272,4.556460412508345,4.508848202396815,4.392091152815023,4.124409395973154,4.046078301260798,4.030604249667994,4.000387647831776,3.9620394736842077,3.8972833876221467,3.8914793741109435,3.8970659107016288,3.838727789623308,3.810376569037646],"socialScore":[52.60134854771783,52.59768016472226,52.573466216216076,52.6206779661016,52.57947154471542,52.6086137281293,52.03,52.449999999999996,53.754000000000005,51.94666666666666,53.93333333333334,52.405714285714296,52.004999999999995,10.46434065934065,10.451557486630993,11.055053835800809,11.075003326679946,11.033215712383447,10.985355227882005,11.037040268456405,11.053490378234919,11.019926958831306,10.902917214191847,10.838309210526333,10.621622149837119,10.511024182076799,10.441452870304772,10.153255152807422,10.119211994421233]}}],"error":null}}}