{"update_time":"2024-02-22 13:08:43.932987","data":{"esgChart":{"result":[{"peerGroup":"Australia Fund Equity Australia Large Blend","symbolSeries":{"timestamp":[1517443200,1519862400,1522540800,1525132800,1527811200,1530403200,1533081600,1535760000,1538352000],"esgScore":[57.81,57.81,57.99,58.17,58.17,58.17,57.67,57.61,57.61],"governanceScore":[60.74,60.74,60.66,60.78,60.78,60.78,60.05,60.05,60.05],"environmentScore":[54.31,54.31,54.55,54.87,54.87,54.87,54.64,54.74,54.74],"socialScore":[56.61,56.61,56.91,57.18,57.18,57.18,56.74,56.63,56.63]},"peerSeries":{"timestamp":[1517443200,1519862400,1522540800,1525132800,1527811200,1530403200,1533081600,1535760000,1538352000],"esgScore":[52.9478947368421,52.9821052631579,52.635789473684206,52.60947368421052,52.59842105263158,52.60210526315789,52.182631578947365,52.19578947368421,51.8855],"governanceScore":[60.74210526315789,60.84684210526316,60.76894736842106,60.73684210526314,60.466315789473676,60.47263157894736,60.04315789473684,60.0978947368421,59.9145],"environmentScore":[54.78894736842106,54.78157894736843,54.86052631578948,55.098947368421044,55.17526315789473,55.18631578947368,55.194736842105264,55.20157894736842,55.37449999999999],"socialScore":[56.973684210526315,57.06263157894737,57.21736842105264,57.369473684210526,57.40789473684212,57.40789473684212,56.94842105263159,56.79315789473684,56.588999999999984]}}],"error":null}}}