{"update_time":"2025-11-04 12:27:47.507426","data":{"esgChart":{"result":[{"peerGroup":"Healthcare","symbolSeries":{"timestamp":[1730419200,1733011200,1735689600,1738368000,1740787200,1743465600,1746057600,1748736000,1751328000,1754006400,1756684800,1759276800],"esgScore":[23.66,23.66,23.66,23.66,23.66,23.66,23.66,23.66,23.66,24.04,24.04,23.49],"governanceScore":[0.0,0.0,0.0,0.0,0.0,0.0,0.0,0.0,0.0,0.0,0.0,0.0],"environmentScore":[0.0,0.0,0.0,0.0,0.0,0.0,0.0,0.0,0.0,0.0,0.0,0.0],"socialScore":[0.0,0.0,0.0,0.0,0.0,0.0,0.0,0.0,0.0,0.0,0.0,0.0]},"peerSeries":{"timestamp":[1730419200,1733011200,1735689600,1738368000,1740787200,1743465600,1746057600,1748736000,1751328000,1754006400,1756684800,1759276800],"esgScore":[23.63607142857143,23.61544262295082,23.609477124183005,23.636372549019608,23.65124590163935,23.711067961165043,23.722990033222594,23.75258899676375,23.813818770226533,23.815015974440886,23.839584664536734,23.455175718849844],"governanceScore":[6.38878260869565,6.38086956521739,6.289572649572649,6.276581196581196,6.266293103448275,6.230336134453781,6.149249999999999,6.071393442622953,5.950940170940173,5.950000000000004,5.916440677966105,5.703813559322033],"environmentScore":[2.653217391304347,2.6531304347826072,2.635213675213674,2.6327350427350416,2.6438793103448255,2.639663865546216,2.626333333333332,2.5986885245901616,2.586923076923076,2.567647058823529,2.593305084745763,2.637796610169491],"socialScore":[12.468869565217396,12.473913043478264,12.402136752136753,12.395470085470087,12.34129310344828,12.37243697478992,12.295083333333338,12.19631147540984,12.068632478632482,11.897394957983195,11.769491525423728,11.337627118644061]}}],"error":null}}}