{"update_time":"2024-12-11 12:11:12.278168","data":{"esgChart":{"result":[{"peerGroup":"Chemicals","symbolSeries":{"timestamp":[1730419200,1733011200],"esgScore":[22.72,22.72],"governanceScore":[5.76,5.76],"environmentScore":[12.02,12.02],"socialScore":[4.94,4.94]},"peerSeries":{"timestamp":[1730419200,1733011200],"esgScore":[28.19076086956522,28.28934426229508],"governanceScore":[5.159374999999999,5.137083333333332],"environmentScore":[13.540104166666667,13.74072916666667],"socialScore":[6.123437499999999,6.130937499999999]}}],"error":null}}}