{"update_time":"2024-12-04 12:11:11.559361","data":{"esgChart":{"result":[{"peerGroup":"Pharmaceuticals","symbolSeries":{"timestamp":[1730419200],"esgScore":[16.6],"governanceScore":[3.76],"environmentScore":[1.68],"socialScore":[11.15]},"peerSeries":{"timestamp":[1730419200],"esgScore":[27.172400793650795],"governanceScore":[6.379929577464789],"environmentScore":[2.1654929577464794],"socialScore":[13.70514084507042]}}],"error":null}}}