{"update_time":"2024-12-19 12:11:32.515636","data":{"esgChart":{"result":[{"peerGroup":"Pharmaceuticals","symbolSeries":{"timestamp":[1730419200,1733011200],"esgScore":[16.6,16.6],"governanceScore":[3.76,3.76],"environmentScore":[1.68,1.68],"socialScore":[11.15,11.15]},"peerSeries":{"timestamp":[1730419200,1733011200],"esgScore":[27.172400793650795,27.936449704142003],"governanceScore":[6.379929577464789,6.366111111111112],"environmentScore":[2.1654929577464794,2.2250000000000005],"socialScore":[13.70514084507042,13.6425]}}],"error":null}}}