{"update_time":"2025-02-11 12:10:48.370661","data":{"esgChart":{"result":[{"peerGroup":"Building Products","symbolSeries":{"timestamp":[1730419200,1733011200,1735689600,1738368000],"esgScore":[19.72,19.72,19.72,19.72],"governanceScore":[3.22,3.22,3.22,3.22],"environmentScore":[10.57,10.57,10.57,10.57],"socialScore":[5.94,5.94,5.94,5.94]},"peerSeries":{"timestamp":[1730419200,1733011200,1735689600,1738368000],"esgScore":[23.676119402985083,23.807462686567177,23.877014925373143,23.89132352941177],"governanceScore":[5.2078125,5.220625000000001,5.196250000000001,5.165937500000001],"environmentScore":[9.87,9.960625,10.0496875,10.219375],"socialScore":[5.682812499999999,5.675624999999999,5.637187499999999,5.644687499999999]}}],"error":null}}}