{"update_time":"2025-05-13 12:36:41.091070","data":{"esgChart":{"result":[{"peerGroup":"Utilities","symbolSeries":{"timestamp":[1727740800,1730419200,1733011200],"esgScore":[11.81,11.81,11.81],"governanceScore":[1.45,1.45,1.45],"environmentScore":[5.8,5.8,5.8],"socialScore":[4.56,4.56,4.56]},"peerSeries":{"timestamp":[1727740800,1730419200,1733011200],"esgScore":[33.97648648648649,27.886468085106358,27.956751054852298],"governanceScore":[4.183333333333334,5.0064968152866225,4.996962025316454],"environmentScore":[7.165,10.325796178343946,10.282088607594934],"socialScore":[9.004999999999999,9.850700636942678,9.863291139240507]}}],"error":null}}}