{"update_time":"2025-11-04 12:29:26.404726","data":{"esgChart":{"result":[{"peerGroup":"Consumer Durables","symbolSeries":{"timestamp":[1730419200,1733011200,1735689600,1738368000,1740787200,1743465600,1746057600,1748736000],"esgScore":[11.04,11.04,11.04,11.04,11.04,11.04,10.62,10.62],"governanceScore":[0.9,0.9,0.9,0.9,0.9,0.9,0.85,0.85],"environmentScore":[5.67,5.67,5.67,5.67,5.67,5.67,5.89,5.89],"socialScore":[4.48,4.48,4.48,4.48,4.48,4.48,3.88,3.88]},"peerSeries":{"timestamp":[1730419200,1733011200,1735689600,1738368000,1740787200,1743465600,1746057600,1748736000],"esgScore":[16.831734693877547,17.01587628865979,17.242315789473675,17.331157894736837,17.3198947368421,17.46231578947368,17.64577777777777,17.664408602150534],"governanceScore":[4.296571428571428,4.228571428571429,4.231142857142856,4.251142857142857,4.325277777777777,4.350540540540541,4.353947368421053,4.252702702702703],"environmentScore":[4.137428571428571,4.166857142857142,4.2137142857142855,4.2137142857142855,4.33138888888889,4.275675675675677,4.212894736842107,4.31810810810811],"socialScore":[7.659428571428571,7.660857142857143,7.6902857142857135,7.680285714285713,7.765833333333331,7.804864864864864,7.818421052631581,7.8529729729729745]}}],"error":null}}}