{"update_time":"2024-12-04 12:11:12.403775","data":{"esgChart":{"result":[{"peerGroup":"Consumer Durables","symbolSeries":{"timestamp":[1730419200],"esgScore":[11.04],"governanceScore":[0.9],"environmentScore":[5.67],"socialScore":[4.48]},"peerSeries":{"timestamp":[1730419200],"esgScore":[16.831734693877547],"governanceScore":[4.296571428571428],"environmentScore":[4.137428571428571],"socialScore":[7.659428571428571]}}],"error":null}}}