{"update_time":"2025-02-11 12:10:50.067582","data":{"esgChart":{"result":[{"peerGroup":"Consumer Durables","symbolSeries":{"timestamp":[1730419200,1733011200,1735689600,1738368000],"esgScore":[11.04,11.04,11.04,11.04],"governanceScore":[0.9,0.9,0.9,0.9],"environmentScore":[5.67,5.67,5.67,5.67],"socialScore":[4.48,4.48,4.48,4.48]},"peerSeries":{"timestamp":[1730419200,1733011200,1735689600,1738368000],"esgScore":[16.831734693877547,17.01587628865979,17.242315789473675,17.331157894736837],"governanceScore":[4.296571428571428,4.228571428571429,4.231142857142856,4.251142857142857],"environmentScore":[4.137428571428571,4.166857142857142,4.2137142857142855,4.2137142857142855],"socialScore":[7.659428571428571,7.660857142857143,7.6902857142857135,7.680285714285713]}}],"error":null}}}