{"update_time":"2024-10-03 13:17:16.855592","data":{"esgChart":{"result":[{"peerGroup":"Containers & Packaging","symbolSeries":{"timestamp":[1651363200,1654041600,1656633600,1659312000,1661990400,1664582400,1667260800,1669852800,1672531200,1675209600,1677628800,1680307200,1682899200,1685577600,1688169600,1690848000,1693526400],"esgScore":[10.94,null,null,10.94,null,null,null,null,10.81,null,null,null,null,null,null,null,12.1],"governanceScore":[3.92,null,null,3.92,null,null,null,null,3.79,null,null,null,null,null,null,null,3.74],"environmentScore":[5.92,null,null,5.92,null,null,null,null,5.92,null,null,null,null,null,null,null,7.6],"socialScore":[1.11,null,null,1.11,null,null,null,null,1.11,null,null,null,null,null,null,null,0.76]},"peerSeries":{"timestamp":[1651363200,1654041600,1656633600,1659312000,1661990400,1664582400,1667260800,1669852800,1672531200,1675209600,1677628800,1680307200,1682899200,1685577600,1688169600,1690848000,1693526400],"esgScore":[15.514545454545457,null,null,15.522727272727273,15.435454545454546,15.438181818181818,15.510909090909092,15.938333333333333,15.43909090909091,15.83,15.83,15.193333333333333,null,null,null,null,15.97272727272727],"governanceScore":[3.578181818181818,null,null,3.560909090909091,3.458181818181818,3.4527272727272726,3.382727272727273,3.438333333333334,3.3936363636363636,3.4600000000000004,3.4600000000000004,3.4549999999999996,null,null,null,null,3.3490909090909087],"environmentScore":[10.632727272727273,null,null,10.664545454545454,10.68,10.68909090909091,10.837272727272726,11.246666666666664,10.764545454545454,11.113333333333335,11.113333333333335,10.524999999999999,null,null,null,null,11.41727272727273],"socialScore":[1.3036363636363635,null,null,1.2999999999999998,1.2999999999999998,1.2999999999999998,1.2972727272727271,1.2616666666666667,1.2863636363636364,1.2616666666666667,1.2616666666666667,1.215,null,null,null,null,1.2063636363636365]}}],"error":null}}}