{"update_time":"2025-11-04 12:30:23.615350","data":{"esgChart":{"result":[{"peerGroup":"Containers & Packaging","symbolSeries":{"timestamp":[1651363200,1654041600,1656633600,1659312000,1661990400,1664582400,1667260800,1669852800,1672531200,1675209600,1677628800,1680307200,1682899200,1685577600,1688169600,1690848000,1693526400,1696118400,1698796800,1701388800,1704067200,1706745600,1709251200,1711929600,1714521600,1717200000,1719792000,1722470400,1725148800,1727740800,1730419200,1733011200,1735689600,1738368000,1740787200,1743465600,1746057600,1748736000,1751328000,1754006400,1756684800,1759276800],"esgScore":[10.94,null,null,10.94,null,null,null,null,10.81,null,null,null,null,null,null,null,12.1,null,null,null,null,null,null,null,null,null,null,null,null,null,10.31,10.31,10.31,13.06,13.06,13.58,13.58,14.06,14.06,14.06,14.06,13.98],"governanceScore":[3.92,null,null,3.92,null,null,null,null,3.79,null,null,null,null,null,null,null,3.74,null,null,null,null,null,null,null,null,null,null,null,null,null,2.01,2.01,2.01,2.04,2.04,2.04,2.04,2.04,2.04,2.04,2.04,2.04],"environmentScore":[5.92,null,null,5.92,null,null,null,null,5.92,null,null,null,null,null,null,null,7.6,null,null,null,null,null,null,null,null,null,null,null,null,null,7.48,7.48,7.48,10.13,10.13,10.65,10.65,11.13,11.13,11.13,11.13,11.04],"socialScore":[1.11,null,null,1.11,null,null,null,null,1.11,null,null,null,null,null,null,null,0.76,null,null,null,null,null,null,null,null,null,null,null,null,null,0.82,0.82,0.82,0.89,0.89,0.89,0.89,0.89,0.89,0.89,0.89,0.89]},"peerSeries":{"timestamp":[1651363200,1654041600,1656633600,1659312000,1661990400,1664582400,1667260800,1669852800,1672531200,1675209600,1677628800,1680307200,1682899200,1685577600,1688169600,1690848000,1693526400,1696118400,1698796800,1701388800,1704067200,1706745600,1709251200,1711929600,1714521600,1717200000,1719792000,1722470400,1725148800,1727740800,1730419200,1733011200,1735689600,1738368000,1740787200,1743465600,1746057600,1748736000,1751328000,1754006400,1756684800,1759276800],"esgScore":[15.87,null,null,15.87,15.87,15.87,15.87,15.87,15.87,16.01,16.01,16.27,null,null,null,null,17.61,null,null,null,null,null,null,null,null,null,null,null,null,21.43285714285714,17.53909090909091,17.616136363636368,17.663409090909088,17.892558139534884,18.178571428571427,18.21439024390244,17.759736842105262,17.784210526315793,17.68948717948718,17.633333333333333,17.62410256410256,17.499487179487176],"governanceScore":[3.07,null,null,3.07,3.07,3.07,3.07,3.07,3.07,3.2,3.2,3.2,null,null,null,null,3.18,null,null,null,null,null,null,null,null,null,null,null,null,2.77,2.822000000000001,2.8063333333333342,2.785333333333334,2.8224137931034496,2.845172413793104,2.852413793103449,2.8600000000000008,2.81962962962963,2.832592592592593,2.81,2.7725000000000004,2.7746428571428576],"environmentScore":[12.11,null,null,12.11,12.11,12.11,12.11,12.11,12.11,12.11,12.11,12.37,null,null,null,null,13.55,null,null,null,null,null,null,null,null,null,null,null,null,20.1,11.943666666666667,11.930333333333332,11.944999999999999,12.243103448275862,12.665172413793103,12.647241379310346,12.566785714285714,12.805925925925926,12.760370370370369,12.969999999999999,13.001428571428571,12.879285714285713],"socialScore":[0.69,null,null,0.69,0.69,0.69,0.69,0.69,0.69,0.69,0.69,0.69,null,null,null,null,0.88,null,null,null,null,null,null,null,null,null,null,null,null,1.63,1.2806666666666666,1.2846666666666664,1.3259999999999996,1.308620689655172,1.3234482758620687,1.3682758620689652,1.3817857142857137,1.4074074074074068,1.4151851851851847,1.4271428571428573,1.42,1.4067857142857143]}}],"error":null}}}