{"update_time":"2025-02-15 12:28:42.748570","data":{"esgChart":{"result":[{"peerGroup":"Containers & Packaging","symbolSeries":{"timestamp":[1651363200,1654041600,1656633600,1659312000,1661990400,1664582400,1667260800,1669852800,1672531200,1675209600,1677628800,1680307200,1682899200,1685577600,1688169600,1690848000,1693526400,1696118400,1698796800,1701388800,1704067200,1706745600,1709251200,1711929600,1714521600,1717200000,1719792000,1722470400,1725148800,1727740800,1730419200,1733011200,1735689600,1738368000],"esgScore":[10.94,null,null,10.94,null,null,null,null,10.81,null,null,null,null,null,null,null,12.1,null,null,null,null,null,null,null,null,null,null,null,null,null,10.31,10.31,10.31,13.06],"governanceScore":[3.92,null,null,3.92,null,null,null,null,3.79,null,null,null,null,null,null,null,3.74,null,null,null,null,null,null,null,null,null,null,null,null,null,2.01,2.01,2.01,2.04],"environmentScore":[5.92,null,null,5.92,null,null,null,null,5.92,null,null,null,null,null,null,null,7.6,null,null,null,null,null,null,null,null,null,null,null,null,null,7.48,7.48,7.48,10.13],"socialScore":[1.11,null,null,1.11,null,null,null,null,1.11,null,null,null,null,null,null,null,0.76,null,null,null,null,null,null,null,null,null,null,null,null,null,0.82,0.82,0.82,0.89]},"peerSeries":{"timestamp":[1651363200,1654041600,1656633600,1659312000,1661990400,1664582400,1667260800,1669852800,1672531200,1675209600,1677628800,1680307200,1682899200,1685577600,1688169600,1690848000,1693526400,1696118400,1698796800,1701388800,1704067200,1706745600,1709251200,1711929600,1714521600,1717200000,1719792000,1722470400,1725148800,1727740800,1730419200,1733011200,1735689600,1738368000],"esgScore":[15.87,null,null,15.87,15.87,15.87,15.87,15.87,15.87,16.01,16.01,16.27,null,null,null,null,17.61,null,null,null,null,null,null,null,null,null,null,null,null,21.43285714285714,17.53909090909091,17.616136363636368,17.663409090909088,17.892558139534884],"governanceScore":[3.07,null,null,3.07,3.07,3.07,3.07,3.07,3.07,3.2,3.2,3.2,null,null,null,null,3.18,null,null,null,null,null,null,null,null,null,null,null,null,2.77,2.822000000000001,2.8063333333333342,2.785333333333334,2.8224137931034496],"environmentScore":[12.11,null,null,12.11,12.11,12.11,12.11,12.11,12.11,12.11,12.11,12.37,null,null,null,null,13.55,null,null,null,null,null,null,null,null,null,null,null,null,20.1,11.943666666666667,11.930333333333332,11.944999999999999,12.243103448275862],"socialScore":[0.69,null,null,0.69,0.69,0.69,0.69,0.69,0.69,0.69,0.69,0.69,null,null,null,null,0.88,null,null,null,null,null,null,null,null,null,null,null,null,1.63,1.2806666666666666,1.2846666666666664,1.3259999999999996,1.308620689655172]}}],"error":null}}}