{"update_time":"2024-12-04 12:11:17.238221","data":{"esgChart":{"result":[{"peerGroup":"Software & Services","symbolSeries":{"timestamp":[1730419200],"esgScore":[18.65],"governanceScore":[4.45],"environmentScore":[3.79],"socialScore":[10.41]},"peerSeries":{"timestamp":[1730419200],"esgScore":[20.749752066115704],"governanceScore":[5.80553435114504],"environmentScore":[2.9668320610687022],"socialScore":[9.796335877862584]}}],"error":null}}}