{"update_time":"2024-02-22 13:12:47.989626","data":{"esgChart":{"result":[{"peerGroup":"US Fund Miscellaneous Region","symbolSeries":{"timestamp":[1533081600,1535760000,1538352000,1541030400,1543622400,1546300800,1548979200,1551398400,1554076800,1556668800,1559347200,1561939200,1564617600,1567296000,1569888000,1572566400,1575158400,1577836800,1580515200,1583020800,1585699200,1588291200,1590969600,1593561600,1596240000,1598918400,1601510400,1604188800,1606780800],"esgScore":[48.41,47.85,47.76,47.69,47.55,47.45,null,null,null,null,null,null,null,null,24.49,25.35,25.47,25.31,25.28,24.92,25.07,24.66,24.48,24.23,24.14,23.99,23.6,22.58,22.56],"governanceScore":[58.79,58.67,58.48,58.4,58.32,58.17,null,null,null,null,null,null,null,null,8.08,7.55,7.55,7.52,7.47,7.36,7.33,7.21,7.23,7.04,7.01,6.94,6.87,6.78,6.79],"environmentScore":[52.22,51.85,51.72,51.63,51.69,51.58,null,null,null,null,null,null,null,null,6.9,6.72,6.83,6.67,6.66,6.4,6.75,6.57,6.39,6.52,6.45,6.41,6.41,6.0,5.97],"socialScore":[51.23,50.58,50.7,50.6,49.79,49.81,null,null,null,null,null,null,null,null,9.51,11.09,11.09,11.12,11.15,11.16,11.0,10.88,10.86,10.68,10.68,10.64,10.32,9.81,9.8]},"peerSeries":{"timestamp":[1533081600,1535760000,1538352000,1541030400,1543622400,1546300800,1548979200,1551398400,1554076800,1556668800,1559347200,1561939200,1564617600,1567296000,1569888000,1572566400,1575158400,1577836800,1580515200,1583020800,1585699200,1588291200,1590969600,1593561600,1596240000,1598918400,1601510400,1604188800,1606780800],"esgScore":[47.9049193548387,47.999008264462844,48.1896992481203,48.03860465116277,48.22893129770991,48.24022900763357,null,54.55,41.504999999999995,null,42.32,49.13999999999999,53.664,26.015714285714292,27.209039999999998,27.845200000000006,27.85266129032258,27.712580645161303,27.459682539682547,27.301904761904748,27.28637795275589,27.24625,27.25961538461538,26.94975409836065,27.023548387096753,26.42067307692306,26.184077669902923,25.997766990291275,25.95894230769231],"governanceScore":[53.622499999999995,53.81264462809919,53.76736842105262,53.63124031007754,53.763816793893106,53.835954198473274,null,64.1,47.78,null,46.47,56.52333333333333,59.35799999999999,8.98076923076923,8.451346153846153,8.14078431372549,8.131442307692309,8.079047619047618,8.03216216216216,7.963333333333337,7.9575000000000005,7.916216216216214,7.960614035087718,7.780092592592594,7.734444444444444,7.720760869565216,7.764382022471914,7.7086813186813234,7.641304347826088],"environmentScore":[52.777903225806455,52.90702479338842,52.91413533834586,52.759147286821715,52.955801526717565,53.0555725190839,null,56.5,51.45,null,53.95,54.083333333333336,57.27399999999999,5.829230769230768,6.434134615384617,6.646568627450978,6.637884615384615,6.495619047619049,6.303063063063062,6.285945945945943,6.362410714285714,6.339639639639641,6.354912280701754,6.374907407407403,6.319444444444444,5.952608695652175,5.9978651685393265,5.906043956043956,5.960326086956525],"socialScore":[53.731854838709666,53.83140495867767,53.71037593984961,53.57643410852712,53.72725190839694,53.802977099236614,null,58.55,49.67,null,50.05,54.903333333333336,59.7,8.971538461538461,8.543557692307695,9.440588235294118,9.364807692307691,9.311142857142858,9.230360360360358,9.2890990990991,9.324107142857146,9.2909009009009,9.260087719298248,9.077870370370375,9.001296296296294,9.002934782608698,8.98516853932584,8.809560439560439,8.785217391304347]}}],"error":null}}}