{"update_time":"2024-02-22 13:13:23.121233","data":{"esgChart":{"result":[{"peerGroup":"US Fund Europe Stock","symbolSeries":{"timestamp":[1527811200,1530403200,1533081600,1535760000,1538352000,1541030400,1543622400,1546300800,1548979200,1551398400,1554076800,1556668800,1559347200,1561939200,1564617600,1567296000,1569888000,1572566400,1575158400,1577836800,1580515200,1583020800,1585699200,1588291200,1590969600,1593561600,1596240000,1598918400,1601510400,1604188800,1606780800],"esgScore":[62.42,62.4,62.39,62.41,62.32,62.18,62.21,62.22,null,null,null,null,null,null,null,null,null,null,null,null,null,null,null,null,null,null,null,21.88,21.76,21.68,21.45],"governanceScore":[59.62,59.59,59.54,59.45,59.42,59.32,59.58,59.56,null,null,null,null,null,null,null,null,null,null,null,null,null,null,null,null,null,null,null,7.77,7.72,7.7,7.62],"environmentScore":[60.9,60.89,60.83,60.93,60.82,60.7,60.64,60.63,null,null,null,null,null,null,null,null,null,null,null,null,null,null,null,null,null,null,null,4.76,4.74,4.77,4.75],"socialScore":[61.46,61.46,61.44,61.57,61.46,61.32,61.39,61.42,null,null,null,null,null,null,null,null,null,null,null,null,null,null,null,null,null,null,null,9.3,9.25,9.16,9.02]},"peerSeries":{"timestamp":[1527811200,1530403200,1533081600,1535760000,1538352000,1541030400,1543622400,1546300800,1548979200,1551398400,1554076800,1556668800,1559347200,1561939200,1564617600,1567296000,1569888000,1572566400,1575158400,1577836800,1580515200,1583020800,1585699200,1588291200,1590969600,1593561600,1596240000,1598918400,1601510400,1604188800,1606780800],"esgScore":[55.01723214285712,55.00535714285712,54.7533620689655,54.87880341880345,54.77279661016948,54.55203389830512,54.58813559322039,54.67042372881358,null,null,49.61,null,54.04,55.28,null,23.223200000000006,22.421340206185565,23.101958762886607,22.98927835051547,22.914020618556698,22.805979381443297,22.64510416666666,22.622604166666672,22.490833333333352,22.73606060606062,22.566020408163276,22.360612244897947,22.18695652173913,22.00612903225805,21.893118279569894,21.790430107526895],"governanceScore":[57.82330357142855,57.856517857142855,58.04008620689654,58.289999999999935,58.21915254237281,58.0985593220339,58.192033898305105,58.269491525423724,null,null,54.23,null,58.72,59.09,null,7.708333333333333,7.931111111111108,7.775111111111116,7.781000000000006,7.843932584269672,7.784222222222216,7.715056179775283,7.701818181818182,7.622386363636367,7.733793103448281,7.528139534883724,7.319565217391306,7.35475,7.145632183908039,7.108735632183903,7.0282758620689645],"environmentScore":[58.91080357142858,58.91151785714287,58.641293103448284,58.79384615384617,58.733305084745794,58.61254237288136,58.57906779661022,58.6128813559322,null,null,51.37,null,59.7,60.32,null,5.256249999999999,4.632111111111114,4.973111111111112,4.929666666666666,4.890674157303373,4.802888888888889,4.775842696629216,4.767159090909093,4.723977272727275,4.633793103448274,4.5674418604651175,4.45891304347826,4.478,4.353793103448277,4.339080459770113,4.303103448275864],"socialScore":[59.85419642857147,59.85508928571432,59.72198275862064,59.86709401709402,59.940254237288094,59.83355932203392,59.8362711864407,59.85364406779662,null,null,54.25,null,60.77,61.25,null,8.575833333333337,8.428333333333331,8.921777777777773,8.88144444444444,8.946966292134833,8.89611111111111,8.89550561797753,8.942272727272725,8.85795454545454,8.984827586206888,8.859651162790696,8.597608695652177,8.687749999999998,8.451954022988504,8.360114942528746,8.277356321839083]}}],"error":null}}}