{"update_time":"2024-02-22 13:14:31.886606","data":{"esgChart":{"result":[{"peerGroup":"US Fund Foreign Large Blend","symbolSeries":{"timestamp":[1593561600,1596240000,1598918400,1601510400,1604188800,1606780800],"esgScore":[23.06,22.93,22.67,22.63,22.57,22.43],"governanceScore":[8.31,8.26,8.18,8.16,8.14,8.07],"environmentScore":[5.0,4.99,4.92,4.92,4.94,4.96],"socialScore":[9.69,9.61,9.49,9.48,9.42,9.32]},"peerSeries":{"timestamp":[1593561600,1596240000,1598918400,1601510400,1604188800,1606780800],"esgScore":[22.927753357753346,22.728721351025328,22.565237483953776,22.53340425531909,22.40833756345178,22.33068441064642],"governanceScore":[8.049680981595115,7.976424242424247,7.908141935483896,7.879924528301858,7.86514724711906,7.843107416879786],"environmentScore":[4.7518282208588944,4.709236363636359,4.671393548387108,4.67021383647799,4.672291933418695,4.716508951406653],"socialScore":[9.385177914110436,9.307187878787884,9.223096774193559,9.22665408805033,9.143380281690169,9.055895140664953]}}],"error":null}}}