{"update_time":"2024-02-22 13:14:55.049857","data":{"esgChart":{"result":[{"peerGroup":"US Fund Japan Stock","symbolSeries":{"timestamp":[1527811200,1530403200,1533081600,1535760000,1538352000,1541030400,1543622400,1546300800,1548979200,1551398400,1554076800,1556668800,1559347200,1561939200,1564617600,1567296000,1569888000,1572566400,1575158400,1577836800,1580515200,1583020800,1585699200,1588291200,1590969600,1593561600,1596240000,1598918400,1601510400,1604188800,1606780800],"esgScore":[52.0,52.03,52.04,51.89,51.78,51.95,51.81,51.67,null,null,null,null,null,null,null,null,null,null,null,null,null,null,null,null,null,null,null,24.13,24.16,24.23,24.24],"governanceScore":[46.11,46.13,45.97,45.77,45.69,45.77,45.76,45.63,null,null,null,null,null,null,null,null,null,null,null,null,null,null,null,null,null,null,null,9.1,9.07,9.09,9.07],"environmentScore":[54.79,54.81,55.09,55.06,54.94,55.11,54.94,54.83,null,null,null,null,null,null,null,null,null,null,null,null,null,null,null,null,null,null,null,5.11,5.17,5.22,5.27],"socialScore":[51.81,51.85,51.82,51.7,51.63,51.8,51.69,51.53,null,null,null,null,null,null,null,null,null,null,null,null,null,null,null,null,null,null,null,9.8,9.79,9.79,9.78]},"peerSeries":{"timestamp":[1527811200,1530403200,1533081600,1535760000,1538352000,1541030400,1543622400,1546300800,1548979200,1551398400,1554076800,1556668800,1559347200,1561939200,1564617600,1567296000,1569888000,1572566400,1575158400,1577836800,1580515200,1583020800,1585699200,1588291200,1590969600,1593561600,1596240000,1598918400,1601510400,1604188800,1606780800],"esgScore":[46.83869565217389,46.81260869565216,46.86111111111112,46.811176470588244,46.73981132075473,46.5945283018868,46.66773584905658,46.66509433962264,null,null,44.565,null,null,48.87,null,25.952999999999996,25.816808510638303,26.08425531914894,26.09617021276595,25.990851063829794,25.962127659574474,25.843617021276607,25.696595744680852,25.653829787234034,25.516086956521743,25.285,25.16636363636363,25.134186046511626,25.24023255813953,25.32023255813953,25.37813953488371],"governanceScore":[44.6445652173913,44.63630434782608,44.474666666666664,44.77882352941175,44.763396226415075,44.86905660377357,44.95188679245283,45.01905660377359,null,null,43.685,null,null,46.24,null,8.30625,8.454250000000005,8.229750000000003,8.268499999999998,8.269500000000004,8.3045,8.231000000000002,8.30875,8.253249999999998,8.237948717948715,8.179729729729727,8.14054054054054,8.024166666666664,8.02083333333333,8.096944444444444,8.1225],"environmentScore":[53.04108695652174,53.02326086956521,53.327777777777776,53.46980392156862,53.408301886792465,53.59773584905659,53.62773584905661,53.61924528301886,null,null,53.010000000000005,null,null,55.21,null,4.34375,4.63225,4.739500000000001,4.731999999999998,4.697749999999999,4.697749999999998,4.648999999999997,4.634750000000002,4.557500000000001,4.520256410256409,4.322702702702702,4.321081081081083,4.280833333333333,4.381666666666668,4.430833333333334,4.504722222222222],"socialScore":[50.175000000000004,50.15065217391305,50.24355555555556,50.317647058823496,50.29735849056602,50.40226415094338,50.44264150943396,50.453396226415066,null,null,48.99,null,null,51.77,null,7.9975000000000005,8.478749999999998,8.7445,8.8095,8.848249999999998,8.88275,8.866750000000001,8.949250000000001,8.853750000000003,8.75974358974359,8.617567567567567,8.576486486486482,8.463611111111113,8.60777777777778,8.67277777777778,8.743055555555557]}}],"error":null}}}