{"update_time":"2024-02-22 13:15:42.633359","data":{"esgChart":{"result":[{"peerGroup":"US Fund Mid-Cap Blend","symbolSeries":{"timestamp":[1593561600,1596240000,1598918400,1601510400,1604188800,1606780800],"esgScore":[25.63,25.55,25.43,25.3,25.14,25.52],"governanceScore":[5.39,5.41,5.54,5.69,5.7,5.34],"environmentScore":[3.79,3.8,3.79,3.82,3.8,3.91],"socialScore":[7.54,7.6,7.94,8.12,8.22,7.49]},"peerSeries":{"timestamp":[1593561600,1596240000,1598918400,1601510400,1604188800,1606780800],"esgScore":[25.22967105263154,25.036958424507585,24.807081339712976,24.720023923444966,24.55904076738611,24.492392344497596],"governanceScore":[6.597774798927615,6.611795580110499,6.604999999999996,6.537616099071211,6.480906250000002,6.539245901639348],"environmentScore":[5.026595174262733,5.004198895027623,5.0390064102564045,4.9507120743034,4.869249999999996,4.7914426229508225],"socialScore":[9.154691689008047,9.134475138121537,9.159743589743591,9.02256965944273,8.931125000000003,8.974032786885239]}}],"error":null}}}