{"update_time":"2024-02-22 13:16:16.317940","data":{"esgChart":{"result":[{"peerGroup":"US Fund Real Estate","symbolSeries":{"timestamp":[1527811200,1530403200,1533081600,1535760000,1538352000,1541030400,1543622400,1546300800,1548979200,1551398400,1554076800,1556668800,1559347200,1561939200,1564617600,1567296000,1569888000,1572566400,1575158400,1577836800,1580515200,1583020800,1585699200,1588291200,1590969600,1593561600,1596240000,1598918400,1601510400,1604188800,1606780800],"esgScore":[48.52,48.51,47.96,47.95,47.52,47.61,47.74,47.69,null,null,null,null,null,null,null,null,null,null,null,null,null,null,null,null,null,null,null,16.47,16.22,16.05,16.0],"governanceScore":[53.99,54.01,53.75,53.81,53.25,53.35,53.59,53.51,null,null,null,null,null,null,null,null,null,null,null,null,null,null,null,null,null,null,null,4.83,4.74,4.71,4.71],"environmentScore":[50.86,50.87,50.09,49.91,49.36,49.49,49.32,49.25,null,null,null,null,null,null,null,null,null,null,null,null,null,null,null,null,null,null,null,4.14,4.08,3.97,3.95],"socialScore":[45.9,45.85,45.56,45.54,45.31,45.4,45.48,45.42,null,null,null,null,null,null,null,null,null,null,null,null,null,null,null,null,null,null,null,4.71,4.64,4.5,4.49]},"peerSeries":{"timestamp":[1527811200,1530403200,1533081600,1535760000,1538352000,1541030400,1543622400,1546300800,1548979200,1551398400,1554076800,1556668800,1559347200,1561939200,1564617600,1567296000,1569888000,1572566400,1575158400,1577836800,1580515200,1583020800,1585699200,1588291200,1590969600,1593561600,1596240000,1598918400,1601510400,1604188800,1606780800],"esgScore":[46.748939929328714,46.73507042253525,46.733854166666674,46.72568965517242,46.84901060070677,46.56187279151944,46.422473498233224,46.436912280701726,null,null,null,null,null,46.18666666666667,null,17.406190476190478,17.568171641791054,17.744349442379168,17.806703703703725,17.90110701107014,17.80136531365312,17.651433823529402,17.567132352941172,17.499007352941167,17.34847014925376,17.287326007325976,17.241291512915105,17.24724696356275,17.032868525896415,16.850850202429125,16.59842741935486],"governanceScore":[53.11067137809188,53.11376760563381,53.2589583333333,53.31831034482762,53.422932862190834,53.06600706713784,53.07286219081272,53.13063157894734,null,null,null,null,null,53.48,null,5.354250000000001,5.386375,5.269626556016601,5.268257261410786,5.239387755102039,5.3682040816326575,5.385502008032132,5.351244979919673,5.329437751004014,5.259959183673463,5.155743801652886,5.095916666666664,5.093936651583718,4.996444444444442,4.9596860986547044,4.890446428571431],"environmentScore":[49.940424028268616,49.941338028169085,49.843402777777754,49.7954827586207,49.865088339222666,49.437279151943436,49.211166077738476,49.06999999999992,null,null,null,null,null,49.20666666666667,null,4.028,4.025416666666669,4.3034024896265555,4.315062240663896,4.275877551020405,4.380204081632651,4.392811244979911,4.395060240963859,4.391244979919679,4.381632653061221,4.4359090909090915,4.4670833333333375,4.500452488687783,4.4556444444444505,4.387309417040357,4.256294642857141],"socialScore":[45.114734982332074,45.10774647887316,45.33892361111111,45.26679310344824,45.26565371024733,45.086890459363964,45.038551236749086,45.08010526315786,null,null,null,null,null,45.5,null,5.088749999999997,5.116874999999998,4.995186721991694,5.0112448132780125,5.065102040816327,5.218816326530611,5.268835341365462,5.283092369477917,5.260963855421682,5.145428571428572,5.085247933884294,5.061958333333329,5.087737556561082,4.973333333333331,4.876412556053818,4.715089285714289]}}],"error":null}}}