{"update_time":"2024-02-22 13:16:52.257473","data":{"esgChart":{"result":[{"peerGroup":"US Fund Small Blend","symbolSeries":{"timestamp":[1604188800,1606780800],"esgScore":[28.98,28.52],"governanceScore":[0.0,0.0],"environmentScore":[0.0,0.0],"socialScore":[0.0,0.0]},"peerSeries":{"timestamp":[1604188800,1606780800],"esgScore":[27.74568281938324,27.79526470588234],"governanceScore":[5.533125,5.9399999999999995],"environmentScore":[3.34,3.806],"socialScore":[7.1425,7.249999999999998]}}],"error":null}}}