{"update_time":"2024-02-22 13:17:39.106357","data":{"esgChart":{"result":[{"peerGroup":"US Fund Large Blend","symbolSeries":{"timestamp":[1569888000,1572566400,1575158400,1577836800,1580515200,1583020800,1585699200,1588291200,1590969600,1593561600,1596240000,1598918400,1601510400,1604188800,1606780800],"esgScore":[23.82,24.35,24.4,24.25,23.95,23.71,23.65,23.49,23.3,23.25,22.88,22.73,22.72,22.21,22.13],"governanceScore":[8.5,8.37,8.34,8.31,8.26,8.22,8.21,8.13,8.08,8.09,8.06,7.93,7.93,7.87,7.85],"environmentScore":[4.46,4.51,4.53,4.45,4.29,4.05,4.02,3.99,3.92,3.88,3.77,3.8,3.83,3.77,3.67],"socialScore":[10.87,11.48,11.5,11.46,11.37,11.42,11.41,11.35,11.27,11.24,11.01,10.89,10.84,10.47,10.46]},"peerSeries":{"timestamp":[1569888000,1572566400,1575158400,1577836800,1580515200,1583020800,1585699200,1588291200,1590969600,1593561600,1596240000,1598918400,1601510400,1604188800,1606780800],"esgScore":[23.861396125584495,24.356287827841214,24.34882978723408,24.24018641810924,24.009718498659566,23.69669127516769,23.590822281167018,23.47199602122014,23.274101049868648,23.155226526592198,22.836482444733374,22.641297872340502,22.58648591549294,22.188679378531056,22.15935906271541],"governanceScore":[8.251303475935812,8.057079407806224,8.032654690618761,8.014727030625853,7.989805630026828,7.945302013422862,7.946463171864632,7.889913678618859,7.818574244415249,7.77296710526313,7.722221498371343,7.62830725462301,7.6177037562012755,7.5505543710021055,7.543493723849385],"environmentScore":[4.497346256684497,4.561884253028272,4.556460412508345,4.508848202396815,4.392091152815023,4.124409395973154,4.046078301260798,4.030604249667994,4.000387647831776,3.9620394736842077,3.8972833876221467,3.8914793741109435,3.8970659107016288,3.838727789623308,3.810376569037646],"socialScore":[10.451557486630993,11.055053835800809,11.075003326679946,11.033215712383447,10.985355227882005,11.037040268456405,11.053490378234919,11.019926958831306,10.902917214191847,10.838309210526333,10.621622149837119,10.511024182076799,10.441452870304772,10.153255152807422,10.119211994421233]}}],"error":null}}}