{"update_time":"2024-06-25 12:43:06.543476","data":{"esgChart":{"result":[{"peerGroup":"Retailing","symbolSeries":{"timestamp":[1630454400,1633046400,1635724800,1638316800,1640995200,1643673600,1646092800,1648771200,1651363200,1654041600,1656633600,1659312000,1661990400,1664582400,1667260800,1669852800,1672531200,1675209600,1677628800,1680307200,1682899200,1685577600,1688169600,1690848000,1693526400],"esgScore":[16.12,null,null,null,null,16.37,null,null,16.14,null,null,15.74,null,null,null,null,15.5,null,null,null,null,null,null,null,28.3],"governanceScore":[5.87,null,null,null,null,6.12,null,null,4.71,null,null,4.71,null,null,null,null,4.48,null,null,null,null,null,null,null,5.88],"environmentScore":[2.48,null,null,null,null,2.48,null,null,2.59,null,null,2.59,null,null,null,null,2.59,null,null,null,null,null,null,null,12.17],"socialScore":[7.78,null,null,null,null,7.78,null,null,8.84,null,null,8.43,null,null,null,null,8.43,null,null,null,null,null,null,null,10.25]},"peerSeries":{"timestamp":[1630454400,1633046400,1635724800,1638316800,1640995200,1643673600,1646092800,1648771200,1651363200,1654041600,1656633600,1659312000,1661990400,1664582400,1667260800,1669852800,1672531200,1675209600,1677628800,1680307200,1682899200,1685577600,1688169600,1690848000,1693526400],"esgScore":[16.44684210526315,null,null,null,null,16.339298245614042,null,null,16.39315789473685,null,null,16.178148148148146,16.212954545454544,16.212954545454547,16.195909090909094,15.624999999999996,16.23431818181819,15.882142857142856,15.542962962962962,15.941785714285714,null,null,null,null,16.908909090909088],"governanceScore":[5.674615384615384,null,null,null,null,5.574705882352942,null,null,5.512156862745097,null,null,5.406666666666665,5.415789473684209,5.404473684210526,5.384736842105262,4.968076923076922,5.318684210526316,4.921153846153846,4.7736,4.730833333333334,null,null,null,null,5.247872340425532],"environmentScore":[3.0690384615384616,null,null,null,null,2.9076470588235295,null,null,2.918627450980392,null,null,2.86,2.9052631578947374,2.887105263157896,2.886578947368422,2.850769230769231,2.8942105263157902,2.9134615384615397,2.7308,2.8137499999999993,null,null,null,null,2.9348936170212765],"socialScore":[7.426346153846154,null,null,null,null,7.575490196078431,null,null,7.6872549019607845,null,null,7.676875000000002,7.595263157894737,7.625263157894737,7.6244736842105265,7.647692307692309,7.7281578947368414,7.910000000000001,7.848799999999999,7.901250000000002,null,null,null,null,8.324893617021274]}}],"error":null}}}