{"update_time":"2025-11-04 12:31:50.161378","data":{"esgChart":{"result":[{"peerGroup":"Retailing","symbolSeries":{"timestamp":[1630454400,1633046400,1635724800,1638316800,1640995200,1643673600,1646092800,1648771200,1651363200,1654041600,1656633600,1659312000,1661990400,1664582400,1667260800,1669852800,1672531200,1675209600,1677628800,1680307200,1682899200,1685577600,1688169600,1690848000,1693526400,1696118400,1698796800,1701388800,1704067200,1706745600,1709251200,1711929600,1714521600,1717200000,1719792000,1722470400,1725148800,1727740800,1730419200,1733011200,1735689600,1738368000,1740787200,1743465600,1746057600,1748736000,1751328000,1754006400,1756684800,1759276800],"esgScore":[16.12,null,null,null,null,16.37,null,null,16.14,null,null,15.74,null,null,null,null,15.5,null,null,null,null,null,null,null,28.3,null,null,null,null,null,null,null,null,null,null,null,null,null,26.18,26.18,26.18,26.18,26.18,14.2,14.2,14.2,14.2,14.31,14.31,13.74],"governanceScore":[5.87,null,null,null,null,6.12,null,null,4.71,null,null,4.71,null,null,null,null,4.48,null,null,null,null,null,null,null,5.88,null,null,null,null,null,null,null,null,null,null,null,null,null,4.47,4.47,4.47,4.47,4.47,2.58,2.58,2.58,2.58,2.7,2.7,2.58],"environmentScore":[2.48,null,null,null,null,2.48,null,null,2.59,null,null,2.59,null,null,null,null,2.59,null,null,null,null,null,null,null,12.17,null,null,null,null,null,null,null,null,null,null,null,null,null,12.15,12.15,12.15,12.15,12.15,3.72,3.72,3.72,3.72,3.72,3.72,3.8],"socialScore":[7.78,null,null,null,null,7.78,null,null,8.84,null,null,8.43,null,null,null,null,8.43,null,null,null,null,null,null,null,10.25,null,null,null,null,null,null,null,null,null,null,null,null,null,9.56,9.56,9.56,9.56,9.56,7.9,7.9,7.9,7.9,7.89,7.89,7.35]},"peerSeries":{"timestamp":[1630454400,1633046400,1635724800,1638316800,1640995200,1643673600,1646092800,1648771200,1651363200,1654041600,1656633600,1659312000,1661990400,1664582400,1667260800,1669852800,1672531200,1675209600,1677628800,1680307200,1682899200,1685577600,1688169600,1690848000,1693526400,1696118400,1698796800,1701388800,1704067200,1706745600,1709251200,1711929600,1714521600,1717200000,1719792000,1722470400,1725148800,1727740800,1730419200,1733011200,1735689600,1738368000,1740787200,1743465600,1746057600,1748736000,1751328000,1754006400,1756684800,1759276800],"esgScore":[18.278,null,null,null,null,18.061999999999998,null,null,18.096,null,null,17.94,18.286666666666665,18.286666666666665,18.286666666666665,25.29,18.286666666666665,25.29,15.542962962962962,27.73,null,null,null,null,25.25666666666667,null,null,null,22.33818181818182,null,null,null,null,null,18.294999999999998,null,null,20.056984126984123,17.983197026022317,18.017666666666678,18.09100000000001,18.190970149253744,18.226179775280904,18.27291044776119,18.237132075471695,18.242301886792458,18.447340823970045,18.53116981132076,18.530265151515152,18.17666666666665],"governanceScore":[6.656666666666666,null,null,null,null,6.633333333333333,null,null,6.673333333333335,null,null,null,7.025,7.025,7.025,8.38,7.025,8.38,4.7736,null,null,null,null,null,null,null,null,null,null,null,null,null,null,null,null,null,null,4.686111111111111,4.282136752136752,4.2823076923076915,4.274017094017093,4.269145299145298,4.2403389830508464,4.231680672268907,4.253583333333333,4.265583333333333,4.2882786885245885,4.307416666666665,4.291428571428572,4.2065811965811974],"environmentScore":[3.8333333333333335,null,null,null,null,3.9733333333333327,null,null,3.9733333333333327,null,null,null,4.745,4.745,4.745,7.48,4.745,7.48,2.7308,null,null,null,null,null,null,null,null,null,null,null,null,null,null,null,null,null,null,4.739999999999998,3.7912820512820513,3.7893162393162396,3.79974358974359,3.7909401709401704,3.8650847457627115,3.8761344537815123,3.7984999999999998,3.787416666666666,3.790573770491802,3.8180833333333326,3.761764705882353,3.8418803418803424],"socialScore":[7.026666666666667,null,null,null,null,7.136666666666667,null,null,7.156666666666666,null,null,null,6.695,6.695,6.695,9.44,6.695,9.44,7.848799999999999,null,null,null,null,null,null,null,null,null,null,null,null,null,null,null,null,null,null,9.368888888888891,9.143760683760691,9.142820512820517,9.120769230769236,9.102820512820516,9.068728813559325,9.035714285714288,8.999166666666667,8.938583333333334,8.934999999999997,8.854333333333331,8.800420168067225,8.4082905982906]}}],"error":null}}}