{"update_time":"2024-12-04 12:11:17.635851","data":{"esgChart":{"result":[{"peerGroup":"Machinery","symbolSeries":{"timestamp":[1730419200],"esgScore":[19.73],"governanceScore":[3.31],"environmentScore":[6.86],"socialScore":[9.56]},"peerSeries":{"timestamp":[1730419200],"esgScore":[26.047604562737625],"governanceScore":[5.495258620689656],"environmentScore":[7.634913793103447],"socialScore":[10.773534482758619]}}],"error":null}}}