{"update_time":"2024-12-08 12:38:49.892430","data":{"esgChart":{"result":[{"peerGroup":"Chemicals","symbolSeries":{"timestamp":[1727740800,1730419200],"esgScore":[21.11,21.11],"governanceScore":[0.0,0.0],"environmentScore":[0.0,0.0],"socialScore":[0.0,0.0]},"peerSeries":{"timestamp":[1727740800,1730419200],"esgScore":[29.48428571428571,28.19076086956522],"governanceScore":[2.8466666666666662,5.159374999999999],"environmentScore":[14.14333333333333,13.540104166666667],"socialScore":[1.83,6.123437499999999]}}],"error":null}}}