{"update_time":"2024-10-21 12:46:02.515622","data":{"esgChart":{"result":[{"peerGroup":"Pharmaceuticals","symbolSeries":{"timestamp":[1727740800],"esgScore":[12.69],"governanceScore":[4.68],"environmentScore":[0.3],"socialScore":[7.71]},"peerSeries":{"timestamp":[1727740800],"esgScore":[28.269273927392735],"governanceScore":[6.1897222222222235],"environmentScore":[1.6988888888888891],"socialScore":[15.03638888888889]}}],"error":null}}}