{"update_time":"2024-12-11 12:11:19.569548","data":{"esgChart":{"result":[{"peerGroup":"Software & Services","symbolSeries":{"timestamp":[1730419200,1733011200],"esgScore":[23.59,23.59],"governanceScore":[8.63,8.63],"environmentScore":[3.97,3.97],"socialScore":[11.0,11.0]},"peerSeries":{"timestamp":[1730419200,1733011200],"esgScore":[20.749752066115704,20.741456953642388],"governanceScore":[5.80553435114504,5.763629343629346],"environmentScore":[2.9668320610687022,2.974131274131274],"socialScore":[9.796335877862584,9.807606177606166]}}],"error":null}}}