{"update_time":"2025-03-04 16:22:35.125490","data":{"esgChart":{"result":[{"peerGroup":"Utilities","symbolSeries":{"timestamp":[1730419200,1733011200,1735689600,1738368000],"esgScore":[18.43,18.43,18.43,18.43],"governanceScore":[5.34,5.34,5.34,5.34],"environmentScore":[2.74,2.74,2.74,2.74],"socialScore":[10.35,10.35,10.35,10.35]},"peerSeries":{"timestamp":[1730419200,1733011200,1735689600,1738368000],"esgScore":[27.886468085106358,27.956751054852298,28.287038626609416,28.522723404255302],"governanceScore":[5.0064968152866225,4.996962025316454,5.023290322580643,5.012692307692307],"environmentScore":[10.325796178343946,10.282088607594934,10.411677419354838,10.43346153846154],"socialScore":[9.850700636942678,9.863291139240507,10.135870967741939,10.31826923076923]}}],"error":null}}}