{"update_time":"2024-12-04 12:11:18.431338","data":{"esgChart":{"result":[{"peerGroup":"Containers & Packaging","symbolSeries":{"timestamp":[1730419200],"esgScore":[15.44],"governanceScore":[2.78],"environmentScore":[11.99],"socialScore":[0.67]},"peerSeries":{"timestamp":[1730419200],"esgScore":[17.53909090909091],"governanceScore":[2.822000000000001],"environmentScore":[11.943666666666667],"socialScore":[1.2806666666666666]}}],"error":null}}}