{"update_time":"2024-12-04 12:11:18.615520","data":{"esgChart":{"result":[{"peerGroup":"Consumer Services","symbolSeries":{"timestamp":[1730419200],"esgScore":[15.99],"governanceScore":[5.55],"environmentScore":[0.4],"socialScore":[10.04]},"peerSeries":{"timestamp":[1730419200],"esgScore":[24.887383177570083],"governanceScore":[5.635421686746988],"environmentScore":[6.204698795180725],"socialScore":[10.488795180722889]}}],"error":null}}}