{"update_time":"2024-12-19 12:11:44.971648","data":{"esgChart":{"result":[{"peerGroup":"Consumer Services","symbolSeries":{"timestamp":[1730419200,1733011200],"esgScore":[15.99,15.99],"governanceScore":[5.55,5.55],"environmentScore":[0.4,0.4],"socialScore":[10.04,10.04]},"peerSeries":{"timestamp":[1730419200,1733011200],"esgScore":[24.887383177570083,24.813474178403748],"governanceScore":[5.635421686746988,5.629277108433734],"environmentScore":[6.204698795180725,6.255542168674702],"socialScore":[10.488795180722889,10.500722891566262]}}],"error":null}}}