{"update_time":"2025-11-04 12:34:17.017769","data":{"esgChart":{"result":[{"peerGroup":"US CE Equity Energy","symbolSeries":{"timestamp":[1538352000,1541030400,1543622400,1546300800,1548979200,1551398400,1554076800,1556668800,1559347200,1561939200,1564617600,1567296000,1569888000,1572566400,1575158400,1577836800,1580515200,1583020800,1585699200,1588291200,1590969600,1593561600,1596240000,1598918400,1601510400,1604188800,1606780800],"esgScore":[52.91,52.91,52.91,53.68,null,null,null,null,null,null,null,null,null,null,null,null,null,null,null,null,null,33.51,33.29,33.47,33.31,33.35,32.99],"governanceScore":[53.07,53.07,53.07,52.27,null,null,null,null,null,null,null,null,null,null,null,null,null,null,null,null,null,7.74,7.74,7.73,7.68,7.69,7.66],"environmentScore":[49.49,49.49,49.49,50.58,null,null,null,null,null,null,null,null,null,null,null,null,null,null,null,null,null,16.03,15.96,16.15,15.99,16.02,15.74],"socialScore":[54.61,54.61,54.61,55.53,null,null,null,null,null,null,null,null,null,null,null,null,null,null,null,null,null,9.74,9.6,9.59,9.65,9.65,9.59]},"peerSeries":{"timestamp":[1538352000,1541030400,1543622400,1546300800,1548979200,1551398400,1554076800,1556668800,1559347200,1561939200,1564617600,1567296000,1569888000,1572566400,1575158400,1577836800,1580515200,1583020800,1585699200,1588291200,1590969600,1593561600,1596240000,1598918400,1601510400,1604188800,1606780800],"esgScore":[42.61,42.477999999999994,42.898,43.164,null,null,null,null,null,null,null,36.49,37.3325,36.4425,36.49249999999999,36.5325,36.2575,35.7625,33.2575,33.29,33.11750000000001,33.0975,33.037499999999994,30.45333333333333,30.293333333333333,30.416666666666668,30.093333333333334],"governanceScore":[51.568,51.239999999999995,51.028,50.868,null,null,null,null,null,null,null,7.95,7.824999999999999,7.635,7.640000000000001,7.645,7.575,7.505,7.49,7.6,7.525,7.425000000000001,7.425000000000001,7.42,7.41,7.415,7.375],"environmentScore":[46.532000000000004,46.477999999999994,46.483999999999995,46.702,null,null,null,null,null,null,null,18.42,18.085,17.435,17.445,17.494999999999997,17.174999999999997,16.675,15.809999999999999,15.805,15.8,15.940000000000001,15.84,15.94,15.835,15.86,15.575],"socialScore":[50.53,50.424,50.788,50.972,null,null,null,null,null,null,null,10.12,9.695,9.41,9.420000000000002,9.44,9.32,9.235,9.325,9.395,9.39,9.39,9.265,9.27,9.29,9.31,9.27]}}],"error":null}}}