{"update_time":"2025-11-04 12:34:31.167839","data":{"esgChart":{"result":[{"peerGroup":"US CE Options-based","symbolSeries":{"timestamp":[1538352000,1541030400,1543622400,1546300800,1548979200,1551398400,1554076800,1556668800,1559347200,1561939200,1564617600,1567296000,1569888000,1572566400,1575158400,1577836800,1580515200,1583020800,1585699200,1588291200,1590969600,1593561600,1596240000,1598918400,1601510400,1604188800,1606780800],"esgScore":[62.39,62.39,62.39,62.08,null,null,null,null,null,null,null,null,null,null,null,null,null,null,null,null,null,21.82,21.66,21.61,21.45,21.44,21.21],"governanceScore":[60.99,60.99,60.99,60.85,null,null,null,null,null,null,null,null,null,null,null,null,null,null,null,null,null,7.44,7.33,7.27,7.2,7.15,7.03],"environmentScore":[60.91,60.91,60.91,60.17,null,null,null,null,null,null,null,null,null,null,null,null,null,null,null,null,null,3.97,3.92,3.94,3.9,3.9,3.91],"socialScore":[60.63,60.63,60.63,60.82,null,null,null,null,null,null,null,null,null,null,null,null,null,null,null,null,null,10.42,10.41,10.4,10.34,10.39,10.26]},"peerSeries":{"timestamp":[1538352000,1541030400,1543622400,1546300800,1548979200,1551398400,1554076800,1556668800,1559347200,1561939200,1564617600,1567296000,1569888000,1572566400,1575158400,1577836800,1580515200,1583020800,1585699200,1588291200,1590969600,1593561600,1596240000,1598918400,1601510400,1604188800,1606780800],"esgScore":[47.415555555555564,47.41499999999999,47.39305555555556,47.36444444444445,null,null,null,null,null,null,null,26.984999999999996,24.92918918918919,25.46756756756757,25.44864864864865,25.329459459459457,25.094864864864864,24.863243243243236,24.84864864864865,24.739729729729724,24.682972972972962,24.45027027027027,24.092972972972976,23.418275862068967,23.300344827586212,22.91896551724138,22.85571428571429],"governanceScore":[52.3236111111111,52.374999999999986,52.359444444444435,52.24416666666666,null,null,null,null,null,null,null,7.9125,8.335405405405403,8.214054054054056,8.195135135135136,8.155675675675672,8.127027027027028,8.078648648648645,8.074054054054054,8.030540540540542,7.99054054054054,7.8940540540540525,7.827837837837834,7.7944827586206875,7.74551724137931,7.692068965517241,7.720000000000001],"environmentScore":[55.395833333333364,55.44388888888892,55.44194444444444,55.33166666666668,null,null,null,null,null,null,null,8.285000000000002,5.731621621621622,5.839459459459457,5.814324324324325,5.801891891891893,5.652702702702702,5.462432432432433,5.486756756756758,5.471351351351352,5.47135135135135,5.472702702702703,5.39,4.707931034482758,4.726206896551725,4.673448275862069,4.678214285714286],"socialScore":[54.34249999999999,54.34944444444443,54.2225,54.211388888888884,null,null,null,null,null,null,null,10.2625,10.28297297297297,10.863243243243241,10.833513513513513,10.779729729729729,10.730270270270271,10.748378378378376,10.775405405405403,10.757297297297296,10.716216216216216,10.607567567567568,10.421081081081079,10.49655172413793,10.403793103448272,10.12103448275862,10.07678571428571]}}],"error":null}}}