{"update_time":"2025-11-04 12:34:36.527981","data":{"esgChart":{"result":[{"peerGroup":"Technology Hardware","symbolSeries":{"timestamp":[1730419200,1733011200,1735689600,1738368000,1740787200,1743465600,1746057600,1748736000,1751328000,1754006400,1756684800,1759276800],"esgScore":[9.29,9.29,9.29,9.29,9.29,9.29,9.29,9.29,9.29,9.81,9.81,9.81],"governanceScore":[0.0,0.0,0.0,0.0,0.0,0.0,0.0,0.0,0.0,0.0,0.0,0.0],"environmentScore":[0.0,0.0,0.0,0.0,0.0,0.0,0.0,0.0,0.0,0.0,0.0,0.0],"socialScore":[0.0,0.0,0.0,0.0,0.0,0.0,0.0,0.0,0.0,0.0,0.0,0.0]},"peerSeries":{"timestamp":[1730419200,1733011200,1735689600,1738368000,1740787200,1743465600,1746057600,1748736000,1751328000,1754006400,1756684800,1759276800],"esgScore":[15.839243697478981,15.97586497890294,16.079411764705867,16.28644067796609,16.447021276595734,16.5899574468085,16.683675213675205,16.85172268907563,16.94213389121339,17.055041666666668,17.075850622406637,16.85983333333333],"governanceScore":[4.913255813953486,4.916235294117645,4.899999999999998,4.933218390804596,4.838977272727271,4.85911111111111,4.806666666666665,4.784555555555555,4.821555555555554,4.765543478260867,4.759560439560437,4.490111111111109],"environmentScore":[3.148139534883721,3.251882352941176,3.3526744186046504,3.5152873563218376,3.7848863636363643,3.864888888888889,4.076666666666666,4.201888888888889,4.247111111111111,4.501956521739129,4.678351648351648,4.706111111111111],"socialScore":[5.26174418604651,5.219764705882351,5.197325581395348,5.23896551724138,5.298295454545454,5.328666666666667,5.333777777777778,5.346111111111112,5.314222222222223,5.3193478260869576,5.285824175824177,5.064111111111114]}}],"error":null}}}