{"update_time":"2024-10-21 12:55:06.302783","data":{"esgChart":{"result":[{"peerGroup":"Insurance","symbolSeries":{"timestamp":[1727740800],"esgScore":[20.79],"governanceScore":[8.92],"environmentScore":[1.78],"socialScore":[10.08]},"peerSeries":{"timestamp":[1727740800],"esgScore":[26.80785714285714],"governanceScore":[9.563333333333333],"environmentScore":[1.3683333333333334],"socialScore":[9.084999999999999]}}],"error":null}}}