{"update_time":"2024-12-17 12:14:10.391405","data":{"esgChart":{"result":[{"peerGroup":"Insurance","symbolSeries":{"timestamp":[1727740800,1730419200,1733011200],"esgScore":[20.79,20.79,20.79],"governanceScore":[8.92,8.92,8.92],"environmentScore":[1.78,1.78,1.78],"socialScore":[10.08,10.08,10.08]},"peerSeries":{"timestamp":[1727740800,1730419200,1733011200],"esgScore":[27.066206896551726,23.217486033519574,23.19050000000001],"governanceScore":[9.563333333333333,9.244173913043477,9.231565217391301],"environmentScore":[1.3683333333333334,1.3306956521739126,1.327478260869565],"socialScore":[9.084999999999999,9.86895652173913,9.862086956521741]}}],"error":null}}}