{"update_time":"2024-12-08 12:43:47.906123","data":{"esgChart":{"result":[{"peerGroup":"Insurance","symbolSeries":{"timestamp":[1727740800,1730419200],"esgScore":[20.79,20.79],"governanceScore":[8.92,8.92],"environmentScore":[1.78,1.78],"socialScore":[10.08,10.08]},"peerSeries":{"timestamp":[1727740800,1730419200],"esgScore":[27.066206896551726,23.217486033519574],"governanceScore":[9.563333333333333,9.244173913043477],"environmentScore":[1.3683333333333334,1.3306956521739126],"socialScore":[9.084999999999999,9.86895652173913]}}],"error":null}}}