{"update_time":"2024-12-11 12:11:20.603775","data":{"esgChart":{"result":[{"peerGroup":"Pharmaceuticals","symbolSeries":{"timestamp":[1730419200,1733011200],"esgScore":[32.28,32.28],"governanceScore":[0.0,0.0],"environmentScore":[0.0,0.0],"socialScore":[0.0,0.0]},"peerSeries":{"timestamp":[1730419200,1733011200],"esgScore":[27.172400793650795,27.924407114624493],"governanceScore":[6.379929577464789,6.366111111111112],"environmentScore":[2.1654929577464794,2.2250000000000005],"socialScore":[13.70514084507042,13.6425]}}],"error":null}}}