{"update_time":"2024-12-08 12:44:16.363172","data":{"esgChart":{"result":[{"peerGroup":"Software & Services","symbolSeries":{"timestamp":[1727740800,1730419200],"esgScore":[24.17,24.17],"governanceScore":[7.83,7.83],"environmentScore":[5.01,5.01],"socialScore":[11.33,11.33]},"peerSeries":{"timestamp":[1727740800,1730419200],"esgScore":[21.91875,20.749752066115704],"governanceScore":[6.047160493827162,5.80553435114504],"environmentScore":[2.80037037037037,2.9668320610687022],"socialScore":[9.712592592592593,9.796335877862584]}}],"error":null}}}