{"update_time":"2024-12-04 12:11:20.708650","data":{"esgChart":{"result":[{"peerGroup":"Industrial Conglomerates","symbolSeries":{"timestamp":[1730419200],"esgScore":[39.04],"governanceScore":[4.0],"environmentScore":[18.72],"socialScore":[16.32]},"peerSeries":{"timestamp":[1730419200],"esgScore":[37.3240625],"governanceScore":[7.343488372093021],"environmentScore":[15.374186046511626],"socialScore":[13.69418604651163]}}],"error":null}}}