{"update_time":"2025-02-12 12:10:24.259967","data":{"esgChart":{"result":[{"peerGroup":"Industrial Conglomerates","symbolSeries":{"timestamp":[1730419200,1733011200,1735689600,1738368000],"esgScore":[39.04,39.04,39.04,39.04],"governanceScore":[4.0,4.0,4.0,4.0],"environmentScore":[18.72,18.72,18.72,18.72],"socialScore":[16.32,16.32,16.32,16.32]},"peerSeries":{"timestamp":[1730419200,1733011200,1735689600,1738368000],"esgScore":[37.3240625,37.758593749999996,37.69603174603174,37.90793650793651],"governanceScore":[7.343488372093021,7.357906976744184,7.295,7.302380952380952],"environmentScore":[15.374186046511626,15.443255813953485,15.302619047619043,15.302619047619043],"socialScore":[13.69418604651163,13.64139534883721,13.502380952380953,13.509523809523811]}}],"error":null}}}