{"update_time":"2024-12-19 12:11:50.249116","data":{"esgChart":{"result":[{"peerGroup":"Industrial Conglomerates","symbolSeries":{"timestamp":[1730419200,1733011200],"esgScore":[39.04,39.04],"governanceScore":[4.0,4.0],"environmentScore":[18.72,18.72],"socialScore":[16.32,16.32]},"peerSeries":{"timestamp":[1730419200,1733011200],"esgScore":[37.3240625,37.758593749999996],"governanceScore":[7.343488372093021,7.357906976744184],"environmentScore":[15.374186046511626,15.443255813953485],"socialScore":[13.69418604651163,13.64139534883721]}}],"error":null}}}