{"update_time":"2025-03-04 16:24:16.121906","data":{"esgChart":{"result":[{"peerGroup":"Textiles & Apparel","symbolSeries":{"timestamp":[1730419200,1733011200,1735689600,1738368000],"esgScore":[13.47,13.47,13.47,13.47],"governanceScore":[0.0,0.0,0.0,0.0],"environmentScore":[0.0,0.0,0.0,0.0],"socialScore":[0.0,0.0,0.0,0.0]},"peerSeries":{"timestamp":[1730419200,1733011200,1735689600,1738368000],"esgScore":[16.093466666666668,16.19173333333334,16.599600000000006,17.236052631578957],"governanceScore":[4.6753125,4.675000000000001,4.652500000000001,4.6675],"environmentScore":[2.2481250000000004,2.2396875,2.7190625,2.7703125],"socialScore":[7.761562499999998,7.741562499999999,7.735312499999998,7.721875]}}],"error":null}}}