{"update_time":"2025-02-15 12:33:19.494708","data":{"esgChart":{"result":[{"peerGroup":"Software & Services","symbolSeries":{"timestamp":[1733011200,1735689600,1738368000],"esgScore":[22.39,22.39,22.39],"governanceScore":[0.0,0.0,0.0],"environmentScore":[0.0,0.0,0.0],"socialScore":[0.0,0.0,0.0]},"peerSeries":{"timestamp":[1733011200,1735689600,1738368000],"esgScore":[20.741456953642388,20.740710743801657,20.810630182421228],"governanceScore":[5.763629343629346,5.76223076923077,5.750697674418606],"environmentScore":[2.974131274131274,2.9947307692307694,3.008565891472868],"socialScore":[9.807606177606166,9.812038461538451,9.848488372093012]}}],"error":null}}}