{"update_time":"2024-12-17 12:14:41.356010","data":{"esgChart":{"result":[{"peerGroup":"Software & Services","symbolSeries":{"timestamp":[1733011200],"esgScore":[22.39],"governanceScore":[0.0],"environmentScore":[0.0],"socialScore":[0.0]},"peerSeries":{"timestamp":[1733011200],"esgScore":[20.741456953642388],"governanceScore":[5.763629343629346],"environmentScore":[2.974131274131274],"socialScore":[9.807606177606166]}}],"error":null}}}