{"update_time":"2025-05-13 12:45:38.839340","data":{"esgChart":{"result":[{"peerGroup":"Software & Services","symbolSeries":{"timestamp":[1733011200,1735689600,1738368000,1740787200,1743465600],"esgScore":[22.39,22.39,22.39,22.39,22.39],"governanceScore":[0.0,0.0,0.0,0.0,0.0],"environmentScore":[0.0,0.0,0.0,0.0,0.0],"socialScore":[0.0,0.0,0.0,0.0,0.0]},"peerSeries":{"timestamp":[1733011200,1735689600,1738368000,1740787200,1743465600],"esgScore":[20.741456953642388,20.740710743801657,20.810630182421228,20.80081939799331,20.904713804713804],"governanceScore":[5.763629343629346,5.76223076923077,5.750697674418606,5.662929687499999,5.64171875],"environmentScore":[2.974131274131274,2.9947307692307694,3.008565891472868,3.057656249999999,3.11140625],"socialScore":[9.807606177606166,9.812038461538451,9.848488372093012,9.885351562499995,9.911718749999991]}}],"error":null}}}