{"update_time":"2024-12-19 12:11:51.284150","data":{"esgChart":{"result":[{"peerGroup":"Utilities","symbolSeries":{"timestamp":[1730419200,1733011200],"esgScore":[27.36,27.36],"governanceScore":[4.3,4.3],"environmentScore":[14.52,14.52],"socialScore":[8.53,8.53]},"peerSeries":{"timestamp":[1730419200,1733011200],"esgScore":[27.886468085106358,27.982127659574445],"governanceScore":[5.0064968152866225,4.9947770700636935],"environmentScore":[10.325796178343946,10.330127388535029],"socialScore":[9.850700636942678,9.86019108280255]}}],"error":null}}}