{"update_time":"2024-12-08 12:45:05.176999","data":{"esgChart":{"result":[{"peerGroup":"Energy Services","symbolSeries":{"timestamp":[1727740800,1730419200],"esgScore":[19.12,19.12],"governanceScore":[5.44,5.44],"environmentScore":[7.3,7.3],"socialScore":[6.39,6.39]},"peerSeries":{"timestamp":[1727740800,1730419200],"esgScore":[28.344285714285714,26.053661971830977],"governanceScore":[5.44,6.088333333333332],"environmentScore":[7.3,9.1925],"socialScore":[6.39,7.949583333333333]}}],"error":null}}}