{"update_time":"2025-11-04 12:36:16.273836","data":{"esgChart":{"result":[{"peerGroup":"Energy Services","symbolSeries":{"timestamp":[1727740800,1730419200,1733011200,1735689600,1738368000,1740787200,1743465600,1746057600,1748736000,1751328000,1754006400,1756684800,1759276800],"esgScore":[19.12,19.12,19.12,19.12,19.12,19.12,19.12,19.12,19.12,25.69,25.65,25.65,23.61],"governanceScore":[5.44,5.44,5.44,5.44,5.44,5.44,5.44,5.44,5.44,6.65,6.65,6.65,5.04],"environmentScore":[7.3,7.3,7.3,7.3,7.3,7.3,7.3,7.3,7.3,10.0,10.22,10.22,10.27],"socialScore":[6.39,6.39,6.39,6.39,6.39,6.39,6.39,6.39,6.39,9.04,8.79,8.79,8.3]},"peerSeries":{"timestamp":[1727740800,1730419200,1733011200,1735689600,1738368000,1740787200,1743465600,1746057600,1748736000,1751328000,1754006400,1756684800,1759276800],"esgScore":[28.344285714285714,26.053661971830977,26.220422535211256,26.410555555555547,26.443380281690132,26.53794520547944,26.746986301369848,26.802361111111093,26.889315068493133,27.236027397260266,27.32712328767122,27.27805555555555,26.713749999999994],"governanceScore":[5.44,6.088333333333332,6.0929166666666665,5.9967999999999995,6.0275,5.991199999999999,5.9969230769230775,6.046296296296297,6.054285714285714,6.130000000000001,6.155862068965517,6.148275862068965,5.733448275862068],"environmentScore":[7.3,9.1925,9.236666666666666,9.4652,9.3575,9.398,9.407692307692306,9.454074074074073,9.62392857142857,9.836785714285714,9.926206896551724,9.896896551724138,9.838275862068963],"socialScore":[6.39,7.949583333333333,7.981666666666666,8.247599999999998,8.197916666666664,8.309599999999998,8.484999999999998,8.517777777777777,8.508571428571427,8.785,8.76655172413793,8.76655172413793,8.607586206896553]}}],"error":null}}}