{"update_time":"2024-12-17 12:14:57.973882","data":{"esgChart":{"result":[{"peerGroup":"Energy Services","symbolSeries":{"timestamp":[1727740800,1730419200,1733011200],"esgScore":[19.12,19.12,19.12],"governanceScore":[5.44,5.44,5.44],"environmentScore":[7.3,7.3,7.3],"socialScore":[6.39,6.39,6.39]},"peerSeries":{"timestamp":[1727740800,1730419200,1733011200],"esgScore":[28.344285714285714,26.053661971830977,26.220422535211256],"governanceScore":[5.44,6.088333333333332,6.0929166666666665],"environmentScore":[7.3,9.1925,9.236666666666666],"socialScore":[6.39,7.949583333333333,7.981666666666666]}}],"error":null}}}