{"update_time":"2025-03-04 16:25:03.637105","data":{"esgChart":{"result":[{"peerGroup":"Homebuilders","symbolSeries":{"timestamp":[1730419200,1733011200,1735689600,1738368000],"esgScore":[16.35,16.35,16.35,16.35],"governanceScore":[3.32,3.32,3.32,3.32],"environmentScore":[5.31,5.31,5.31,5.31],"socialScore":[7.73,7.73,7.73,7.73]},"peerSeries":{"timestamp":[1730419200,1733011200,1735689600,1738368000],"esgScore":[19.33073170731707,19.78609756097561,19.718292682926826,19.798536585365852],"governanceScore":[4.013888888888888,4.009444444444444,4.009444444444444,4.009444444444444],"environmentScore":[8.293333333333331,8.407777777777776,8.407777777777776,8.407777777777776],"socialScore":[5.917777777777777,5.919444444444444,5.919444444444444,5.919444444444444]}}],"error":null}}}