{"update_time":"2024-12-11 12:11:22.359627","data":{"esgChart":{"result":[{"peerGroup":"Homebuilders","symbolSeries":{"timestamp":[1730419200,1733011200],"esgScore":[16.35,16.35],"governanceScore":[3.32,3.32],"environmentScore":[5.31,5.31],"socialScore":[7.73,7.73]},"peerSeries":{"timestamp":[1730419200,1733011200],"esgScore":[19.33073170731707,19.78609756097561],"governanceScore":[4.013888888888888,4.009444444444444],"environmentScore":[8.293333333333331,8.407777777777776],"socialScore":[5.917777777777777,5.919444444444444]}}],"error":null}}}