{"update_time":"2024-12-11 12:11:22.401838","data":{"esgChart":{"result":[{"peerGroup":"Building Products","symbolSeries":{"timestamp":[1730419200,1733011200],"esgScore":[26.73,26.73],"governanceScore":[6.14,6.14],"environmentScore":[13.64,13.64],"socialScore":[6.96,6.96]},"peerSeries":{"timestamp":[1730419200,1733011200],"esgScore":[23.676119402985083,23.807462686567177],"governanceScore":[5.2078125,5.220625000000001],"environmentScore":[9.87,9.960625],"socialScore":[5.682812499999999,5.675624999999999]}}],"error":null}}}