{"update_time":"2025-09-02 12:44:08.649112","data":{"esgChart":{"result":[{"peerGroup":"Software & Services","symbolSeries":{"timestamp":[1748736000,1751328000,1754006400],"esgScore":[29.16,29.16,29.16],"governanceScore":[0.0,0.0,0.0],"environmentScore":[0.0,0.0,0.0],"socialScore":[0.0,0.0,0.0]},"peerSeries":{"timestamp":[1748736000,1751328000,1754006400],"esgScore":[21.053982905982917,21.189334470989767,21.271357388316154],"governanceScore":[5.581897233201582,5.549801587301587,5.553599999999998],"environmentScore":[3.184268774703558,3.2042460317460315,3.2804],"socialScore":[9.965296442687745,10.007142857142858,10.071280000000003]}}],"error":null}}}