{"update_time":"2025-02-15 12:36:05.145224","data":{"esgChart":{"result":[{"peerGroup":"Diversified Financials","symbolSeries":{"timestamp":[1693526400,1696118400,1698796800,1701388800,1704067200,1706745600,1709251200,1711929600,1714521600,1717200000,1719792000,1722470400,1725148800,1727740800,1730419200,1733011200,1735689600,1738368000],"esgScore":[19.78,null,null,null,null,null,null,null,null,null,null,null,null,null,19.83,19.83,19.83,19.83],"governanceScore":[10.09,null,null,null,null,null,null,null,null,null,null,null,null,null,9.92,9.92,9.92,9.92],"environmentScore":[0.79,null,null,null,null,null,null,null,null,null,null,null,null,null,0.91,0.91,0.91,0.91],"socialScore":[8.9,null,null,null,null,null,null,null,null,null,null,null,null,null,9.0,9.0,9.0,9.0]},"peerSeries":{"timestamp":[1693526400,1696118400,1698796800,1701388800,1704067200,1706745600,1709251200,1711929600,1714521600,1717200000,1719792000,1722470400,1725148800,1727740800,1730419200,1733011200,1735689600,1738368000],"esgScore":[21.814,null,null,null,32.87,null,null,null,31.02,null,null,null,null,27.30876923076923,23.972808988764058,23.876629213483152,23.837521126760574,23.7646218487395],"governanceScore":[10.57,null,null,null,null,null,null,null,11.36,null,null,null,null,10.350909090909092,9.909254658385091,9.883024691358026,9.851349693251533,9.830545454545454],"environmentScore":[1.065,null,null,null,null,null,null,null,1.01,null,null,null,null,1.6604545454545452,1.5136645962732904,1.5319753086419738,1.536012269938649,1.5576969696969685],"socialScore":[11.212499999999999,null,null,null,null,null,null,null,11.35,null,null,null,null,10.07090909090909,8.95701863354037,8.920925925925925,8.88687116564417,8.852545454545453]}}],"error":null}}}