{"update_time":"2024-12-08 12:49:15.311488","data":{"esgChart":{"result":[{"peerGroup":"Diversified Financials","symbolSeries":{"timestamp":[1693526400,1696118400,1698796800,1701388800,1704067200,1706745600,1709251200,1711929600,1714521600,1717200000,1719792000,1722470400,1725148800,1727740800,1730419200],"esgScore":[19.78,null,null,null,null,null,null,null,null,null,null,null,null,null,19.83],"governanceScore":[10.09,null,null,null,null,null,null,null,null,null,null,null,null,null,9.92],"environmentScore":[0.79,null,null,null,null,null,null,null,null,null,null,null,null,null,0.91],"socialScore":[8.9,null,null,null,null,null,null,null,null,null,null,null,null,null,9.0]},"peerSeries":{"timestamp":[1693526400,1696118400,1698796800,1701388800,1704067200,1706745600,1709251200,1711929600,1714521600,1717200000,1719792000,1722470400,1725148800,1727740800,1730419200],"esgScore":[19.73976744186046,null,null,null,32.87,null,null,null,31.02,null,null,null,null,27.30876923076923,23.972808988764058],"governanceScore":[10.240617283950622,null,null,null,null,null,null,null,11.36,null,null,null,null,10.350909090909092,9.909254658385091],"environmentScore":[1.2733333333333328,null,null,null,null,null,null,null,1.01,null,null,null,null,1.6604545454545452,1.5136645962732904],"socialScore":[8.300740740740746,null,null,null,null,null,null,null,11.35,null,null,null,null,10.07090909090909,8.95701863354037]}}],"error":null}}}