{"update_time":"2024-10-21 13:09:48.981815","data":{"esgChart":{"result":[{"peerGroup":"Diversified Financials","symbolSeries":{"timestamp":[1693526400],"esgScore":[19.78],"governanceScore":[10.09],"environmentScore":[0.79],"socialScore":[8.9]},"peerSeries":{"timestamp":[1693526400],"esgScore":[19.73976744186046],"governanceScore":[10.240617283950622],"environmentScore":[1.2733333333333328],"socialScore":[8.300740740740746]}}],"error":null}}}