{"update_time":"2024-12-04 12:11:22.335197","data":{"esgChart":{"result":[{"peerGroup":"Energy Services","symbolSeries":{"timestamp":[1730419200],"esgScore":[33.15],"governanceScore":[9.13],"environmentScore":[14.56],"socialScore":[9.46]},"peerSeries":{"timestamp":[1730419200],"esgScore":[26.053661971830977],"governanceScore":[6.088333333333332],"environmentScore":[9.1925],"socialScore":[7.949583333333333]}}],"error":null}}}