{"update_time":"2024-12-11 12:11:23.208724","data":{"esgChart":{"result":[{"peerGroup":"Energy Services","symbolSeries":{"timestamp":[1730419200,1733011200],"esgScore":[33.15,33.15],"governanceScore":[9.13,9.13],"environmentScore":[14.56,14.56],"socialScore":[9.46,9.46]},"peerSeries":{"timestamp":[1730419200,1733011200],"esgScore":[26.053661971830977,26.220422535211256],"governanceScore":[6.088333333333332,6.0929166666666665],"environmentScore":[9.1925,9.236666666666666],"socialScore":[7.949583333333333,7.981666666666666]}}],"error":null}}}