{"update_time":"2025-04-04 12:47:39.875565","data":{"esgChart":{"result":[{"peerGroup":"Energy Services","symbolSeries":{"timestamp":[1730419200,1733011200,1735689600,1738368000,1740787200],"esgScore":[33.15,33.15,33.15,33.15,33.15],"governanceScore":[9.13,9.13,9.13,9.13,9.13],"environmentScore":[14.56,14.56,14.56,14.56,14.56],"socialScore":[9.46,9.46,9.46,9.46,9.46]},"peerSeries":{"timestamp":[1730419200,1733011200,1735689600,1738368000,1740787200],"esgScore":[26.053661971830977,26.220422535211256,26.410555555555547,26.443380281690132,26.53794520547944],"governanceScore":[6.088333333333332,6.0929166666666665,5.9967999999999995,6.0275,5.991199999999999],"environmentScore":[9.1925,9.236666666666666,9.4652,9.3575,9.398],"socialScore":[7.949583333333333,7.981666666666666,8.247599999999998,8.197916666666664,8.309599999999998]}}],"error":null}}}