{"update_time":"2025-05-13 12:48:47.666292","data":{"esgChart":{"result":[{"peerGroup":"Media","symbolSeries":{"timestamp":[1730419200,1733011200,1735689600],"esgScore":[18.75,18.75,18.75],"governanceScore":[0.0,0.0,0.0],"environmentScore":[0.0,0.0,0.0],"socialScore":[0.0,0.0,0.0]},"peerSeries":{"timestamp":[1730419200,1733011200,1735689600],"esgScore":[15.739136690647493,15.70535714285715,15.681500000000009],"governanceScore":[6.172542372881355,6.1804999999999986,6.173999999999999],"environmentScore":[0.5149152542372882,0.5151666666666668,0.514],"socialScore":[7.319830508474575,7.3501666666666665,7.3485000000000005]}}],"error":null}}}