{"update_time":"2024-10-21 13:15:40.837623","data":{"esgChart":{"result":[{"peerGroup":"Pharmaceuticals","symbolSeries":{"timestamp":[1727740800],"esgScore":[19.53],"governanceScore":[6.29],"environmentScore":[1.73],"socialScore":[11.51]},"peerSeries":{"timestamp":[1727740800],"esgScore":[28.269273927392735],"governanceScore":[6.1897222222222235],"environmentScore":[1.6988888888888891],"socialScore":[15.03638888888889]}}],"error":null}}}