{"update_time":"2025-05-13 12:50:13.742343","data":{"esgChart":{"result":[{"peerGroup":"Diversified Financials","symbolSeries":{"timestamp":[1730419200,1733011200,1735689600],"esgScore":[31.33,31.33,31.33],"governanceScore":[0.0,0.0,0.0],"environmentScore":[0.0,0.0,0.0],"socialScore":[0.0,0.0,0.0]},"peerSeries":{"timestamp":[1730419200,1733011200,1735689600],"esgScore":[23.972808988764058,23.876629213483152,23.837521126760574],"governanceScore":[9.909254658385091,9.883024691358026,9.851349693251533],"environmentScore":[1.5136645962732904,1.5319753086419738,1.536012269938649],"socialScore":[8.95701863354037,8.920925925925925,8.88687116564417]}}],"error":null}}}