{"update_time":"2025-11-04 12:39:45.514928","data":{"esgChart":{"result":[{"peerGroup":"US CE Technology","symbolSeries":{"timestamp":[1538352000,1541030400,1543622400,1546300800,1548979200,1551398400,1554076800,1556668800,1559347200,1561939200,1564617600,1567296000,1569888000,1572566400,1575158400,1577836800,1580515200,1583020800,1585699200,1588291200,1590969600,1593561600,1596240000,1598918400,1601510400,1604188800,1606780800],"esgScore":[46.44,46.44,46.44,46.96,null,null,null,null,null,null,null,null,23.29,23.66,23.66,23.24,23.08,23.07,22.84,22.73,22.58,22.74,22.45,22.12,22.05,21.46,21.43],"governanceScore":[46.6,46.6,46.6,47.88,null,null,null,null,null,null,null,null,7.07,7.04,7.0,7.2,7.19,7.14,7.04,7.04,7.0,6.77,6.84,6.99,7.12,6.99,6.98],"environmentScore":[54.77,54.77,54.77,54.39,null,null,null,null,null,null,null,null,2.58,2.27,2.27,2.73,2.64,2.62,2.46,2.46,2.44,2.25,2.25,2.25,2.19,2.13,2.14],"socialScore":[53.89,53.89,53.89,54.17,null,null,null,null,null,null,null,null,9.49,9.74,9.76,9.7,9.63,9.58,9.68,9.61,9.54,9.42,9.4,9.74,9.79,9.38,9.36]},"peerSeries":{"timestamp":[1538352000,1541030400,1543622400,1546300800,1548979200,1551398400,1554076800,1556668800,1559347200,1561939200,1564617600,1567296000,1569888000,1572566400,1575158400,1577836800,1580515200,1583020800,1585699200,1588291200,1590969600,1593561600,1596240000,1598918400,1601510400,1604188800,1606780800],"esgScore":[47.175,46.93,46.894999999999996,47.385000000000005,null,null,null,null,null,null,null,null,22.775,23.07,23.095,22.86,22.759999999999998,22.725,22.455,22.205,22.009999999999998,22.165,21.59,21.545,21.564999999999998,21.09,21.125],"governanceScore":[47.54,47.595,47.49,48.265,null,null,null,null,null,null,null,null,6.880000000000001,7.02,6.9399999999999995,7.050000000000001,7.025,6.785,6.885,6.96,6.95,6.82,6.779999999999999,6.775,6.805,6.61,6.550000000000001],"environmentScore":[54.55,54.42,54.255,54.16,null,null,null,null,null,null,null,null,3.365,2.95,2.94,3.135,3.12,3.23,3.025,2.925,3.02,2.8899999999999997,2.795,2.8,2.75,2.645,2.59],"socialScore":[53.615,53.379999999999995,53.36,53.730000000000004,null,null,null,null,null,null,null,null,9.09,9.325,9.3,9.29,9.190000000000001,8.91,9.129999999999999,9.21,9.16,9.08,8.81,8.925,8.875,8.43,8.375]}}],"error":null}}}