{"update_time":"2025-11-04 12:40:14.656782","data":{"esgChart":{"result":[{"peerGroup":"Oil & Gas Producers","symbolSeries":{"timestamp":[1730419200,1733011200,1735689600,1738368000,1740787200,1743465600,1746057600,1748736000,1751328000,1754006400,1756684800,1759276800],"esgScore":[46.62,46.62,46.62,38.99,38.99,39.27,39.27,39.27,39.65,46.26,46.26,46.26],"governanceScore":[6.52,6.52,6.52,5.43,5.43,5.43,5.43,5.43,5.43,6.21,6.21,6.21],"environmentScore":[28.61,28.61,28.61,20.97,20.97,21.26,21.26,21.26,21.64,25.5,25.5,25.5],"socialScore":[11.5,11.5,11.5,12.58,12.58,12.58,12.58,12.58,12.58,14.55,14.55,14.55]},"peerSeries":{"timestamp":[1730419200,1733011200,1735689600,1738368000,1740787200,1743465600,1746057600,1748736000,1751328000,1754006400,1756684800,1759276800],"esgScore":[40.66664670658685,41.42005988023955,42.098095238095254,42.161030303030316,42.18831325301206,42.68060240963856,43.0659393939394,43.4379754601227,43.716121212121244,43.95206060606063,44.145153374233125,42.97730061349696],"governanceScore":[6.480229885057474,6.490000000000001,6.4275581395348835,6.5607058823529405,6.5386046511627915,6.5938823529411765,6.671529411764706,6.68404761904762,6.676823529411765,6.793529411764704,6.790357142857142,6.201666666666667],"environmentScore":[21.059310344827583,21.17788235294117,21.36744186046511,21.21023529411765,21.24779069767442,21.494823529411775,21.801176470588242,22.03333333333334,22.28517647058823,22.70635294117647,22.855357142857144,22.48666666666666],"socialScore":[9.211034482758624,9.294705882352947,9.480930232558144,9.672941176470594,9.766860465116286,9.901529411764711,10.158235294117652,10.333214285714293,10.398235294117656,10.628352941176475,10.550476190476195,10.111547619047624]}}],"error":null}}}