{"update_time":"2025-03-04 16:28:16.933714","data":{"esgChart":{"result":[{"peerGroup":"Oil & Gas Producers","symbolSeries":{"timestamp":[1730419200,1733011200,1735689600,1738368000],"esgScore":[46.62,46.62,46.62,38.99],"governanceScore":[6.52,6.52,6.52,5.43],"environmentScore":[28.61,28.61,28.61,20.97],"socialScore":[11.5,11.5,11.5,12.58]},"peerSeries":{"timestamp":[1730419200,1733011200,1735689600,1738368000],"esgScore":[40.66664670658685,41.42005988023955,42.098095238095254,42.161030303030316],"governanceScore":[6.480229885057474,6.490000000000001,6.4275581395348835,6.5607058823529405],"environmentScore":[21.059310344827583,21.17788235294117,21.36744186046511,21.21023529411765],"socialScore":[9.211034482758624,9.294705882352947,9.480930232558144,9.672941176470594]}}],"error":null}}}