{"update_time":"2025-05-13 12:51:07.667018","data":{"esgChart":{"result":[{"peerGroup":"Healthcare","symbolSeries":{"timestamp":[1746057600],"esgScore":[26.45],"governanceScore":[0.0],"environmentScore":[0.0],"socialScore":[0.0]},"peerSeries":{"timestamp":[1746057600],"esgScore":[23.722990033222594],"governanceScore":[6.149249999999999],"environmentScore":[2.626333333333332],"socialScore":[12.295083333333338]}}],"error":null}}}