{"update_time":"2025-11-04 12:40:44.723822","data":{"esgChart":{"result":[{"peerGroup":"US CE Corporate Bond","symbolSeries":{"timestamp":[1533081600,1535760000,1538352000],"esgScore":[50.92,50.92,50.92],"governanceScore":[52.95,52.95,52.95],"environmentScore":[53.33,53.33,53.33],"socialScore":[50.3,50.3,50.3]},"peerSeries":{"timestamp":[1533081600,1535760000,1538352000],"esgScore":[45.03399999999999,45.22,44.65],"governanceScore":[53.144000000000005,53.44,52.865],"environmentScore":[55.272000000000006,55.459999999999994,54.525],"socialScore":[52.482000000000006,52.17,51.334999999999994]}}],"error":null}}}