{"update_time":"2024-12-04 12:11:28.394554","data":{"esgChart":{"result":[{"peerGroup":"Precious Metals","symbolSeries":{"timestamp":[1730419200],"esgScore":[41.43],"governanceScore":[7.59],"environmentScore":[20.91],"socialScore":[12.92]},"peerSeries":{"timestamp":[1730419200],"esgScore":[32.06808988764045],"governanceScore":[5.057090909090908],"environmentScore":[12.458909090909087],"socialScore":[10.650909090909089]}}],"error":null}}}