{"update_time":"2025-03-04 16:29:16.116135","data":{"esgChart":{"result":[{"peerGroup":"Refiners & Pipelines","symbolSeries":{"timestamp":[1730419200,1733011200,1735689600,1738368000],"esgScore":[14.67,14.67,14.67,14.67],"governanceScore":[3.69,3.69,3.69,3.69],"environmentScore":[7.26,7.26,7.26,7.26],"socialScore":[3.72,3.72,3.72,3.72]},"peerSeries":{"timestamp":[1730419200,1733011200,1735689600,1738368000],"esgScore":[32.28977528089889,33.09022727272729,33.23443181818183,33.352823529411765],"governanceScore":[3.317317073170732,3.4626829268292685,3.4878048780487796,3.4097500000000003],"environmentScore":[15.065365853658536,15.057804878048781,14.961951219512194,14.861999999999998],"socialScore":[9.36048780487805,9.45487804878049,9.650000000000002,9.7445]}}],"error":null}}}