{"update_time":"2024-12-04 12:11:28.696505","data":{"esgChart":{"result":[{"peerGroup":"Aerospace & Defense","symbolSeries":{"timestamp":[1730419200],"esgScore":[33.73],"governanceScore":[4.53],"environmentScore":[12.11],"socialScore":[17.09]},"peerSeries":{"timestamp":[1730419200],"esgScore":[32.22622950819671],"governanceScore":[5.868750000000001],"environmentScore":[8.670999999999998],"socialScore":[14.9845]}}],"error":null}}}