{"update_time":"2024-12-19 12:12:07.177457","data":{"esgChart":{"result":[{"peerGroup":"Aerospace & Defense","symbolSeries":{"timestamp":[1730419200,1733011200],"esgScore":[33.73,32.35],"governanceScore":[4.53,4.15],"environmentScore":[12.11,12.11],"socialScore":[17.09,16.09]},"peerSeries":{"timestamp":[1730419200,1733011200],"esgScore":[32.22622950819671,32.6855737704918],"governanceScore":[5.868750000000001,5.837500000000001],"environmentScore":[8.670999999999998,8.938999999999998],"socialScore":[14.9845,15.023999999999997]}}],"error":null}}}