{"update_time":"2025-02-12 12:10:33.296477","data":{"esgChart":{"result":[{"peerGroup":"Traders & Distributors","symbolSeries":{"timestamp":[1730419200,1733011200,1735689600,1738368000],"esgScore":[27.16,27.16,27.16,22.07],"governanceScore":[0.0,0.0,0.0,0.0],"environmentScore":[0.0,0.0,0.0,0.0],"socialScore":[0.0,0.0,0.0,0.0]},"peerSeries":{"timestamp":[1730419200,1733011200,1735689600,1738368000],"esgScore":[21.603894736842104,21.51115789473684,21.35421052631579,21.11263157894737],"governanceScore":[4.988823529411765,5.093333333333333,5.076060606060606,5.100303030303031],"environmentScore":[6.743235294117646,6.726666666666666,6.688787878787878,6.601818181818181],"socialScore":[6.840294117647059,6.906666666666668,6.9345454545454555,6.924242424242424]}}],"error":null}}}