{"update_time":"2024-12-17 12:21:26.624223","data":{"esgChart":{"result":[{"peerGroup":"Food Products","symbolSeries":{"timestamp":[1727740800,1730419200,1733011200],"esgScore":[40.26,40.26,40.26],"governanceScore":[0.0,0.0,0.0],"environmentScore":[0.0,0.0,0.0],"socialScore":[0.0,0.0,0.0]},"peerSeries":{"timestamp":[1727740800,1730419200,1733011200],"esgScore":[34.80869565217392,30.339107142857163,30.482500000000005],"governanceScore":[4.9390909090909085,5.0987068965517235,5.083448275862067],"environmentScore":[12.838181818181818,11.703275862068962,11.85215517241379],"socialScore":[12.215454545454547,11.015603448275856,11.06922413793103]}}],"error":null}}}