{"update_time":"2024-12-11 12:11:29.143316","data":{"esgChart":{"result":[{"peerGroup":"Retailing","symbolSeries":{"timestamp":[1730419200,1733011200],"esgScore":[24.97,24.97],"governanceScore":[0.0,0.0],"environmentScore":[0.0,0.0],"socialScore":[0.0,0.0]},"peerSeries":{"timestamp":[1730419200,1733011200],"esgScore":[17.983197026022317,18.017666666666678],"governanceScore":[4.282136752136752,4.2823076923076915],"environmentScore":[3.7912820512820513,3.7893162393162396],"socialScore":[9.143760683760691,9.142820512820517]}}],"error":null}}}