{"update_time":"2024-10-21 13:28:44.380876","data":{"esgChart":{"result":[{"peerGroup":"Software & Services","symbolSeries":{"timestamp":[1727740800],"esgScore":[20.47],"governanceScore":[8.19],"environmentScore":[1.44],"socialScore":[10.85]},"peerSeries":{"timestamp":[1727740800],"esgScore":[21.48289719626167],"governanceScore":[6.047160493827162],"environmentScore":[2.80037037037037],"socialScore":[9.712592592592593]}}],"error":null}}}