{"update_time":"2024-12-04 12:11:29.192317","data":{"esgChart":{"result":[{"peerGroup":"Homebuilders","symbolSeries":{"timestamp":[1730419200],"esgScore":[20.54],"governanceScore":[0.0],"environmentScore":[0.0],"socialScore":[0.0]},"peerSeries":{"timestamp":[1730419200],"esgScore":[19.33073170731707],"governanceScore":[4.013888888888888],"environmentScore":[8.293333333333331],"socialScore":[5.917777777777777]}}],"error":null}}}