{"update_time":"2025-03-28 12:51:03.905781","data":{"esgChart":{"result":[{"peerGroup":"Homebuilders","symbolSeries":{"timestamp":[1730419200,1733011200,1735689600,1738368000,1740787200],"esgScore":[20.54,20.54,20.54,20.54,20.54],"governanceScore":[0.0,0.0,0.0,0.0,0.0],"environmentScore":[0.0,0.0,0.0,0.0,0.0],"socialScore":[0.0,0.0,0.0,0.0,0.0]},"peerSeries":{"timestamp":[1730419200,1733011200,1735689600,1738368000,1740787200],"esgScore":[19.33073170731707,19.78609756097561,19.718292682926826,19.798536585365852,19.838780487804875],"governanceScore":[4.013888888888888,4.009444444444444,4.009444444444444,4.009444444444444,4.009444444444444],"environmentScore":[8.293333333333331,8.407777777777776,8.407777777777776,8.407777777777776,8.395555555555553],"socialScore":[5.917777777777777,5.919444444444444,5.919444444444444,5.919444444444444,6.027222222222222]}}],"error":null}}}