{"update_time":"2024-12-19 12:12:09.285738","data":{"esgChart":{"result":[{"peerGroup":"Media","symbolSeries":{"timestamp":[1730419200,1733011200],"esgScore":[14.39,14.39],"governanceScore":[4.66,4.66],"environmentScore":[2.69,2.69],"socialScore":[7.04,7.04]},"peerSeries":{"timestamp":[1730419200,1733011200],"esgScore":[15.739136690647493,15.70535714285715],"governanceScore":[6.172542372881355,6.1804999999999986],"environmentScore":[0.5149152542372882,0.5151666666666668],"socialScore":[7.319830508474575,7.3501666666666665]}}],"error":null}}}