{"update_time":"2025-02-08 12:43:55.775915","data":{"esgChart":{"result":[{"peerGroup":"Diversified Financials","symbolSeries":{"timestamp":[1727740800,1730419200,1733011200,1735689600],"esgScore":[25.44,24.87,24.87,24.87],"governanceScore":[11.49,11.68,11.68,11.68],"environmentScore":[0.35,0.35,0.35,0.35],"socialScore":[13.6,12.85,12.85,12.85]},"peerSeries":{"timestamp":[1727740800,1730419200,1733011200,1735689600],"esgScore":[27.30876923076923,23.972808988764058,23.876629213483152,23.837521126760574],"governanceScore":[10.350909090909092,9.909254658385091,9.883024691358026,9.851349693251533],"environmentScore":[1.6604545454545452,1.5136645962732904,1.5319753086419738,1.536012269938649],"socialScore":[10.07090909090909,8.95701863354037,8.920925925925925,8.88687116564417]}}],"error":null}}}