{"update_time":"2024-12-11 12:11:29.507976","data":{"esgChart":{"result":[{"peerGroup":"Software & Services","symbolSeries":{"timestamp":[1730419200,1733011200],"esgScore":[16.1,16.1],"governanceScore":[5.0,5.0],"environmentScore":[1.55,1.55],"socialScore":[9.55,9.55]},"peerSeries":{"timestamp":[1730419200,1733011200],"esgScore":[20.749752066115704,20.741456953642388],"governanceScore":[5.80553435114504,5.763629343629346],"environmentScore":[2.9668320610687022,2.974131274131274],"socialScore":[9.796335877862584,9.807606177606166]}}],"error":null}}}