{"update_time":"2024-12-04 12:11:29.506465","data":{"esgChart":{"result":[{"peerGroup":"Aerospace & Defense","symbolSeries":{"timestamp":[1730419200],"esgScore":[20.98],"governanceScore":[2.67],"environmentScore":[7.98],"socialScore":[10.33]},"peerSeries":{"timestamp":[1730419200],"esgScore":[32.22622950819671],"governanceScore":[5.868750000000001],"environmentScore":[8.670999999999998],"socialScore":[14.9845]}}],"error":null}}}