{"update_time":"2025-03-28 12:51:34.766956","data":{"esgChart":{"result":[{"peerGroup":"Aerospace & Defense","symbolSeries":{"timestamp":[1730419200,1733011200,1735689600,1738368000,1740787200],"esgScore":[20.98,20.98,20.98,20.98,20.98],"governanceScore":[2.67,2.67,2.67,2.67,2.67],"environmentScore":[7.98,7.98,7.98,7.98,7.98],"socialScore":[10.33,10.33,10.33,10.33,10.33]},"peerSeries":{"timestamp":[1730419200,1733011200,1735689600,1738368000,1740787200],"esgScore":[32.22622950819671,32.6855737704918,32.90704918032787,32.91213114754098,33.336721311475415],"governanceScore":[5.868750000000001,5.837500000000001,5.791,5.7844999999999995,5.74925],"environmentScore":[8.670999999999998,8.938999999999998,9.24225,9.24225,9.505999999999998],"socialScore":[14.9845,15.023999999999997,15.104999999999999,15.105249999999998,15.255999999999997]}}],"error":null}}}