{"update_time":"2024-06-25 13:33:04.946156","data":{"esgChart":{"result":[{"peerGroup":"US CE China Region","symbolSeries":{"timestamp":[1593561600,1596240000,1598918400,1601510400,1604188800,1606780800],"esgScore":[31.56,31.63,32.56,31.81,31.93,31.77],"governanceScore":[9.3,9.32,9.03,9.39,9.44,9.42],"environmentScore":[3.95,3.95,3.83,3.83,3.83,3.82],"socialScore":[12.29,12.35,11.91,11.88,11.93,11.76]},"peerSeries":{"timestamp":[1593561600,1596240000,1598918400,1601510400,1604188800,1606780800],"esgScore":[28.91,26.866666666666664,27.209999999999997,26.95,26.930000000000003,27.046666666666667],"governanceScore":[9.47,9.445,9.125,9.29,9.29,9.14],"environmentScore":[3.885,3.87,3.8200000000000003,3.79,3.825,4.01],"socialScore":[11.625,11.594999999999999,11.2,11.21,11.175,10.98]}}],"error":null}}}