{"update_time":"2025-11-04 12:43:37.807999","data":{"esgChart":{"result":[{"peerGroup":"Canada Fund Sector Equity","symbolSeries":{"timestamp":[1519862400,1522540800,1525132800,1527811200,1530403200,1533081600,1535760000,1538352000],"esgScore":[49.13,49.71,49.45,49.04,49.1,49.01,48.57,48.57],"governanceScore":[50.79,51.36,51.3,51.08,51.05,50.32,50.1,50.1],"environmentScore":[52.9,53.36,53.2,53.41,53.35,53.37,53.63,53.63],"socialScore":[54.57,55.13,55.3,55.12,54.85,54.92,55.29,55.29]},"peerSeries":{"timestamp":[1517443200,1519862400,1522540800,1525132800,1527811200,1530403200,1533081600,1535760000,1538352000],"esgScore":[47.34399999999999,47.35738095238095,47.157872340425534,47.14625,47.1922,47.18060000000002,46.99686274509804,47.18823529411765,47.0525925925926],"governanceScore":[51.83514285714285,51.858095238095245,51.745319148936176,51.604166666666664,51.6572,51.66600000000003,51.50098039215689,51.675098039215676,51.60814814814814],"environmentScore":[53.15942857142857,53.18023809523809,52.77936170212765,52.915416666666665,53.2328,53.19159999999999,53.239411764705885,53.42215686274514,53.37037037037039],"socialScore":[52.36799999999999,52.90333333333334,52.445106382978715,52.57312499999998,52.819799999999994,52.68639999999998,52.55549019607842,52.7427450980392,52.708333333333336]}}],"error":null}}}