{"update_time":"2024-10-21 13:36:07.298086","data":{"esgChart":{"result":[{"peerGroup":"Refiners & Pipelines","symbolSeries":{"timestamp":[1727740800],"esgScore":[26.73],"governanceScore":[4.2],"environmentScore":[14.44],"socialScore":[8.1]},"peerSeries":{"timestamp":[1727740800],"esgScore":[36.9925],"governanceScore":[4.4350000000000005],"environmentScore":[15.975000000000001],"socialScore":[13.120000000000001]}}],"error":null}}}