{"update_time":"2025-05-13 12:54:49.055653","data":{"esgChart":{"result":[{"peerGroup":"Consumer Services","symbolSeries":{"timestamp":[1746057600],"esgScore":[31.54],"governanceScore":[3.7],"environmentScore":[14.44],"socialScore":[13.4]},"peerSeries":{"timestamp":[1746057600],"esgScore":[24.834611650485435],"governanceScore":[5.354022988505747],"environmentScore":[6.577011494252874],"socialScore":[10.692413793103446]}}],"error":null}}}