{"update_time":"2025-09-02 12:51:33.895258","data":{"esgChart":{"result":[{"peerGroup":"Consumer Services","symbolSeries":{"timestamp":[1746057600,1748736000,1751328000,1754006400],"esgScore":[31.54,31.54,31.54,31.54],"governanceScore":[3.7,3.7,3.7,3.7],"environmentScore":[14.44,14.44,14.44,14.44],"socialScore":[13.4,13.4,13.4,13.4]},"peerSeries":{"timestamp":[1746057600,1748736000,1751328000,1754006400],"esgScore":[24.834611650485435,24.814019138755974,24.918476190476188,24.84644549763032],"governanceScore":[5.354022988505747,5.3396470588235285,5.301264367816091,5.319550561797752],"environmentScore":[6.577011494252874,6.736000000000001,6.844022988505746,6.882584269662921],"socialScore":[10.692413793103446,10.670117647058822,10.615862068965516,10.569887640449435]}}],"error":null}}}