{"update_time":"2025-05-13 12:54:57.537988","data":{"esgChart":{"result":[{"peerGroup":"US CE Convertibles","symbolSeries":{"timestamp":[1517443200,1519862400,1522540800,1525132800,1527811200,1530403200,1533081600],"esgScore":[40.94,40.83,40.85,41.17,41.17,41.12,41.63],"governanceScore":[48.2,47.63,46.67,46.89,46.18,45.95,46.17],"environmentScore":[43.43,43.48,44.08,44.28,44.22,44.43,45.13],"socialScore":[43.96,43.74,43.68,43.98,43.68,43.91,44.6]},"peerSeries":{"timestamp":[1517443200,1519862400,1522540800,1525132800,1527811200,1530403200,1533081600],"esgScore":[40.78692307692308,40.64076923076924,40.696923076923085,40.92615384615385,41.06230769230769,41.076153846153844,40.87071428571428],"governanceScore":[49.4076923076923,49.35461538461539,49.38846153846154,49.2846153846154,49.54384615384616,49.61,49.679285714285705],"environmentScore":[48.448461538461544,48.580000000000005,49.258461538461546,49.396923076923095,49.84076923076923,49.72,48.73857142857144],"socialScore":[46.893076923076926,46.72769230769231,46.95692307692308,47.239999999999995,47.684615384615384,47.840769230769226,47.057857142857145]}}],"error":null}}}