{"update_time":"2025-11-04 12:44:10.979909","data":{"esgChart":{"result":[{"peerGroup":"Real Estate","symbolSeries":{"timestamp":[1746057600],"esgScore":[17.82],"governanceScore":[0.0],"environmentScore":[0.0],"socialScore":[0.0]},"peerSeries":{"timestamp":[1746057600],"esgScore":[16.057203219315916],"governanceScore":[5.414260089686103],"environmentScore":[3.8721524663677127],"socialScore":[3.820717488789237]}}],"error":null}}}