{"update_time":"2024-12-08 13:01:27.121637","data":{"esgChart":{"result":[{"peerGroup":"Software & Services","symbolSeries":{"timestamp":[1727740800,1730419200],"esgScore":[20.24,20.24],"governanceScore":[5.97,5.97],"environmentScore":[1.71,1.71],"socialScore":[12.56,12.56]},"peerSeries":{"timestamp":[1727740800,1730419200],"esgScore":[21.91875,20.749752066115704],"governanceScore":[6.047160493827162,5.80553435114504],"environmentScore":[2.80037037037037,2.9668320610687022],"socialScore":[9.712592592592593,9.796335877862584]}}],"error":null}}}