{"update_time":"2025-03-04 16:32:11.521547","data":{"esgChart":{"result":[{"peerGroup":"Software & Services","symbolSeries":{"timestamp":[1727740800,1730419200,1733011200,1735689600,1738368000],"esgScore":[20.24,20.24,20.24,20.24,20.24],"governanceScore":[5.97,5.97,5.97,5.97,5.97],"environmentScore":[1.71,1.71,1.71,1.71,1.71],"socialScore":[12.56,12.56,12.56,12.56,12.56]},"peerSeries":{"timestamp":[1727740800,1730419200,1733011200,1735689600,1738368000],"esgScore":[21.95,20.749752066115704,20.741456953642388,20.740710743801657,20.810630182421228],"governanceScore":[6.047160493827162,5.80553435114504,5.763629343629346,5.76223076923077,5.750697674418606],"environmentScore":[2.80037037037037,2.9668320610687022,2.974131274131274,2.9947307692307694,3.008565891472868],"socialScore":[9.712592592592593,9.796335877862584,9.807606177606166,9.812038461538451,9.848488372093012]}}],"error":null}}}