{"update_time":"2024-10-03 14:20:43.502192","data":{"esgChart":{"result":[{"peerGroup":"Food Products","symbolSeries":{"timestamp":[1483228800,1485907200,1488326400,1491004800,1493596800,1496275200,1498867200,1501545600,1504224000,1506816000,1509494400,1512086400,1514764800,1517443200,1519862400,1522540800,1525132800,1527811200,1530403200],"esgScore":[70.76,70.76,70.76,70.76,70.76,70.76,70.76,null,null,70.47,null,null,null,null,null,null,null,null,70.47],"governanceScore":[75.95,75.95,75.95,75.95,75.95,75.95,75.95,null,null,66.25,null,null,null,null,null,null,null,null,66.25],"environmentScore":[73.71,73.71,73.71,73.71,73.71,73.71,73.71,null,null,74.12,null,null,null,null,null,null,null,null,74.12],"socialScore":[64.93,64.93,64.93,64.93,64.93,64.93,64.93,null,null,69.91,null,null,null,null,null,null,null,null,69.91]},"peerSeries":{"timestamp":[1483228800,1485907200,1488326400,1491004800,1493596800,1496275200,1498867200,1501545600,1504224000,1506816000,1509494400,1512086400,1514764800,1517443200,1519862400,1522540800,1525132800,1527811200,1530403200],"esgScore":[59.7070652173913,59.70086956521739,59.94326086956521,60.09204301075266,60.737582417582395,60.82384615384615,60.85901098901098,61.00879120879119,61.10681318681317,60.46797752808988,60.67011111111112,60.717555555555556,60.73666666666667,60.76366666666667,60.762,60.6398901098901,60.63483516483515,60.72615384615383,60.793301886792435],"governanceScore":[65.24771739130435,65.24771739130435,65.3383695652174,65.6337634408602,66.07692307692308,65.98373626373626,66.11362637362639,66.22296703296705,66.11153846153847,62.84471910112361,62.93633333333335,62.953888888888905,62.87688888888889,62.88600000000002,62.91133333333336,62.95813186813189,62.92758241758244,63.15824175824177,63.45188679245285],"environmentScore":[60.14163043478263,60.14163043478263,60.542608695652184,60.599784946236575,61.30076923076923,61.30428571428571,61.3153846153846,61.37802197802196,61.539670329670315,62.10460674157305,62.40455555555556,62.524222222222235,62.64577777777779,62.64744444444448,62.693555555555584,62.59483516483519,62.54967032967034,62.70131868131869,62.78226415094338],"socialScore":[55.863695652173924,55.84826086956523,56.047065217391314,56.18408602150537,56.907472527472535,57.17835164835165,57.175054945054946,57.42604395604395,57.59890109890111,57.549887640449434,57.73599999999999,57.73799999999998,57.72733333333331,57.78766666666666,57.72744444444443,57.479780219780196,57.526153846153825,57.478131868131854,57.39169811320752]}}],"error":null}}}