{"update_time":"2025-04-04 12:56:21.140160","data":{"esgChart":{"result":[{"peerGroup":"Diversified Metals","symbolSeries":{"timestamp":[1730419200,1733011200,1735689600,1738368000,1740787200],"esgScore":[31.43,31.43,31.43,31.22,25.25],"governanceScore":[4.94,4.94,4.94,4.94,3.89],"environmentScore":[12.88,12.88,12.88,12.67,10.16],"socialScore":[13.61,13.61,13.61,13.61,11.21]},"peerSeries":{"timestamp":[1730419200,1733011200,1735689600,1738368000,1740787200],"esgScore":[37.42411764705881,37.63224999999998,37.825289256198324,37.922644628099135,37.880916666666636],"governanceScore":[5.9679629629629645,5.966607142857144,5.989824561403509,6.003571428571429,5.984],"environmentScore":[14.932962962962959,15.219285714285713,15.47017543859649,15.322142857142854,15.014727272727269],"socialScore":[11.432592592592588,11.48892857142857,11.67017543859649,11.539107142857143,11.37290909090909]}}],"error":null}}}