{"update_time":"2024-12-04 12:11:35.285913","data":{"esgChart":{"result":[{"peerGroup":"Diversified Metals","symbolSeries":{"timestamp":[1730419200],"esgScore":[31.43],"governanceScore":[4.94],"environmentScore":[12.88],"socialScore":[13.61]},"peerSeries":{"timestamp":[1730419200],"esgScore":[37.42411764705881],"governanceScore":[5.9679629629629645],"environmentScore":[14.932962962962959],"socialScore":[11.432592592592588]}}],"error":null}}}