{"update_time":"2024-12-19 12:12:20.065710","data":{"esgChart":{"result":[{"peerGroup":"Media","symbolSeries":{"timestamp":[1730419200,1733011200],"esgScore":[16.06,16.06],"governanceScore":[0.0,0.0],"environmentScore":[0.0,0.0],"socialScore":[0.0,0.0]},"peerSeries":{"timestamp":[1730419200,1733011200],"esgScore":[15.739136690647493,15.70535714285715],"governanceScore":[6.172542372881355,6.1804999999999986],"environmentScore":[0.5149152542372882,0.5151666666666668],"socialScore":[7.319830508474575,7.3501666666666665]}}],"error":null}}}