{"update_time":"2025-11-04 12:46:22.839530","data":{"esgChart":{"result":[{"peerGroup":"US CE Miscellaneous Region","symbolSeries":{"timestamp":[1517443200,1519862400,1522540800,1525132800,1527811200,1530403200,1533081600,1535760000,1538352000,1541030400,1543622400,1546300800,1548979200,1551398400,1554076800,1556668800,1559347200,1561939200,1564617600,1567296000,1569888000,1572566400,1575158400,1577836800,1580515200,1583020800,1585699200,1588291200,1590969600,1593561600,1596240000,1598918400,1601510400,1604188800,1606780800],"esgScore":[45.52,45.52,45.52,47.05,47.05,47.05,47.45,47.45,47.45,47.45,47.5,47.5,null,null,null,null,null,null,null,null,null,null,null,null,null,null,null,null,null,32.43,32.26,31.46,31.34,31.24,29.6],"governanceScore":[44.4,44.4,44.4,46.43,46.43,46.43,47.54,47.54,47.54,47.54,48.41,48.41,null,null,null,null,null,null,null,null,null,null,null,null,null,null,null,null,null,9.35,9.42,9.33,9.31,9.24,8.68],"environmentScore":[48.24,48.24,48.24,49.09,49.09,49.09,48.98,48.98,48.98,48.98,48.74,48.74,null,null,null,null,null,null,null,null,null,null,null,null,null,null,null,null,null,11.75,11.69,11.19,11.13,11.11,9.51],"socialScore":[46.61,46.61,46.61,47.17,47.17,47.17,47.27,47.27,47.27,47.27,48.1,48.1,null,null,null,null,null,null,null,null,null,null,null,null,null,null,null,null,null,9.41,9.23,9.43,9.4,9.4,9.14]},"peerSeries":{"timestamp":[1517443200,1519862400,1522540800,1525132800,1527811200,1530403200,1533081600,1535760000,1538352000,1541030400,1543622400,1546300800,1548979200,1551398400,1554076800,1556668800,1559347200,1561939200,1564617600,1567296000,1569888000,1572566400,1575158400,1577836800,1580515200,1583020800,1585699200,1588291200,1590969600,1593561600,1596240000,1598918400,1601510400,1604188800,1606780800],"esgScore":[47.032222222222224,47.02875,46.908750000000005,47.42625,47.47625,47.487500000000004,47.60875,47.56500000000001,48.07000000000001,48.048571428571435,47.91571428571429,49.03333333333333,null,null,null,null,null,null,null,25.814999999999998,26.322857142857142,27.307500000000005,27.440000000000005,27.362499999999997,27.19875,27.21375,27.052857142857142,26.631666666666664,26.721428571428568,26.823333333333334,26.202857142857145,26.68,26.572857142857142,26.39428571428571,25.875714285714285],"governanceScore":[51.75222222222223,51.70625,51.55875,51.98125,52.0375,52.04625,52.1975,52.456250000000004,53.056250000000006,53.07142857142857,53.08142857142858,53.818333333333335,null,null,null,null,null,null,null,9.865,8.60142857142857,8.1625,8.1825,8.1775,8.146249999999998,8.133750000000001,8.361428571428572,8.463333333333333,7.922857142857143,7.608333333333333,7.6085714285714285,7.75,7.757142857142857,7.657142857142857,7.567142857142858],"environmentScore":[51.596666666666664,52.660000000000004,52.8025,52.88875,52.75625,52.7975,52.88250000000001,52.878750000000004,53.38250000000001,53.845714285714294,53.91857142857144,54.48500000000001,null,null,null,null,null,null,null,4.3549999999999995,6.184285714285715,6.505000000000001,7.03125,7.00125,6.932500000000001,6.998750000000001,6.808571428571429,6.676666666666667,6.792857142857143,7.456666666666667,6.691428571428572,6.724285714285713,6.651428571428572,6.667142857142857,6.39],"socialScore":[52.042222222222215,52.21375,52.246249999999996,52.489999999999995,52.50874999999999,52.537499999999994,53.214999999999996,52.9925,53.44,53.637142857142855,53.78857142857142,54.80166666666667,null,null,null,null,null,null,null,10.855,8.81,9.37625,9.40625,9.39,9.243750000000002,9.2575,9.345714285714285,9.181666666666667,8.977142857142857,8.684999999999999,8.754285714285714,9.024285714285714,9.01,8.848571428571429,8.674285714285714]}}],"error":null}}}