{"update_time":"2025-11-04 12:46:27.160266","data":{"esgChart":{"result":[{"peerGroup":"Utilities","symbolSeries":{"timestamp":[1727740800,1730419200,1733011200,1735689600,1738368000,1740787200,1743465600,1746057600,1748736000,1751328000,1754006400,1756684800,1759276800],"esgScore":[28.49,28.49,28.49,28.49,28.49,28.49,28.49,28.67,28.79,28.69,28.69,28.69,27.63],"governanceScore":[3.49,3.49,3.49,3.49,3.49,3.49,3.49,3.67,3.55,3.55,3.55,3.55,3.21],"environmentScore":[11.6,11.6,11.6,11.6,11.6,11.6,11.6,11.6,10.72,10.62,10.62,10.62,10.39],"socialScore":[13.4,13.4,13.4,13.4,13.4,13.4,13.4,13.4,14.52,14.52,14.52,14.52,14.03]},"peerSeries":{"timestamp":[1727740800,1730419200,1733011200,1735689600,1738368000,1740787200,1743465600,1746057600,1748736000,1751328000,1754006400,1756684800,1759276800],"esgScore":[33.97648648648649,27.886468085106358,27.956751054852298,28.287038626609416,28.522723404255302,28.782563025210074,28.96453389830507,29.118777292576418,29.460256410256402,29.324999999999996,29.53952789699569,29.604444444444443,29.10236051502146],"governanceScore":[4.183333333333334,5.0064968152866225,4.996962025316454,5.023290322580643,5.012692307692307,5.017948717948716,5.010584415584414,5.0200657894736835,5.034834437086091,5.011788079470196,5.0571523178807904,5.078552631578942,4.834266666666665],"environmentScore":[7.165,10.325796178343946,10.282088607594934,10.411677419354838,10.43346153846154,10.542884615384617,10.688831168831172,10.732105263157898,10.87476821192053,10.701589403973506,10.751258278145691,10.88151315789473,10.884199999999993],"socialScore":[9.004999999999999,9.850700636942678,9.863291139240507,10.135870967741939,10.31826923076923,10.415,10.491103896103898,10.604539473684207,10.677880794701986,10.766357615894037,10.868807947019862,10.994013157894733,10.773200000000003]}}],"error":null}}}