{"update_time":"2024-10-21 13:48:45.131275","data":{"esgChart":{"result":[{"peerGroup":"Utilities","symbolSeries":{"timestamp":[1727740800],"esgScore":[28.49],"governanceScore":[3.49],"environmentScore":[11.6],"socialScore":[13.4]},"peerSeries":{"timestamp":[1727740800],"esgScore":[32.020416666666655],"governanceScore":[4.1530000000000005],"environmentScore":[7.5969999999999995],"socialScore":[8.447]}}],"error":null}}}