{"update_time":"2025-05-14 12:12:51.596667","data":{"esgChart":{"result":[{"peerGroup":"Oil & Gas Producers","symbolSeries":{"timestamp":[1730419200,1733011200,1735689600],"esgScore":[42.3,42.3,42.3],"governanceScore":[3.46,3.46,3.46],"environmentScore":[26.11,26.11,26.11],"socialScore":[12.73,12.73,12.73]},"peerSeries":{"timestamp":[1730419200,1733011200,1735689600],"esgScore":[40.66664670658685,41.42005988023955,42.098095238095254],"governanceScore":[6.480229885057474,6.490000000000001,6.4275581395348835],"environmentScore":[21.059310344827583,21.17788235294117,21.36744186046511],"socialScore":[9.211034482758624,9.294705882352947,9.480930232558144]}}],"error":null}}}