{"update_time":"2024-12-04 12:11:35.782220","data":{"esgChart":{"result":[{"peerGroup":"Oil & Gas Producers","symbolSeries":{"timestamp":[1730419200],"esgScore":[42.3],"governanceScore":[3.46],"environmentScore":[26.11],"socialScore":[12.73]},"peerSeries":{"timestamp":[1730419200],"esgScore":[40.66664670658685],"governanceScore":[6.480229885057474],"environmentScore":[21.059310344827583],"socialScore":[9.211034482758624]}}],"error":null}}}