{"update_time":"2025-02-09 12:11:40.116827","data":{"esgChart":{"result":[{"peerGroup":"Food Products","symbolSeries":{"timestamp":[1727740800,1730419200,1733011200,1735689600],"esgScore":[38.85,38.85,38.85,38.85],"governanceScore":[0.0,0.0,0.0,0.0],"environmentScore":[0.0,0.0,0.0,0.0],"socialScore":[0.0,0.0,0.0,0.0]},"peerSeries":{"timestamp":[1727740800,1730419200,1733011200,1735689600],"esgScore":[34.80869565217392,30.339107142857163,30.482500000000005,30.68071428571428],"governanceScore":[4.9390909090909085,5.0987068965517235,5.083448275862067,5.082695652173912],"environmentScore":[12.838181818181818,11.703275862068962,11.85215517241379,12.050086956521739],"socialScore":[12.215454545454547,11.015603448275856,11.06922413793103,11.020347826086955]}}],"error":null}}}