{"update_time":"2024-03-07 13:02:42.899437","data":{"esgChart":{"result":[{"peerGroup":"US CE Energy Limited Partnership","symbolSeries":{"timestamp":[1517443200,1519862400,1522540800,1525132800,1527811200,1530403200,1533081600,1535760000,1538352000,1541030400],"esgScore":[38.7,38.71,37.82,39.17,38.87,38.74,39.12,38.46,38.27,63.76],"governanceScore":[49.0,49.43,49.42,50.02,49.85,49.75,49.61,49.17,49.52,59.2],"environmentScore":[40.96,41.13,40.42,41.11,41.07,41.02,40.07,39.37,39.3,61.83],"socialScore":[39.69,40.09,40.16,41.5,41.21,41.06,41.33,40.93,40.28,63.43]},"peerSeries":{"timestamp":[1517443200,1519862400,1522540800,1525132800,1527811200,1530403200,1533081600,1535760000,1538352000,1541030400],"esgScore":[35.14166666666667,35.15041666666667,35.16458333333334,35.35500000000001,35.575833333333335,35.56416666666667,35.28208333333333,35.132083333333334,35.14875,35.232083333333335],"governanceScore":[48.14291666666667,48.21083333333333,48.19166666666666,48.28541666666666,48.550000000000004,48.54083333333333,48.42875000000001,48.304166666666674,48.36166666666667,48.56916666666667],"environmentScore":[40.739999999999995,40.67083333333333,40.61374999999999,40.86708333333333,40.89125,40.885416666666664,40.79416666666667,40.612500000000004,40.62499999999999,40.68874999999999],"socialScore":[39.40500000000001,39.29541666666667,39.29,39.74166666666667,40.370833333333344,40.35833333333334,39.714999999999996,39.42708333333333,39.38375,39.53166666666667]}}],"error":null}}}