{"update_time":"2024-10-21 13:50:55.183702","data":{"esgChart":{"result":[{"peerGroup":"EAA Fund US Large-Cap Blend Equity","symbolSeries":{"timestamp":[1606780800],"esgScore":[22.16],"governanceScore":[7.83],"environmentScore":[3.67],"socialScore":[10.45]},"peerSeries":{"timestamp":[1606780800],"esgScore":[21.82611744583811],"governanceScore":[7.579566704675054],"environmentScore":[3.6730216647662552],"socialScore":[10.160627137970332]}}],"error":null}}}