{"update_time":"2025-11-04 12:46:55.839635","data":{"esgChart":{"result":[{"peerGroup":"EAA Fund US Large-Cap Blend Equity","symbolSeries":{"timestamp":[1606780800],"esgScore":[22.16],"governanceScore":[7.83],"environmentScore":[3.67],"socialScore":[10.45]},"peerSeries":{"timestamp":[1606780800],"esgScore":[21.825926982316055],"governanceScore":[7.579423844837447],"environmentScore":[3.6730233884769032],"socialScore":[10.160462065031352]}}],"error":null}}}