{"update_time":"2024-12-08 13:04:51.584847","data":{"esgChart":{"result":[{"peerGroup":"Healthcare","symbolSeries":{"timestamp":[1727740800,1730419200],"esgScore":[16.56,16.56],"governanceScore":[3.88,3.88],"environmentScore":[0.31,0.31],"socialScore":[12.37,12.37]},"peerSeries":{"timestamp":[1727740800,1730419200],"esgScore":[25.107839999999985,23.63607142857143],"governanceScore":[6.648181818181819,6.38878260869565],"environmentScore":[3.321818181818181,2.653217391304347],"socialScore":[12.416363636363634,12.468869565217396]}}],"error":null}}}