{"update_time":"2024-12-04 12:11:37.120607","data":{"esgChart":{"result":[{"peerGroup":"Precious Metals","symbolSeries":{"timestamp":[1730419200],"esgScore":[30.37],"governanceScore":[5.99],"environmentScore":[14.84],"socialScore":[9.53]},"peerSeries":{"timestamp":[1730419200],"esgScore":[32.06808988764045],"governanceScore":[5.057090909090908],"environmentScore":[12.458909090909087],"socialScore":[10.650909090909089]}}],"error":null}}}