{"update_time":"2024-12-19 12:12:25.335770","data":{"esgChart":{"result":[{"peerGroup":"Healthcare","symbolSeries":{"timestamp":[1730419200,1733011200],"esgScore":[25.22,25.22],"governanceScore":[8.13,8.13],"environmentScore":[0.35,0.35],"socialScore":[16.74,16.74]},"peerSeries":{"timestamp":[1730419200,1733011200],"esgScore":[23.63607142857143,23.61544262295082],"governanceScore":[6.38878260869565,6.38086956521739],"environmentScore":[2.653217391304347,2.6531304347826072],"socialScore":[12.468869565217396,12.473913043478264]}}],"error":null}}}