{"update_time":"2024-12-04 12:11:37.502663","data":{"esgChart":{"result":[{"peerGroup":"Healthcare","symbolSeries":{"timestamp":[1730419200],"esgScore":[25.22],"governanceScore":[8.13],"environmentScore":[0.35],"socialScore":[16.74]},"peerSeries":{"timestamp":[1730419200],"esgScore":[23.63607142857143],"governanceScore":[6.38878260869565],"environmentScore":[2.653217391304347],"socialScore":[12.468869565217396]}}],"error":null}}}