{"update_time":"2024-12-17 12:38:19.655687","data":{"esgChart":{"result":[{"peerGroup":"Oil & Gas Producers","symbolSeries":{"timestamp":[1727740800,1730419200,1733011200],"esgScore":[35.1,35.1,35.1],"governanceScore":[0.0,0.0,0.0],"environmentScore":[0.0,0.0,0.0],"socialScore":[0.0,0.0,0.0]},"peerSeries":{"timestamp":[1727740800,1730419200,1733011200],"esgScore":[47.377500000000005,40.66664670658685,41.38915662650605],"governanceScore":[7.065,6.480229885057474,6.490000000000001],"environmentScore":[22.732499999999998,21.059310344827583,21.17788235294117],"socialScore":[8.735,9.211034482758624,9.294705882352947]}}],"error":null}}}