{"update_time":"2025-11-04 12:48:36.220541","data":{"esgChart":{"result":[{"peerGroup":"US CE World Allocation","symbolSeries":{"timestamp":[1517443200,1519862400,1522540800,1525132800,1527811200,1530403200,1533081600,1535760000,1538352000,1541030400,1543622400,1546300800,1548979200,1551398400,1554076800,1556668800,1559347200,1561939200,1564617600,1567296000,1569888000,1572566400,1575158400,1577836800,1580515200,1583020800,1585699200,1588291200,1590969600,1593561600,1596240000,1598918400,1601510400,1604188800,1606780800],"esgScore":[54.08,53.82,53.53,53.05,52.81,52.93,53.15,53.29,53.55,53.28,53.26,53.03,null,null,null,null,null,null,null,null,null,null,null,null,null,null,null,null,null,25.79,25.61,25.24,25.19,24.91,25.02],"governanceScore":[52.5,52.31,51.96,51.53,51.45,51.96,51.91,52.09,52.17,51.89,52.0,51.91,null,null,null,null,null,null,null,null,null,null,null,null,null,null,null,null,null,7.33,7.18,7.23,7.21,7.11,7.24],"environmentScore":[56.62,56.54,56.89,56.45,56.42,56.22,56.58,55.97,55.88,55.76,55.62,55.44,null,null,null,null,null,null,null,null,null,null,null,null,null,null,null,null,null,5.17,5.24,5.15,5.24,5.23,5.14],"socialScore":[54.37,54.09,54.11,53.63,53.78,54.05,53.89,53.82,53.89,53.85,54.12,54.01,null,null,null,null,null,null,null,null,null,null,null,null,null,null,null,null,null,9.91,9.67,9.93,9.88,9.72,9.61]},"peerSeries":{"timestamp":[1517443200,1519862400,1522540800,1525132800,1527811200,1530403200,1533081600,1535760000,1538352000,1541030400,1543622400,1546300800,1548979200,1551398400,1554076800,1556668800,1559347200,1561939200,1564617600,1567296000,1569888000,1572566400,1575158400,1577836800,1580515200,1583020800,1585699200,1588291200,1590969600,1593561600,1596240000,1598918400,1601510400,1604188800,1606780800],"esgScore":[47.948888888888895,47.870999999999995,47.801,47.65100000000001,47.653000000000006,47.67300000000001,47.634,47.36,47.43444444444444,47.306666666666665,47.32666666666666,47.20777777777778,null,null,null,null,null,null,null,26.498,25.587777777777777,26.081111111111113,26.02444444444445,25.906666666666666,25.650000000000002,25.18111111111111,25.023333333333337,24.941111111111113,24.861111111111114,24.747777777777777,24.55333333333333,24.310000000000002,24.240000000000002,24.08142857142857,24.005714285714284],"governanceScore":[54.49888888888889,54.237,54.166999999999994,54.049,54.132999999999996,54.237,54.247,54.12888888888889,54.07666666666666,53.98555555555556,53.99111111111111,53.99333333333333,null,null,null,null,null,null,null,6.6579999999999995,7.722222222222222,7.628888888888889,7.617777777777778,7.615555555555555,7.651111111111111,7.696666666666668,7.70888888888889,7.58,7.527777777777778,7.404444444444445,7.294444444444445,7.617142857142857,7.574285714285714,7.541428571428573,7.537142857142858],"environmentScore":[55.5,55.287,55.28099999999999,55.126999999999995,55.35600000000001,55.324,55.563,55.58777777777779,55.603333333333325,55.53888888888889,55.57777777777778,55.44,null,null,null,null,null,null,null,5.2,4.926666666666667,5.166666666666668,5.17111111111111,5.172222222222222,5.036666666666666,4.931111111111111,4.862222222222223,5.0088888888888885,4.970000000000001,5.178888888888889,5.235555555555556,4.602857142857144,4.548571428571429,4.602857142857142,4.572857142857144],"socialScore":[54.87222222222223,54.561,54.464,54.327,54.423,54.477,54.38399999999999,54.51555555555555,54.699999999999996,54.69555555555556,54.64888888888889,54.40111111111111,null,null,null,null,null,null,null,8.978,9.412222222222223,10.044444444444444,10.011111111111113,9.94111111111111,9.96,10.065555555555555,10.072222222222223,9.982222222222223,9.942222222222222,9.755555555555555,9.612222222222222,9.847142857142858,9.784285714285714,9.671428571428573,9.544285714285715]}}],"error":null}}}