{"update_time":"2024-12-04 12:11:39.014341","data":{"esgChart":{"result":[{"peerGroup":"Retailing","symbolSeries":{"timestamp":[1730419200],"esgScore":[28.27],"governanceScore":[0.0],"environmentScore":[0.0],"socialScore":[0.0]},"peerSeries":{"timestamp":[1730419200],"esgScore":[17.983197026022317],"governanceScore":[4.282136752136752],"environmentScore":[3.7912820512820513],"socialScore":[9.143760683760691]}}],"error":null}}}