{"update_time":"2025-11-04 12:48:41.371853","data":{"esgChart":{"result":[{"peerGroup":"Chemicals","symbolSeries":{"timestamp":[1727740800,1730419200,1733011200,1735689600,1738368000,1740787200,1743465600,1746057600,1748736000,1751328000],"esgScore":[22.03,22.03,22.03,22.03,22.03,22.03,25.61,25.61,25.61,25.61],"governanceScore":[0.0,0.0,0.0,0.0,0.0,0.0,0.0,0.0,0.0,0.0],"environmentScore":[0.0,0.0,0.0,0.0,0.0,0.0,0.0,0.0,0.0,0.0],"socialScore":[0.0,0.0,0.0,0.0,0.0,0.0,0.0,0.0,0.0,0.0]},"peerSeries":{"timestamp":[1727740800,1730419200,1733011200,1735689600,1738368000,1740787200,1743465600,1746057600,1748736000,1751328000],"esgScore":[29.708181818181814,28.19076086956522,28.28934426229508,28.305846994535514,28.5408152173913,28.492692307692295,28.6456906077348,28.761899441340777,28.850601092896156,28.77852459016393],"governanceScore":[2.8466666666666662,5.159374999999999,5.137083333333332,5.137083333333332,5.101894736842104,5.07557894736842,5.005760869565217,5.043225806451612,5.033010752688172,5.055698924731183],"environmentScore":[14.14333333333333,13.540104166666667,13.74072916666667,13.74072916666667,13.949368421052634,13.937368421052634,13.911739130434785,14.134408602150545,14.237419354838716,14.263978494623657],"socialScore":[1.83,6.123437499999999,6.130937499999999,6.130937499999999,6.175684210526317,6.119052631578948,6.123804347826088,6.16430107526882,6.188279569892475,6.150967741935487]}}],"error":null}}}