{"update_time":"2024-12-04 12:11:39.143015","data":{"esgChart":{"result":[{"peerGroup":"Technology Hardware","symbolSeries":{"timestamp":[1730419200],"esgScore":[14.49],"governanceScore":[6.27],"environmentScore":[0.83],"socialScore":[7.39]},"peerSeries":{"timestamp":[1730419200],"esgScore":[15.839243697478981],"governanceScore":[4.913255813953486],"environmentScore":[3.148139534883721],"socialScore":[5.26174418604651]}}],"error":null}}}