{"update_time":"2024-12-19 12:12:30.849900","data":{"esgChart":{"result":[{"peerGroup":"Technology Hardware","symbolSeries":{"timestamp":[1730419200,1733011200],"esgScore":[14.49,14.49],"governanceScore":[6.27,6.27],"environmentScore":[0.83,0.83],"socialScore":[7.39,7.39]},"peerSeries":{"timestamp":[1730419200,1733011200],"esgScore":[15.839243697478981,15.97586497890294],"governanceScore":[4.913255813953486,4.916235294117645],"environmentScore":[3.148139534883721,3.251882352941176],"socialScore":[5.26174418604651,5.219764705882351]}}],"error":null}}}