{"update_time":"2024-10-21 14:02:27.791667","data":{"esgChart":{"result":[{"peerGroup":"Real Estate","symbolSeries":{"timestamp":[1727740800],"esgScore":[10.9],"governanceScore":[5.28],"environmentScore":[1.73],"socialScore":[3.89]},"peerSeries":{"timestamp":[1727740800],"esgScore":[15.359230769230773],"governanceScore":[5.001111111111111],"environmentScore":[3.7133333333333334],"socialScore":[4.067777777777777]}}],"error":null}}}