{"update_time":"2024-12-04 12:11:44.077718","data":{"esgChart":{"result":[{"peerGroup":"Steel","symbolSeries":{"timestamp":[1730419200],"esgScore":[36.57],"governanceScore":[6.85],"environmentScore":[15.59],"socialScore":[14.13]},"peerSeries":{"timestamp":[1730419200],"esgScore":[34.34549019607843],"governanceScore":[5.75],"environmentScore":[12.178181818181816],"socialScore":[11.872727272727275]}}],"error":null}}}