{"update_time":"2024-12-19 12:12:37.751086","data":{"esgChart":{"result":[{"peerGroup":"Steel","symbolSeries":{"timestamp":[1730419200,1733011200],"esgScore":[36.57,36.92],"governanceScore":[6.85,6.85],"environmentScore":[15.59,15.59],"socialScore":[14.13,14.48]},"peerSeries":{"timestamp":[1730419200,1733011200],"esgScore":[34.34549019607843,34.5152],"governanceScore":[5.75,5.6031818181818185],"environmentScore":[12.178181818181816,12.220454545454546],"socialScore":[11.872727272727275,11.68090909090909]}}],"error":null}}}