{"update_time":"2024-12-04 12:11:44.127207","data":{"esgChart":{"result":[{"peerGroup":"Commercial Services","symbolSeries":{"timestamp":[1730419200],"esgScore":[22.21],"governanceScore":[2.49],"environmentScore":[11.41],"socialScore":[8.31]},"peerSeries":{"timestamp":[1730419200],"esgScore":[17.10367441860465],"governanceScore":[4.026956521739131],"environmentScore":[2.467971014492754],"socialScore":[9.374637681159424]}}],"error":null}}}