{"update_time":"2025-11-04 12:50:19.946834","data":{"esgChart":{"result":[{"peerGroup":"Refiners & Pipelines","symbolSeries":{"timestamp":[1727740800,1730419200,1733011200,1735689600,1738368000,1740787200,1743465600,1746057600],"esgScore":[47.22,47.22,47.22,47.22,47.22,47.22,null,47.22],"governanceScore":[0.0,0.0,0.0,0.0,0.0,0.0,null,0.0],"environmentScore":[0.0,0.0,0.0,0.0,0.0,0.0,null,0.0],"socialScore":[0.0,0.0,0.0,0.0,0.0,0.0,null,0.0]},"peerSeries":{"timestamp":[1727740800,1730419200,1733011200,1735689600,1738368000,1740787200,1743465600,1746057600],"esgScore":[36.9925,32.28977528089889,33.09022727272729,33.23443181818183,33.352823529411765,33.98117647058824,34.196785714285724,34.5420253164557],"governanceScore":[4.4350000000000005,3.317317073170732,3.4626829268292685,3.4878048780487796,3.4097500000000003,3.598205128205128,3.896923076923076,4.374749999999998],"environmentScore":[15.975000000000001,15.065365853658536,15.057804878048781,14.961951219512194,14.861999999999998,14.836923076923076,14.894102564102562,15.151499999999993],"socialScore":[13.120000000000001,9.36048780487805,9.45487804878049,9.650000000000002,9.7445,10.133589743589743,10.42871794871795,10.857249999999999]}}],"error":null}}}