{"update_time":"2025-02-12 12:17:34.943095","data":{"esgChart":{"result":[{"peerGroup":"Technology Hardware","symbolSeries":{"timestamp":[1730419200,1733011200,1735689600,1738368000],"esgScore":[8.5,8.5,8.5,8.5],"governanceScore":[4.4,4.4,4.4,4.4],"environmentScore":[1.83,1.83,1.83,1.83],"socialScore":[2.27,2.27,2.27,2.27]},"peerSeries":{"timestamp":[1730419200,1733011200,1735689600,1738368000],"esgScore":[15.839243697478981,15.97586497890294,16.079411764705867,16.28644067796609],"governanceScore":[4.913255813953486,4.916235294117645,4.899999999999998,4.933218390804596],"environmentScore":[3.148139534883721,3.251882352941176,3.3526744186046504,3.5152873563218376],"socialScore":[5.26174418604651,5.219764705882351,5.197325581395348,5.23896551724138]}}],"error":null}}}