{"update_time":"2024-12-04 12:11:44.365083","data":{"esgChart":{"result":[{"peerGroup":"Technology Hardware","symbolSeries":{"timestamp":[1730419200],"esgScore":[8.5],"governanceScore":[4.4],"environmentScore":[1.83],"socialScore":[2.27]},"peerSeries":{"timestamp":[1730419200],"esgScore":[15.839243697478981],"governanceScore":[4.913255813953486],"environmentScore":[3.148139534883721],"socialScore":[5.26174418604651]}}],"error":null}}}