{"update_time":"2024-12-19 12:12:38.594411","data":{"esgChart":{"result":[{"peerGroup":"Technology Hardware","symbolSeries":{"timestamp":[1730419200,1733011200],"esgScore":[8.5,8.5],"governanceScore":[4.4,4.4],"environmentScore":[1.83,1.83],"socialScore":[2.27,2.27]},"peerSeries":{"timestamp":[1730419200,1733011200],"esgScore":[15.839243697478981,15.97586497890294],"governanceScore":[4.913255813953486,4.916235294117645],"environmentScore":[3.148139534883721,3.251882352941176],"socialScore":[5.26174418604651,5.219764705882351]}}],"error":null}}}