{"update_time":"2025-11-04 12:50:47.910389","data":{"esgChart":{"result":[{"peerGroup":"Paper & Forestry","symbolSeries":{"timestamp":[1730419200,1733011200,1735689600,1738368000,1740787200,1743465600,1746057600,1748736000,1751328000,1754006400,1756684800,1759276800],"esgScore":[22.52,22.52,22.52,22.52,22.52,22.98,25.68,25.68,23.69,23.69,23.69,22.91],"governanceScore":[0.0,0.0,0.0,0.0,0.0,0.0,0.0,0.0,0.0,0.0,0.0,0.0],"environmentScore":[0.0,0.0,0.0,0.0,0.0,0.0,0.0,0.0,0.0,0.0,0.0,0.0],"socialScore":[0.0,0.0,0.0,0.0,0.0,0.0,0.0,0.0,0.0,0.0,0.0,0.0]},"peerSeries":{"timestamp":[1730419200,1733011200,1735689600,1738368000,1740787200,1743465600,1746057600,1748736000,1751328000,1754006400,1756684800,1759276800],"esgScore":[21.11405405405406,21.284736842105264,21.29657894736842,21.4571052631579,21.762432432432433,21.874324324324323,21.881944444444443,21.936486486486483,21.512972972972975,21.36729729729729,21.3981081081081,21.134166666666665],"governanceScore":[3.0974999999999993,2.947894736842105,2.9363157894736838,2.902631578947368,2.902105263157894,2.912105263157894,2.912105263157894,2.81578947368421,2.7426315789473685,2.646842105263158,2.646842105263158,2.6777777777777785],"environmentScore":[10.913999999999998,10.730526315789474,10.748947368421051,10.67,10.64578947368421,10.798947368421054,10.816842105263158,10.953157894736842,10.83263157894737,10.613684210526316,10.593157894736843,10.341111111111111],"socialScore":[4.6015,4.444736842105263,4.409473684210526,4.457894736842104,4.450526315789473,4.463684210526316,4.4468421052631575,4.435789473684211,4.436842105263158,4.410526315789473,4.386842105263158,4.40888888888889]}}],"error":null}}}