{"update_time":"2025-05-14 12:16:32.853256","data":{"esgChart":{"result":[{"peerGroup":"Technology Hardware","symbolSeries":{"timestamp":[1727740800,1730419200,1733011200,1735689600,1738368000,1740787200,1743465600,1746057600],"esgScore":[19.11,19.11,19.11,19.11,19.11,19.11,19.11,19.11],"governanceScore":[0.0,0.0,0.0,0.0,0.0,0.0,0.0,0.0],"environmentScore":[0.0,0.0,0.0,0.0,0.0,0.0,0.0,0.0],"socialScore":[0.0,0.0,0.0,0.0,0.0,0.0,0.0,0.0]},"peerSeries":{"timestamp":[1727740800,1730419200,1733011200,1735689600,1738368000,1740787200,1743465600,1746057600],"esgScore":[15.827105263157902,15.839243697478981,15.97586497890294,16.079411764705867,16.28644067796609,16.447021276595734,16.5899574468085,16.688051948051942],"governanceScore":[4.245,4.913255813953486,4.916235294117645,4.899999999999998,4.933218390804596,4.838977272727271,4.85911111111111,4.806666666666665],"environmentScore":[1.957222222222222,3.148139534883721,3.251882352941176,3.3526744186046504,3.5152873563218376,3.7848863636363643,3.864888888888889,4.076666666666666],"socialScore":[4.912222222222223,5.26174418604651,5.219764705882351,5.197325581395348,5.23896551724138,5.298295454545454,5.328666666666667,5.333777777777778]}}],"error":null}}}