{"update_time":"2024-12-04 12:11:45.007701","data":{"esgChart":{"result":[{"peerGroup":"Traders & Distributors","symbolSeries":{"timestamp":[1730419200],"esgScore":[19.82],"governanceScore":[3.64],"environmentScore":[7.8],"socialScore":[8.38]},"peerSeries":{"timestamp":[1730419200],"esgScore":[21.603894736842104],"governanceScore":[4.988823529411765],"environmentScore":[6.743235294117646],"socialScore":[6.840294117647059]}}],"error":null}}}