{"update_time":"2024-12-19 12:12:40.773733","data":{"esgChart":{"result":[{"peerGroup":"Traders & Distributors","symbolSeries":{"timestamp":[1730419200,1733011200],"esgScore":[19.82,20.0],"governanceScore":[3.64,3.82],"environmentScore":[7.8,7.8],"socialScore":[8.38,8.38]},"peerSeries":{"timestamp":[1730419200,1733011200],"esgScore":[21.603894736842104,21.51115789473684],"governanceScore":[4.988823529411765,5.093333333333333],"environmentScore":[6.743235294117646,6.726666666666666],"socialScore":[6.840294117647059,6.906666666666668]}}],"error":null}}}