{"update_time":"2025-11-04 12:52:41.037004","data":{"esgChart":{"result":[{"peerGroup":"Oil & Gas Producers","symbolSeries":{"timestamp":[1735689600,1738368000,1740787200],"esgScore":[42.3,42.3,42.3],"governanceScore":[3.46,3.46,3.46],"environmentScore":[26.11,26.11,26.11],"socialScore":[12.73,12.73,12.73]},"peerSeries":{"timestamp":[1735689600,1738368000,1740787200],"esgScore":[42.098095238095254,42.161030303030316,42.18831325301206],"governanceScore":[6.4275581395348835,6.5607058823529405,6.5386046511627915],"environmentScore":[21.36744186046511,21.21023529411765,21.24779069767442],"socialScore":[9.480930232558144,9.672941176470594,9.766860465116286]}}],"error":null}}}