{"update_time":"2025-05-14 12:17:48.460639","data":{"esgChart":{"result":[{"peerGroup":"Telecommunication Services","symbolSeries":{"timestamp":[1727740800,1730419200,1733011200,1735689600],"esgScore":[35.6,35.6,35.6,35.6],"governanceScore":[0.0,0.0,0.0,0.0],"environmentScore":[0.0,0.0,0.0,0.0],"socialScore":[0.0,0.0,0.0,0.0]},"peerSeries":{"timestamp":[1727740800,1730419200,1733011200,1735689600],"esgScore":[30.16263157894737,24.555,24.7564,24.688999999999997],"governanceScore":[6.055,5.281896551724136,5.3772881355932185,5.321355932203388],"environmentScore":[5.7316666666666665,4.940172413793102,5.01322033898305,5.045593220338982],"socialScore":[12.553333333333335,10.787413793103452,10.901016949152545,11.034576271186442]}}],"error":null}}}