{"update_time":"2025-02-09 12:15:50.847429","data":{"esgChart":{"result":[{"peerGroup":"Commercial Services","symbolSeries":{"timestamp":[1727740800,1730419200,1733011200,1735689600],"esgScore":[14.33,14.33,14.33,14.73],"governanceScore":[3.01,3.01,3.01,3.47],"environmentScore":[1.74,1.74,1.74,0.86],"socialScore":[9.58,9.58,9.58,10.4]},"peerSeries":{"timestamp":[1727740800,1730419200,1733011200,1735689600],"esgScore":[20.095000000000006,17.10367441860465,17.402232558139538,17.466572769953054],"governanceScore":[3.901666666666667,4.026956521739131,3.9688405797101454,3.9461764705882367],"environmentScore":[4.173333333333333,2.467971014492754,2.640724637681159,2.7095588235294112],"socialScore":[9.865,9.374637681159424,9.410289855072467,9.39720588235294]}}],"error":null}}}