{"update_time":"2025-11-04 12:53:07.574168","data":{"esgChart":{"result":[{"peerGroup":"Food Products","symbolSeries":{"timestamp":[1727740800,1730419200,1733011200,1735689600,1738368000,1740787200,1743465600,1746057600,1748736000,1751328000,1754006400,1756684800,1759276800],"esgScore":[30.12,30.12,30.12,30.12,30.12,30.12,30.12,30.12,30.12,30.12,26.44,26.44,26.44],"governanceScore":[0.0,0.0,0.0,0.0,0.0,0.0,0.0,0.0,0.0,0.0,0.0,0.0,0.0],"environmentScore":[0.0,0.0,0.0,0.0,0.0,0.0,0.0,0.0,0.0,0.0,0.0,0.0,0.0],"socialScore":[0.0,0.0,0.0,0.0,0.0,0.0,0.0,0.0,0.0,0.0,0.0,0.0,0.0]},"peerSeries":{"timestamp":[1727740800,1730419200,1733011200,1735689600,1738368000,1740787200,1743465600,1746057600,1748736000,1751328000,1754006400,1756684800,1759276800],"esgScore":[35.121914893617024,30.339107142857163,30.482500000000005,30.68071428571428,30.71929203539823,30.78102678571428,30.838616071428568,30.90580357142857,30.8593832599119,30.78713656387667,30.640484581497798,30.634911504424785,29.75911111111113],"governanceScore":[4.9390909090909085,5.0987068965517235,5.083448275862067,5.082695652173912,5.075130434782607,5.057894736842104,5.038596491228069,4.982857142857141,4.954621848739495,5.022704918032785,5.040573770491804,5.01130081300813,4.602131147540984],"environmentScore":[12.838181818181818,11.703275862068962,11.85215517241379,12.050086956521739,12.073652173913045,12.191842105263163,12.355000000000004,12.524453781512607,12.663193277310919,12.765409836065572,12.767868852459015,12.785853658536585,12.66114754098361],"socialScore":[12.215454545454547,11.015603448275856,11.06922413793103,11.020347826086955,10.983565217391304,10.947631578947366,10.894473684210528,10.712184873949578,10.611848739495798,10.641639344262293,10.496721311475408,10.439430894308941,10.042704918032783]}}],"error":null}}}