{"update_time":"2024-12-19 12:12:42.346562","data":{"esgChart":{"result":[{"peerGroup":"Technology Hardware","symbolSeries":{"timestamp":[1730419200,1733011200],"esgScore":[17.46,17.54],"governanceScore":[4.21,4.21],"environmentScore":[10.47,10.47],"socialScore":[2.77,2.86]},"peerSeries":{"timestamp":[1730419200,1733011200],"esgScore":[15.839243697478981,15.97586497890294],"governanceScore":[4.913255813953486,4.916235294117645],"environmentScore":[3.148139534883721,3.251882352941176],"socialScore":[5.26174418604651,5.219764705882351]}}],"error":null}}}