{"update_time":"2024-12-04 12:11:45.474135","data":{"esgChart":{"result":[{"peerGroup":"Technology Hardware","symbolSeries":{"timestamp":[1730419200],"esgScore":[17.46],"governanceScore":[4.21],"environmentScore":[10.47],"socialScore":[2.77]},"peerSeries":{"timestamp":[1730419200],"esgScore":[15.839243697478981],"governanceScore":[4.913255813953486],"environmentScore":[3.148139534883721],"socialScore":[5.26174418604651]}}],"error":null}}}