{"update_time":"2025-05-14 12:18:16.927749","data":{"esgChart":{"result":[{"peerGroup":"Technology Hardware","symbolSeries":{"timestamp":[1730419200,1733011200,1735689600,1738368000,1740787200,1743465600,1746057600],"esgScore":[17.46,17.54,17.54,17.54,17.54,14.9,14.77],"governanceScore":[4.21,4.21,4.21,4.21,4.21,3.8,3.8],"environmentScore":[10.47,10.47,10.47,10.47,10.47,8.02,7.89],"socialScore":[2.77,2.86,2.86,2.86,2.86,3.07,3.07]},"peerSeries":{"timestamp":[1730419200,1733011200,1735689600,1738368000,1740787200,1743465600,1746057600],"esgScore":[15.839243697478981,15.97586497890294,16.079411764705867,16.28644067796609,16.447021276595734,16.5899574468085,16.688051948051942],"governanceScore":[4.913255813953486,4.916235294117645,4.899999999999998,4.933218390804596,4.838977272727271,4.85911111111111,4.806666666666665],"environmentScore":[3.148139534883721,3.251882352941176,3.3526744186046504,3.5152873563218376,3.7848863636363643,3.864888888888889,4.076666666666666],"socialScore":[5.26174418604651,5.219764705882351,5.197325581395348,5.23896551724138,5.298295454545454,5.328666666666667,5.333777777777778]}}],"error":null}}}