{"update_time":"2024-12-17 12:57:13.802894","data":{"esgChart":{"result":[{"peerGroup":"Retailing","symbolSeries":{"timestamp":[1727740800,1730419200,1733011200],"esgScore":[14.49,14.49,14.49],"governanceScore":[4.98,4.98,4.98],"environmentScore":[1.22,1.22,1.22],"socialScore":[8.28,8.28,8.28]},"peerSeries":{"timestamp":[1727740800,1730419200,1733011200],"esgScore":[20.056984126984123,17.983197026022317,18.017666666666678],"governanceScore":[4.686111111111111,4.282136752136752,4.2823076923076915],"environmentScore":[4.739999999999998,3.7912820512820513,3.7893162393162396],"socialScore":[9.368888888888891,9.143760683760691,9.142820512820517]}}],"error":null}}}