{"update_time":"2025-11-04 12:54:12.916200","data":{"esgChart":{"result":[{"peerGroup":"Healthcare","symbolSeries":{"timestamp":[1693526400,1696118400,1698796800,1701388800,1704067200,1706745600,1709251200,1711929600,1714521600,1717200000,1719792000,1722470400,1725148800,1727740800,1730419200,1733011200,1735689600,1738368000,1740787200,1743465600,1746057600,1748736000,1751328000,1754006400,1756684800,1759276800],"esgScore":[12.75,null,null,null,null,null,null,null,null,null,null,null,null,null,10.97,10.97,10.97,12.43,12.43,12.43,12.43,12.43,12.58,12.58,12.58,11.77],"governanceScore":[5.65,null,null,null,null,null,null,null,null,null,null,null,null,null,4.19,4.19,4.19,4.72,4.72,4.72,4.72,4.72,4.72,4.72,4.72,4.35],"environmentScore":[1.57,null,null,null,null,null,null,null,null,null,null,null,null,null,1.17,1.17,1.17,1.09,1.09,1.09,1.09,1.09,1.24,1.24,1.24,1.24],"socialScore":[5.53,null,null,null,null,null,null,null,null,null,null,null,null,null,5.61,5.61,5.61,6.62,6.62,6.62,6.62,6.62,6.62,6.62,6.62,6.18]},"peerSeries":{"timestamp":[1693526400,1696118400,1698796800,1701388800,1704067200,1706745600,1709251200,1711929600,1714521600,1717200000,1719792000,1722470400,1725148800,1727740800,1730419200,1733011200,1735689600,1738368000,1740787200,1743465600,1746057600,1748736000,1751328000,1754006400,1756684800,1759276800],"esgScore":[20.265,null,null,null,26.996000000000002,null,null,null,null,null,26.02,null,27.31,25.1276984126984,23.63607142857143,23.61544262295082,23.609477124183005,23.636372549019608,23.65124590163935,23.711067961165043,23.722990033222594,23.75258899676375,23.813818770226533,23.815015974440886,23.839584664536734,23.455175718849844],"governanceScore":[6.612500000000001,null,null,null,null,null,null,null,null,null,null,null,null,6.648181818181819,6.38878260869565,6.38086956521739,6.289572649572649,6.276581196581196,6.266293103448275,6.230336134453781,6.149249999999999,6.071393442622953,5.950940170940173,5.950000000000004,5.916440677966105,5.703813559322033],"environmentScore":[1.0625,null,null,null,null,null,null,null,null,null,null,null,null,3.321818181818181,2.653217391304347,2.6531304347826072,2.635213675213674,2.6327350427350416,2.6438793103448255,2.639663865546216,2.626333333333332,2.5986885245901616,2.586923076923076,2.567647058823529,2.593305084745763,2.637796610169491],"socialScore":[12.59,null,null,null,null,null,null,null,null,null,null,null,null,12.416363636363634,12.468869565217396,12.473913043478264,12.402136752136753,12.395470085470087,12.34129310344828,12.37243697478992,12.295083333333338,12.19631147540984,12.068632478632482,11.897394957983195,11.769491525423728,11.337627118644061]}}],"error":null}}}