{"update_time":"2024-06-25 14:27:06.752500","data":{"esgChart":{"result":[{"peerGroup":"Healthcare","symbolSeries":{"timestamp":[1693526400],"esgScore":[12.75],"governanceScore":[5.65],"environmentScore":[1.57],"socialScore":[5.53]},"peerSeries":{"timestamp":[1693526400],"esgScore":[21.72719298245615],"governanceScore":[7.560714285714284],"environmentScore":[2.189642857142858],"socialScore":[11.985178571428568]}}],"error":null}}}