{"update_time":"2025-03-04 16:40:30.957429","data":{"esgChart":{"result":[{"peerGroup":"Healthcare","symbolSeries":{"timestamp":[1693526400,1696118400,1698796800,1701388800,1704067200,1706745600,1709251200,1711929600,1714521600,1717200000,1719792000,1722470400,1725148800,1727740800,1730419200,1733011200,1735689600,1738368000],"esgScore":[12.75,null,null,null,null,null,null,null,null,null,null,null,null,null,10.97,10.97,10.97,12.43],"governanceScore":[5.65,null,null,null,null,null,null,null,null,null,null,null,null,null,4.19,4.19,4.19,4.72],"environmentScore":[1.57,null,null,null,null,null,null,null,null,null,null,null,null,null,1.17,1.17,1.17,1.09],"socialScore":[5.53,null,null,null,null,null,null,null,null,null,null,null,null,null,5.61,5.61,5.61,6.62]},"peerSeries":{"timestamp":[1693526400,1696118400,1698796800,1701388800,1704067200,1706745600,1709251200,1711929600,1714521600,1717200000,1719792000,1722470400,1725148800,1727740800,1730419200,1733011200,1735689600,1738368000],"esgScore":[20.265,null,null,null,26.996000000000002,null,null,null,null,null,26.02,null,27.31,25.107839999999985,23.63607142857143,23.61544262295082,23.609477124183005,23.636372549019608],"governanceScore":[6.612500000000001,null,null,null,null,null,null,null,null,null,null,null,null,6.648181818181819,6.38878260869565,6.38086956521739,6.289572649572649,6.276581196581196],"environmentScore":[1.0625,null,null,null,null,null,null,null,null,null,null,null,null,3.321818181818181,2.653217391304347,2.6531304347826072,2.635213675213674,2.6327350427350416],"socialScore":[12.59,null,null,null,null,null,null,null,null,null,null,null,null,12.416363636363634,12.468869565217396,12.473913043478264,12.402136752136753,12.395470085470087]}}],"error":null}}}