{"update_time":"2025-08-25 19:33:08.201934","data":{"esgChart":{"result":[{"peerGroup":"Software & Services","symbolSeries":{"timestamp":[1751328000,1754006400],"esgScore":[27.83,27.83],"governanceScore":[0.0,0.0],"environmentScore":[0.0,0.0],"socialScore":[0.0,0.0]},"peerSeries":{"timestamp":[1751328000,1754006400],"esgScore":[21.189334470989767,21.271357388316154],"governanceScore":[5.549801587301587,5.553599999999998],"environmentScore":[3.2042460317460315,3.2804],"socialScore":[10.007142857142858,10.071280000000003]}}],"error":null}}}