{"update_time":"2024-12-19 12:12:48.471053","data":{"esgChart":{"result":[{"peerGroup":"Retailing","symbolSeries":{"timestamp":[1730419200,1733011200],"esgScore":[26.0,26.0],"governanceScore":[6.53,6.53],"environmentScore":[9.75,9.75],"socialScore":[9.72,9.72]},"peerSeries":{"timestamp":[1730419200,1733011200],"esgScore":[17.983197026022317,18.017666666666678],"governanceScore":[4.282136752136752,4.2823076923076915],"environmentScore":[3.7912820512820513,3.7893162393162396],"socialScore":[9.143760683760691,9.142820512820517]}}],"error":null}}}