{"update_time":"2025-11-04 12:55:29.463677","data":{"esgChart":{"result":[{"peerGroup":"Machinery","symbolSeries":{"timestamp":[1748736000,1751328000,1754006400,1756684800,1759276800],"esgScore":[33.18,33.18,33.18,33.18,32.79],"governanceScore":[5.7,5.7,5.7,5.7,5.7],"environmentScore":[13.74,13.74,13.74,13.74,13.74],"socialScore":[13.74,13.74,13.74,13.74,13.35]},"peerSeries":{"timestamp":[1748736000,1751328000,1754006400,1756684800,1759276800],"esgScore":[28.55869090909091,28.779677419354833,29.02996363636363,29.030327272727273,28.81996363636365],"governanceScore":[5.700158730158729,5.742968749999998,5.696141732283464,5.647716535433071,5.49328125],"environmentScore":[9.81936507936508,10.000937500000001,10.2403937007874,10.27354330708662,10.425468750000006],"socialScore":[10.686428571428571,10.7375,10.70267716535433,10.668740157480315,10.532734374999999]}}],"error":null}}}