{"update_time":"2025-08-25 19:34:24.310653","data":{"esgChart":{"result":[{"peerGroup":"Machinery","symbolSeries":{"timestamp":[1748736000,1751328000,1754006400],"esgScore":[33.18,33.18,33.18],"governanceScore":[5.7,5.7,5.7],"environmentScore":[13.74,13.74,13.74],"socialScore":[13.74,13.74,13.74]},"peerSeries":{"timestamp":[1748736000,1751328000,1754006400],"esgScore":[28.55869090909091,28.779677419354833,29.031058394160578],"governanceScore":[5.700158730158729,5.742968749999998,5.696141732283464],"environmentScore":[9.81936507936508,10.000937500000001,10.2403937007874],"socialScore":[10.686428571428571,10.7375,10.70267716535433]}}],"error":null}}}