{"update_time":"2025-09-02 13:03:46.789005","data":{"esgChart":{"result":[{"peerGroup":"Diversified Financials","symbolSeries":{"timestamp":[1746057600,1748736000,1751328000,1754006400],"esgScore":[31.13,31.13,31.13,31.13],"governanceScore":[15.45,15.45,15.45,15.45],"environmentScore":[3.37,3.37,3.37,3.37],"socialScore":[12.32,12.32,12.32,12.32]},"peerSeries":{"timestamp":[1746057600,1748736000,1751328000,1754006400],"esgScore":[23.803361581920907,23.640812324929964,23.62831932773108,23.593249999999994],"governanceScore":[9.864736842105264,9.745739644970417,9.711705882352943,9.717816091954022],"environmentScore":[1.6047953216374256,1.621597633136093,1.6129411764705868,1.659195402298849],"socialScore":[8.96052631578947,8.883136094674553,8.897882352941176,8.971666666666666]}}],"error":null}}}