{"update_time":"2025-05-14 12:19:42.720222","data":{"esgChart":{"result":[{"peerGroup":"Diversified Financials","symbolSeries":{"timestamp":[1746057600],"esgScore":[31.13],"governanceScore":[15.45],"environmentScore":[3.37],"socialScore":[12.32]},"peerSeries":{"timestamp":[1746057600],"esgScore":[23.814844192634563],"governanceScore":[9.871058823529411],"environmentScore":[1.6122352941176457],"socialScore":[8.950705882352938]}}],"error":null}}}