{"update_time":"2024-12-19 12:12:50.426799","data":{"esgChart":{"result":[{"peerGroup":"Construction Materials","symbolSeries":{"timestamp":[1730419200,1733011200],"esgScore":[19.28,19.28],"governanceScore":[3.0,3.0],"environmentScore":[12.27,12.27],"socialScore":[4.01,4.01]},"peerSeries":{"timestamp":[1730419200,1733011200],"esgScore":[29.912439024390242,30.169756097560978],"governanceScore":[6.805238095238095,6.77],"environmentScore":[14.497142857142856,14.42],"socialScore":[6.2476190476190485,6.190952380952382]}}],"error":null}}}