{"update_time":"2025-05-14 12:20:13.596604","data":{"esgChart":{"result":[{"peerGroup":"Construction Materials","symbolSeries":{"timestamp":[1730419200,1733011200,1735689600,1738368000,1740787200,1743465600,1746057600],"esgScore":[19.28,19.28,17.65,17.65,17.65,17.65,17.65],"governanceScore":[3.0,3.0,3.05,3.05,3.05,3.05,3.05],"environmentScore":[12.27,12.27,10.34,10.34,10.34,10.34,10.34],"socialScore":[4.01,4.01,4.26,4.26,4.26,4.26,4.26]},"peerSeries":{"timestamp":[1730419200,1733011200,1735689600,1738368000,1740787200,1743465600,1746057600],"esgScore":[29.912439024390242,30.169756097560978,29.982682926829273,29.99170731707317,30.158250000000002,30.31475000000001,29.054594594594594],"governanceScore":[6.805238095238095,6.77,6.714285714285714,6.714285714285714,6.744761904761904,6.828636363636363,6.42625],"environmentScore":[14.497142857142856,14.42,14.068571428571426,14.063809523809523,14.116666666666665,14.033636363636363,13.83083333333333],"socialScore":[6.2476190476190485,6.190952380952382,6.211428571428572,6.212380952380952,6.080952380952381,6.2245454545454555,6.111250000000001]}}],"error":null}}}