{"update_time":"2024-12-04 12:11:50.656431","data":{"esgChart":{"result":[{"peerGroup":"Construction Materials","symbolSeries":{"timestamp":[1730419200],"esgScore":[19.28],"governanceScore":[3.0],"environmentScore":[12.27],"socialScore":[4.01]},"peerSeries":{"timestamp":[1730419200],"esgScore":[29.912439024390242],"governanceScore":[6.805238095238095],"environmentScore":[14.497142857142856],"socialScore":[6.2476190476190485]}}],"error":null}}}