{"update_time":"2025-02-09 12:17:58.176379","data":{"esgChart":{"result":[{"peerGroup":"Textiles & Apparel","symbolSeries":{"timestamp":[1727740800,1730419200,1733011200,1735689600],"esgScore":[15.33,15.33,15.33,15.33],"governanceScore":[0.0,0.0,0.0,0.0],"environmentScore":[0.0,0.0,0.0,0.0],"socialScore":[0.0,0.0,0.0,0.0]},"peerSeries":{"timestamp":[1727740800,1730419200,1733011200,1735689600],"esgScore":[16.74222222222222,16.093466666666668,16.19173333333334,16.599600000000006],"governanceScore":[null,4.6753125,4.675000000000001,4.652500000000001],"environmentScore":[null,2.2481250000000004,2.2396875,2.7190625],"socialScore":[null,7.761562499999998,7.741562499999999,7.735312499999998]}}],"error":null}}}