{"update_time":"2024-12-08 13:19:26.199067","data":{"esgChart":{"result":[{"peerGroup":"Textiles & Apparel","symbolSeries":{"timestamp":[1727740800,1730419200],"esgScore":[15.33,15.33],"governanceScore":[0.0,0.0],"environmentScore":[0.0,0.0],"socialScore":[0.0,0.0]},"peerSeries":{"timestamp":[1727740800,1730419200],"esgScore":[16.74222222222222,16.093466666666668],"governanceScore":[null,4.6753125],"environmentScore":[null,2.2481250000000004],"socialScore":[null,7.761562499999998]}}],"error":null}}}