{"update_time":"2025-05-14 12:20:40.501803","data":{"esgChart":{"result":[{"peerGroup":"Textiles & Apparel","symbolSeries":{"timestamp":[1727740800,1730419200,1733011200,1735689600,1738368000,1740787200,1743465600,1746057600],"esgScore":[15.33,15.33,15.33,15.33,15.33,15.33,15.97,16.04],"governanceScore":[0.0,0.0,0.0,0.0,0.0,0.0,4.61,4.85],"environmentScore":[0.0,0.0,0.0,0.0,0.0,0.0,4.56,4.44],"socialScore":[0.0,0.0,0.0,0.0,0.0,0.0,6.8,6.75]},"peerSeries":{"timestamp":[1727740800,1730419200,1733011200,1735689600,1738368000,1740787200,1743465600,1746057600],"esgScore":[16.74222222222222,16.093466666666668,16.19173333333334,16.599600000000006,17.236052631578957,17.551315789473694,17.65907894736843,17.7971052631579],"governanceScore":[null,4.6753125,4.675000000000001,4.652500000000001,4.6675,4.707812499999999,4.703939393939393,4.80090909090909],"environmentScore":[null,2.2481250000000004,2.2396875,2.7190625,2.7703125,2.9418750000000005,3.078787878787879,3.1236363636363635],"socialScore":[null,7.761562499999998,7.741562499999999,7.735312499999998,7.721875,7.6909374999999995,7.677272727272728,7.704848484848483]}}],"error":null}}}