{"update_time":"2024-12-04 12:11:50.920248","data":{"esgChart":{"result":[{"peerGroup":"Steel","symbolSeries":{"timestamp":[1730419200],"esgScore":[33.74],"governanceScore":[0.0],"environmentScore":[0.0],"socialScore":[0.0]},"peerSeries":{"timestamp":[1730419200],"esgScore":[34.34549019607843],"governanceScore":[5.75],"environmentScore":[12.178181818181816],"socialScore":[11.872727272727275]}}],"error":null}}}