{"update_time":"2024-12-17 13:04:57.634076","data":{"esgChart":{"result":[{"peerGroup":"Semiconductors","symbolSeries":{"timestamp":[1727740800,1730419200,1733011200],"esgScore":[14.51,14.51,14.51],"governanceScore":[4.27,4.27,4.27],"environmentScore":[4.93,4.93,4.93],"socialScore":[5.31,5.31,5.31]},"peerSeries":{"timestamp":[1727740800,1730419200,1733011200],"esgScore":[21.88161764705882,23.277606837606847,23.489750000000004],"governanceScore":[4.9688,5.421799999999999,5.373200000000001],"environmentScore":[6.8176,7.5316,7.634000000000001],"socialScore":[5.646800000000001,6.025,5.9594]}}],"error":null}}}