{"update_time":"2025-11-04 12:57:42.907613","data":{"esgChart":{"result":[{"peerGroup":"US CE Allocation--50% to 70% Equity","symbolSeries":{"timestamp":[1517443200,1519862400,1522540800,1525132800,1527811200,1530403200,1533081600,1535760000,1538352000,1541030400,1543622400,1546300800],"esgScore":[53.37,53.26,53.25,53.31,53.23,53.18,53.23,53.32,53.33,53.14,52.91,52.66],"governanceScore":[50.95,51.04,50.93,50.93,50.9,50.95,50.95,50.98,51.23,51.04,51.0,50.66],"environmentScore":[55.67,55.69,56.15,56.2,56.07,56.04,56.14,56.06,55.97,55.78,55.51,55.37],"socialScore":[53.14,52.93,53.35,53.31,53.33,53.31,53.31,53.25,53.25,53.22,53.21,53.04]},"peerSeries":{"timestamp":[1517443200,1519862400,1522540800,1525132800,1527811200,1530403200,1533081600,1535760000,1538352000,1541030400,1543622400,1546300800],"esgScore":[47.81,47.77,48.358000000000004,48.06,47.954,48.001999999999995,47.800000000000004,47.148,46.55400000000001,45.7325,45.7975,46.2175],"governanceScore":[53.462,53.474000000000004,53.402,52.89,53.370000000000005,53.448,53.072,52.59799999999999,52.242,53.8725,53.972500000000004,54.1275],"environmentScore":[51.751999999999995,51.742,52.424,52.25599999999999,52.306000000000004,52.288,51.96,51.75,51.31600000000001,51.1975,51.394999999999996,52.044999999999995],"socialScore":[51.46199999999999,51.428,52.11,51.970000000000006,52.294,52.35,51.931999999999995,51.35,50.958,50.9725,50.94,51.00749999999999]}}],"error":null}}}