{"update_time":"2025-02-09 12:18:41.455690","data":{"esgChart":{"result":[{"peerGroup":"Building Products","symbolSeries":{"timestamp":[1727740800,1730419200,1733011200,1735689600],"esgScore":[26.62,26.62,26.62,26.62],"governanceScore":[0.0,0.0,0.0,0.0],"environmentScore":[0.0,0.0,0.0,0.0],"socialScore":[0.0,0.0,0.0,0.0]},"peerSeries":{"timestamp":[1727740800,1730419200,1733011200,1735689600],"esgScore":[27.962500000000002,23.676119402985083,23.807462686567177,23.877014925373143],"governanceScore":[null,5.2078125,5.220625000000001,5.196250000000001],"environmentScore":[null,9.87,9.960625,10.0496875],"socialScore":[null,5.682812499999999,5.675624999999999,5.637187499999999]}}],"error":null}}}