{"update_time":"2025-11-04 12:58:02.605817","data":{"esgChart":{"result":[{"peerGroup":"Building Products","symbolSeries":{"timestamp":[1727740800,1730419200,1733011200,1735689600,1738368000,1740787200,1743465600,1746057600,1748736000],"esgScore":[26.62,26.62,26.62,26.62,26.62,26.62,26.3,26.3,26.3],"governanceScore":[0.0,0.0,0.0,0.0,0.0,0.0,0.0,0.0,0.0],"environmentScore":[0.0,0.0,0.0,0.0,0.0,0.0,0.0,0.0,0.0],"socialScore":[0.0,0.0,0.0,0.0,0.0,0.0,0.0,0.0,0.0]},"peerSeries":{"timestamp":[1727740800,1730419200,1733011200,1735689600,1738368000,1740787200,1743465600,1746057600,1748736000],"esgScore":[27.962500000000002,23.676119402985083,23.807462686567177,23.877014925373143,23.89132352941177,24.116911764705886,24.056086956521746,24.116000000000003,24.327638888888888],"governanceScore":[null,5.2078125,5.220625000000001,5.196250000000001,5.165937500000001,5.238235294117647,5.212571428571429,5.202285714285714,5.178235294117647],"environmentScore":[null,9.87,9.960625,10.0496875,10.219375,10.414705882352942,10.468571428571432,10.515142857142857,10.557058823529415],"socialScore":[null,5.682812499999999,5.675624999999999,5.637187499999999,5.644687499999999,5.706176470588235,5.727714285714286,5.677428571428571,5.709117647058823]}}],"error":null}}}