{"update_time":"2025-11-04 12:58:16.883998","data":{"esgChart":{"result":[{"peerGroup":"Precious Metals","symbolSeries":{"timestamp":[1743465600,1746057600,1748736000,1751328000,1754006400,1756684800,1759276800],"esgScore":[53.4,53.4,53.98,53.98,53.98,53.98,53.4],"governanceScore":[0.0,0.0,0.0,0.0,0.0,0.0,0.0],"environmentScore":[0.0,0.0,0.0,0.0,0.0,0.0,0.0],"socialScore":[0.0,0.0,0.0,0.0,0.0,0.0,0.0]},"peerSeries":{"timestamp":[1743465600,1746057600,1748736000,1751328000,1754006400,1756684800,1759276800],"esgScore":[33.10055555555553,32.79855555555553,33.5632258064516,33.58955555555554,33.43752808988763,33.42617977528089,32.28827586206897],"governanceScore":[5.182758620689653,5.323333333333334,5.210666666666667,5.228965517241378,5.193275862068965,5.195517241379311,5.125789473684208],"environmentScore":[13.011034482758621,12.986166666666668,13.284833333333331,13.386206896551721,13.436034482758616,13.455172413793099,13.09052631578947],"socialScore":[11.195517241379305,11.467166666666659,11.709999999999996,11.705517241379306,11.695517241379306,11.730689655172412,10.888245614035087]}}],"error":null}}}