{"update_time":"2025-05-14 12:21:39.478819","data":{"esgChart":{"result":[{"peerGroup":"Precious Metals","symbolSeries":{"timestamp":[1743465600,1746057600],"esgScore":[53.4,53.4],"governanceScore":[0.0,0.0],"environmentScore":[0.0,0.0],"socialScore":[0.0,0.0]},"peerSeries":{"timestamp":[1743465600,1746057600],"esgScore":[33.10055555555553,32.858295454545434],"governanceScore":[5.182758620689653,5.266271186440679],"environmentScore":[13.011034482758621,13.201186440677967],"socialScore":[11.195517241379305,11.597288135593212]}}],"error":null}}}