{"update_time":"2024-12-04 12:11:51.482906","data":{"esgChart":{"result":[{"peerGroup":"Pharmaceuticals","symbolSeries":{"timestamp":[1730419200],"esgScore":[20.8],"governanceScore":[6.53],"environmentScore":[0.78],"socialScore":[13.49]},"peerSeries":{"timestamp":[1730419200],"esgScore":[27.172400793650795],"governanceScore":[6.379929577464789],"environmentScore":[2.1654929577464794],"socialScore":[13.70514084507042]}}],"error":null}}}