{"update_time":"2025-05-14 12:21:45.859073","data":{"esgChart":{"result":[{"peerGroup":"Pharmaceuticals","symbolSeries":{"timestamp":[1730419200,1733011200],"esgScore":[20.8,20.8],"governanceScore":[6.53,6.53],"environmentScore":[0.78,0.78],"socialScore":[13.49,13.49]},"peerSeries":{"timestamp":[1730419200,1733011200],"esgScore":[27.172400793650795,27.936449704142003],"governanceScore":[6.379929577464789,6.366111111111112],"environmentScore":[2.1654929577464794,2.2250000000000005],"socialScore":[13.70514084507042,13.6425]}}],"error":null}}}