{"update_time":"2024-03-22 12:35:12.310679","data":{"esgChart":{"result":[{"peerGroup":"Oil & Gas Producers","symbolSeries":{"timestamp":[1630454400,1633046400,1635724800,1638316800,1640995200,1643673600,1646092800,1648771200,1651363200,1654041600,1656633600,1659312000,1661990400,1664582400,1667260800,1669852800,1672531200,1675209600,1677628800,1680307200,1682899200,1685577600,1688169600,1690848000,1693526400],"esgScore":[46.68,null,null,null,null,46.68,null,null,46.68,null,null,46.16,null,null,null,null,46.02,null,null,null,null,null,null,null,36.07],"governanceScore":[9.28,null,null,null,null,9.28,null,null,9.28,null,null,8.66,null,null,null,null,8.78,null,null,null,null,null,null,null,7.47],"environmentScore":[23.39,null,null,null,null,23.39,null,null,23.39,null,null,23.49,null,null,null,null,24.13,null,null,null,null,null,null,null,20.26],"socialScore":[14.01,null,null,null,null,14.01,null,null,14.01,null,null,14.01,null,null,null,null,13.11,null,null,null,null,null,null,null,8.34]},"peerSeries":{"timestamp":[1630454400,1633046400,1635724800,1638316800,1640995200,1643673600,1646092800,1648771200,1651363200,1654041600,1656633600,1659312000,1661990400,1664582400,1667260800,1669852800,1672531200,1675209600,1677628800,1680307200,1682899200,1685577600,1688169600,1690848000,1693526400],"esgScore":[36.67562499999999,null,null,null,null,36.753484848484845,null,null,37.78166666666667,null,null,37.75061538461538,37.82384615384615,37.85666666666666,37.9376923076923,39.7488,39.088249999999995,40.1612,40.2044,38.92846153846154,null,null,null,null,38.72223880597015],"governanceScore":[8.618983050847454,null,null,null,null,8.433833333333334,null,null,8.467627118644069,null,null,8.420169491525424,8.225294117647058,8.218529411764706,8.209411764705882,8.329583333333334,8.258684210526313,8.318333333333333,8.329166666666667,8.338000000000001,null,null,null,null,8.271249999999998],"environmentScore":[17.606610169491525,null,null,null,null,18.252333333333336,null,null,18.42101694915254,null,null,18.795593220338983,19.699117647058824,19.71794117647059,19.820882352941172,21.486666666666668,20.91868421052632,21.946250000000003,22.02583333333334,20.7328,null,null,null,null,20.606718750000002],"socialScore":[9.930677966101696,null,null,null,null,9.755500000000001,null,null,10.441525423728814,null,null,10.43508474576271,9.975882352941177,9.985294117647058,9.954117647058823,10.016666666666666,9.739999999999997,9.997916666666667,9.952499999999999,9.9048,null,null,null,null,9.71890625]}}],"error":null}}}