{"update_time":"2025-02-09 12:19:00.944772","data":{"esgChart":{"result":[{"peerGroup":"Oil & Gas Producers","symbolSeries":{"timestamp":[1630454400,1633046400,1635724800,1638316800,1640995200,1643673600,1646092800,1648771200,1651363200,1654041600,1656633600,1659312000,1661990400,1664582400,1667260800,1669852800,1672531200,1675209600,1677628800,1680307200,1682899200,1685577600,1688169600,1690848000,1693526400,1696118400,1698796800,1701388800,1704067200,1706745600,1709251200,1711929600,1714521600,1717200000,1719792000,1722470400,1725148800,1727740800,1730419200,1733011200,1735689600],"esgScore":[46.68,null,null,null,null,46.68,null,null,46.68,null,null,46.16,null,null,null,null,46.02,null,null,null,null,null,null,null,36.07,null,null,null,null,null,null,null,null,null,null,null,null,null,32.75,32.75,32.75],"governanceScore":[9.28,null,null,null,null,9.28,null,null,9.28,null,null,8.66,null,null,null,null,8.78,null,null,null,null,null,null,null,7.47,null,null,null,null,null,null,null,null,null,null,null,null,null,5.81,5.81,5.81],"environmentScore":[23.39,null,null,null,null,23.39,null,null,23.39,null,null,23.49,null,null,null,null,24.13,null,null,null,null,null,null,null,20.26,null,null,null,null,null,null,null,null,null,null,null,null,null,19.31,19.31,19.31],"socialScore":[14.01,null,null,null,null,14.01,null,null,14.01,null,null,14.01,null,null,null,null,13.11,null,null,null,null,null,null,null,8.34,null,null,null,null,null,null,null,null,null,null,null,null,null,7.63,7.63,7.63]},"peerSeries":{"timestamp":[1630454400,1633046400,1635724800,1638316800,1640995200,1643673600,1646092800,1648771200,1651363200,1654041600,1656633600,1659312000,1661990400,1664582400,1667260800,1669852800,1672531200,1675209600,1677628800,1680307200,1682899200,1685577600,1688169600,1690848000,1693526400,1696118400,1698796800,1701388800,1704067200,1706745600,1709251200,1711929600,1714521600,1717200000,1719792000,1722470400,1725148800,1727740800,1730419200,1733011200,1735689600],"esgScore":[37.666315789473686,null,null,null,null,37.294999999999995,null,null,42.11999999999999,null,null,43.69307692307692,44.16555555555556,44.21,44.45444444444445,46.405,45.77100000000001,46.89500000000001,47.03,46.12875,null,null,null,null,44.290000000000006,null,null,null,null,null,null,null,null,null,null,null,null,47.377500000000005,40.66664670658685,41.42005988023955,42.098095238095254],"governanceScore":[9.03764705882353,null,null,null,null,9.110000000000001,null,null,9.342307692307694,null,null,9.678333333333333,9.685000000000002,9.685000000000002,9.6475,9.70625,9.354,9.62375,9.65625,9.63875,null,null,null,null,9.393333333333334,null,null,null,null,null,null,null,null,null,null,null,null,7.065,6.480229885057474,6.490000000000001,6.4275581395348835],"environmentScore":[18.499999999999996,null,null,null,null,18.59857142857143,null,null,19.52230769230769,null,null,20.909166666666668,22.730000000000004,22.730000000000004,23.14125,24.2125,24.572000000000003,24.995,25.23375,24.35125,null,null,null,null,22.483999999999998,null,null,null,null,null,null,null,null,null,null,null,null,22.732499999999998,21.059310344827583,21.17788235294117,21.36744186046511],"socialScore":[10.211176470588233,null,null,null,null,10.270714285714286,null,null,13.464615384615383,null,null,14.039166666666665,13.208750000000002,13.25875,13.095,12.486250000000002,11.846,12.276250000000001,12.14,12.14,null,null,null,null,12.41133333333333,null,null,null,null,null,null,null,null,null,null,null,null,8.735,9.211034482758624,9.294705882352947,9.480930232558144]}}],"error":null}}}