{"update_time":"2024-12-19 12:12:54.278598","data":{"esgChart":{"result":[{"peerGroup":"Chemicals","symbolSeries":{"timestamp":[1730419200,1733011200],"esgScore":[33.76,33.76],"governanceScore":[4.25,4.25],"environmentScore":[15.2,15.2],"socialScore":[14.31,14.31]},"peerSeries":{"timestamp":[1730419200,1733011200],"esgScore":[28.19076086956522,28.28934426229508],"governanceScore":[5.159374999999999,5.137083333333332],"environmentScore":[13.540104166666667,13.74072916666667],"socialScore":[6.123437499999999,6.130937499999999]}}],"error":null}}}