{"update_time":"2024-12-04 12:11:51.900762","data":{"esgChart":{"result":[{"peerGroup":"Chemicals","symbolSeries":{"timestamp":[1730419200],"esgScore":[33.76],"governanceScore":[4.25],"environmentScore":[15.2],"socialScore":[14.31]},"peerSeries":{"timestamp":[1730419200],"esgScore":[28.19076086956522],"governanceScore":[5.159374999999999],"environmentScore":[13.540104166666667],"socialScore":[6.123437499999999]}}],"error":null}}}