{"update_time":"2024-12-04 12:11:51.944653","data":{"esgChart":{"result":[{"peerGroup":"Real Estate","symbolSeries":{"timestamp":[1730419200],"esgScore":[16.56],"governanceScore":[7.0],"environmentScore":[5.89],"socialScore":[3.66]},"peerSeries":{"timestamp":[1730419200],"esgScore":[15.647762645914394],"governanceScore":[5.357873303167427],"environmentScore":[3.6234389140271506],"socialScore":[3.8858371040723987]}}],"error":null}}}