{"update_time":"2024-12-04 12:11:52.217778","data":{"esgChart":{"result":[{"peerGroup":"Real Estate","symbolSeries":{"timestamp":[1730419200],"esgScore":[10.25],"governanceScore":[3.91],"environmentScore":[2.22],"socialScore":[4.11]},"peerSeries":{"timestamp":[1730419200],"esgScore":[15.647762645914394],"governanceScore":[5.357873303167427],"environmentScore":[3.6234389140271506],"socialScore":[3.8858371040723987]}}],"error":null}}}