{"update_time":"2025-02-09 12:19:36.201986","data":{"esgChart":{"result":[{"peerGroup":"Homebuilders","symbolSeries":{"timestamp":[1727740800,1730419200,1733011200,1735689600],"esgScore":[21.74,21.74,21.74,21.74],"governanceScore":[0.0,0.0,0.0,0.0],"environmentScore":[0.0,0.0,0.0,0.0],"socialScore":[0.0,0.0,0.0,0.0]},"peerSeries":{"timestamp":[1727740800,1730419200,1733011200,1735689600],"esgScore":[22.518,19.33073170731707,19.78609756097561,19.718292682926826],"governanceScore":[null,4.013888888888888,4.009444444444444,4.009444444444444],"environmentScore":[null,8.293333333333331,8.407777777777776,8.407777777777776],"socialScore":[null,5.917777777777777,5.919444444444444,5.919444444444444]}}],"error":null}}}