{"update_time":"2024-12-04 12:11:57.703766","data":{"esgChart":{"result":[{"peerGroup":"Aerospace & Defense","symbolSeries":{"timestamp":[1730419200],"esgScore":[37.07],"governanceScore":[8.24],"environmentScore":[9.93],"socialScore":[18.9]},"peerSeries":{"timestamp":[1730419200],"esgScore":[32.22622950819671],"governanceScore":[5.868750000000001],"environmentScore":[8.670999999999998],"socialScore":[14.9845]}}],"error":null}}}