{"update_time":"2024-12-04 12:11:57.791843","data":{"esgChart":{"result":[{"peerGroup":"Utilities","symbolSeries":{"timestamp":[1730419200],"esgScore":[41.57],"governanceScore":[7.23],"environmentScore":[20.54],"socialScore":[13.8]},"peerSeries":{"timestamp":[1730419200],"esgScore":[27.886468085106358],"governanceScore":[5.0064968152866225],"environmentScore":[10.325796178343946],"socialScore":[9.850700636942678]}}],"error":null}}}