{"update_time":"2024-12-19 12:13:02.941240","data":{"esgChart":{"result":[{"peerGroup":"Utilities","symbolSeries":{"timestamp":[1730419200,1733011200],"esgScore":[41.57,41.57],"governanceScore":[7.23,7.23],"environmentScore":[20.54,20.54],"socialScore":[13.8,13.8]},"peerSeries":{"timestamp":[1730419200,1733011200],"esgScore":[27.886468085106358,27.982127659574445],"governanceScore":[5.0064968152866225,4.9947770700636935],"environmentScore":[10.325796178343946,10.330127388535029],"socialScore":[9.850700636942678,9.86019108280255]}}],"error":null}}}