{"update_time":"2025-11-04 13:00:30.128781","data":{"esgChart":{"result":[{"peerGroup":"Real Estate","symbolSeries":{"timestamp":[1730419200,1733011200,1735689600,1738368000,1740787200,1743465600,1746057600,1748736000,1751328000,1754006400,1756684800,1759276800],"esgScore":[16.51,18.3,18.3,18.3,11.36,11.36,11.36,11.36,11.36,11.36,11.36,10.96],"governanceScore":[0.0,0.0,0.0,0.0,5.55,5.55,5.55,5.55,5.55,5.55,5.55,5.25],"environmentScore":[0.0,0.0,0.0,0.0,1.28,1.28,1.28,1.28,1.28,1.28,1.28,1.28],"socialScore":[0.0,0.0,0.0,0.0,4.53,4.53,4.53,4.53,4.53,4.53,4.53,4.43]},"peerSeries":{"timestamp":[1730419200,1733011200,1735689600,1738368000,1740787200,1743465600,1746057600,1748736000,1751328000,1754006400,1756684800,1759276800],"esgScore":[15.647762645914394,15.964171539961017,16.008109161793374,16.117980582524286,16.127076023391826,16.16373307543522,16.057203219315916,16.20664705882355,16.276771653543328,16.264880000000012,16.33265873015875,16.27384920634922],"governanceScore":[5.357873303167427,5.360818181818187,5.344885844748863,5.343076923076928,5.372556053811665,5.388716814159297,5.414260089686103,5.4709292035398285,5.477035398230093,5.48933035714286,5.479821428571431,5.472711111111112],"environmentScore":[3.6234389140271506,3.686590909090909,3.6987214611872155,3.716923076923078,3.7390134529147994,3.788539823008849,3.8721524663677127,3.898451327433627,3.928761061946902,3.9323214285714276,3.938973214285713,3.9696888888888884],"socialScore":[3.8858371040723987,3.885545454545455,3.854657534246575,3.8938461538461535,3.884753363228698,3.840663716814158,3.820717488789237,3.858362831858407,3.8237610619469016,3.7790624999999984,3.768392857142854,3.756577777777775]}}],"error":null}}}