{"update_time":"2025-11-04 13:00:51.167229","data":{"esgChart":{"result":[{"peerGroup":"Machinery","symbolSeries":{"timestamp":[1751328000,1754006400,1756684800,1759276800],"esgScore":[35.37,35.37,35.37,34.53],"governanceScore":[5.58,5.58,5.58,4.95],"environmentScore":[15.76,15.76,15.76,15.96],"socialScore":[14.03,14.03,14.03,13.61]},"peerSeries":{"timestamp":[1751328000,1754006400,1756684800,1759276800],"esgScore":[28.779677419354833,29.02996363636363,29.030327272727273,28.81996363636365],"governanceScore":[5.742968749999998,5.696141732283464,5.647716535433071,5.49328125],"environmentScore":[10.000937500000001,10.2403937007874,10.27354330708662,10.425468750000006],"socialScore":[10.7375,10.70267716535433,10.668740157480315,10.532734374999999]}}],"error":null}}}