{"update_time":"2025-08-25 19:41:32.983899","data":{"esgChart":{"result":[{"peerGroup":"Machinery","symbolSeries":{"timestamp":[1751328000,1754006400],"esgScore":[35.37,35.37],"governanceScore":[5.58,5.58],"environmentScore":[15.76,15.76],"socialScore":[14.03,14.03]},"peerSeries":{"timestamp":[1751328000,1754006400],"esgScore":[28.779677419354833,29.031058394160578],"governanceScore":[5.742968749999998,5.696141732283464],"environmentScore":[10.000937500000001,10.2403937007874],"socialScore":[10.7375,10.70267716535433]}}],"error":null}}}