{"update_time":"2025-11-04 13:00:58.642473","data":{"esgChart":{"result":[{"peerGroup":"Canada Fund Sector Equity","symbolSeries":{"timestamp":[1519862400,1522540800,1525132800,1527811200,1530403200,1533081600,1535760000,1538352000],"esgScore":[47.16,46.55,46.42,47.06,46.77,46.52,47.35,47.35],"governanceScore":[48.82,48.2,47.81,48.32,48.2,47.59,48.03,48.03],"environmentScore":[46.9,46.27,45.98,46.68,46.17,45.54,46.82,46.82],"socialScore":[50.21,49.31,49.29,50.71,50.31,50.76,51.74,51.74]},"peerSeries":{"timestamp":[1517443200,1519862400,1522540800,1525132800,1527811200,1530403200,1533081600,1535760000,1538352000],"esgScore":[47.34399999999999,47.35738095238095,47.157872340425534,47.14625,47.1922,47.18060000000002,46.99686274509804,47.18823529411765,47.0525925925926],"governanceScore":[51.83514285714285,51.858095238095245,51.745319148936176,51.604166666666664,51.6572,51.66600000000003,51.50098039215689,51.675098039215676,51.60814814814814],"environmentScore":[53.15942857142857,53.18023809523809,52.77936170212765,52.915416666666665,53.2328,53.19159999999999,53.239411764705885,53.42215686274514,53.37037037037039],"socialScore":[52.36799999999999,52.90333333333334,52.445106382978715,52.57312499999998,52.819799999999994,52.68639999999998,52.55549019607842,52.7427450980392,52.708333333333336]}}],"error":null}}}