{"update_time":"2025-02-09 12:20:37.972977","data":{"esgChart":{"result":[{"peerGroup":"Transportation","symbolSeries":{"timestamp":[1727740800,1730419200,1733011200,1735689600],"esgScore":[24.95,24.95,24.95,24.95],"governanceScore":[0.0,0.0,0.0,0.0],"environmentScore":[0.0,0.0,0.0,0.0],"socialScore":[0.0,0.0,0.0,0.0]},"peerSeries":{"timestamp":[1727740800,1730419200,1733011200,1735689600],"esgScore":[24.091428571428565,22.98057471264368,23.052080924855492,23.016358381502894],"governanceScore":[4.704000000000001,5.127553191489362,5.114893617021278,5.092021276595745],"environmentScore":[6.514,7.5640425531914905,7.58648936170213,7.490957446808512],"socialScore":[8.556000000000001,9.61404255319149,9.621063829787236,9.630212765957449]}}],"error":null}}}