{"update_time":"2024-12-19 12:13:05.249708","data":{"esgChart":{"result":[{"peerGroup":"Food Products","symbolSeries":{"timestamp":[1730419200,1733011200],"esgScore":[19.51,19.51],"governanceScore":[2.81,2.81],"environmentScore":[8.78,8.78],"socialScore":[7.93,7.93]},"peerSeries":{"timestamp":[1730419200,1733011200],"esgScore":[30.339107142857163,30.482500000000005],"governanceScore":[5.0987068965517235,5.083448275862067],"environmentScore":[11.703275862068962,11.85215517241379],"socialScore":[11.015603448275856,11.06922413793103]}}],"error":null}}}