{"update_time":"2024-12-19 12:14:28.062536","data":{"esgChart":{"result":[{"peerGroup":"Textiles & Apparel","symbolSeries":{"timestamp":[1730419200,1733011200],"esgScore":[14.23,14.23],"governanceScore":[3.09,3.09],"environmentScore":[3.2,3.2],"socialScore":[7.94,7.94]},"peerSeries":{"timestamp":[1730419200,1733011200],"esgScore":[16.093466666666668,16.19173333333334],"governanceScore":[4.6753125,4.675000000000001],"environmentScore":[2.2481250000000004,2.2396875],"socialScore":[7.761562499999998,7.741562499999999]}}],"error":null}}}