{"update_time":"2024-12-04 12:11:59.263394","data":{"esgChart":{"result":[{"peerGroup":"Textiles & Apparel","symbolSeries":{"timestamp":[1730419200],"esgScore":[14.23],"governanceScore":[3.09],"environmentScore":[3.2],"socialScore":[7.94]},"peerSeries":{"timestamp":[1730419200],"esgScore":[16.093466666666668],"governanceScore":[4.6753125],"environmentScore":[2.2481250000000004],"socialScore":[7.761562499999998]}}],"error":null}}}