{"update_time":"2025-05-14 12:25:29.913635","data":{"esgChart":{"result":[{"peerGroup":"Textiles & Apparel","symbolSeries":{"timestamp":[1730419200,1733011200,1735689600,1738368000,1740787200,1743465600,1746057600],"esgScore":[14.23,14.23,14.23,14.23,14.23,14.23,14.23],"governanceScore":[3.09,3.09,3.09,3.09,3.09,3.09,3.09],"environmentScore":[3.2,3.2,3.2,3.2,3.2,3.2,3.2],"socialScore":[7.94,7.94,7.94,7.94,7.94,7.94,7.94]},"peerSeries":{"timestamp":[1730419200,1733011200,1735689600,1738368000,1740787200,1743465600,1746057600],"esgScore":[16.093466666666668,16.19173333333334,16.599600000000006,17.236052631578957,17.551315789473694,17.65907894736843,17.7971052631579],"governanceScore":[4.6753125,4.675000000000001,4.652500000000001,4.6675,4.707812499999999,4.703939393939393,4.80090909090909],"environmentScore":[2.2481250000000004,2.2396875,2.7190625,2.7703125,2.9418750000000005,3.078787878787879,3.1236363636363635],"socialScore":[7.761562499999998,7.741562499999999,7.735312499999998,7.721875,7.6909374999999995,7.677272727272728,7.704848484848483]}}],"error":null}}}