{"update_time":"2025-02-09 12:21:51.531281","data":{"esgChart":{"result":[{"peerGroup":"Consumer Services","symbolSeries":{"timestamp":[1727740800,1730419200,1733011200,1735689600],"esgScore":[26.05,26.05,26.05,26.05],"governanceScore":[0.0,0.0,0.0,0.0],"environmentScore":[0.0,0.0,0.0,0.0],"socialScore":[0.0,0.0,0.0,0.0]},"peerSeries":{"timestamp":[1727740800,1730419200,1733011200,1735689600],"esgScore":[26.164035087719295,24.887383177570083,24.813474178403748,24.84778301886792],"governanceScore":[7.6383333333333345,5.635421686746988,5.629277108433734,5.584698795180722],"environmentScore":[4.8025,6.204698795180725,6.255542168674702,6.29132530120482],"socialScore":[11.341666666666667,10.488795180722889,10.500722891566262,10.521807228915662]}}],"error":null}}}