{"update_time":"2024-12-17 13:16:56.444021","data":{"esgChart":{"result":[{"peerGroup":"Real Estate","symbolSeries":{"timestamp":[1727740800,1730419200,1733011200],"esgScore":[16.33,16.33,16.33],"governanceScore":[0.0,0.0,0.0],"environmentScore":[0.0,0.0,0.0],"socialScore":[0.0,0.0,0.0]},"peerSeries":{"timestamp":[1727740800,1730419200,1733011200],"esgScore":[15.995357142857145,15.647762645914394,15.964171539961017],"governanceScore":[5.001111111111111,5.357873303167427,5.360818181818187],"environmentScore":[3.7133333333333334,3.6234389140271506,3.686590909090909],"socialScore":[4.067777777777777,3.8858371040723987,3.885545454545455]}}],"error":null}}}