{"update_time":"2025-09-02 13:13:15.839812","data":{"esgChart":{"result":[{"peerGroup":"Retailing","symbolSeries":{"timestamp":[1754006400],"esgScore":[28.22],"governanceScore":[0.0],"environmentScore":[0.0],"socialScore":[0.0]},"peerSeries":{"timestamp":[1754006400],"esgScore":[18.53116981132076],"governanceScore":[4.307416666666665],"environmentScore":[3.8180833333333326],"socialScore":[8.854333333333331]}}],"error":null}}}