{"update_time":"2024-12-19 12:14:30.162400","data":{"esgChart":{"result":[{"peerGroup":"Refiners & Pipelines","symbolSeries":{"timestamp":[1730419200,1733011200],"esgScore":[35.88,35.88],"governanceScore":[4.73,4.73],"environmentScore":[22.17,22.17],"socialScore":[8.98,8.98]},"peerSeries":{"timestamp":[1730419200,1733011200],"esgScore":[32.28977528089889,33.09022727272729],"governanceScore":[3.317317073170732,3.4626829268292685],"environmentScore":[15.065365853658536,15.057804878048781],"socialScore":[9.36048780487805,9.45487804878049]}}],"error":null}}}