{"update_time":"2024-10-21 15:12:25.720212","data":{"esgChart":{"result":[{"peerGroup":"Consumer Services","symbolSeries":{"timestamp":[1727740800],"esgScore":[34.71],"governanceScore":[14.78],"environmentScore":[4.42],"socialScore":[15.51]},"peerSeries":{"timestamp":[1727740800],"esgScore":[26.535555555555558],"governanceScore":[7.6383333333333345],"environmentScore":[4.8025],"socialScore":[11.341666666666667]}}],"error":null}}}