{"update_time":"2024-12-08 13:34:52.013634","data":{"esgChart":{"result":[{"peerGroup":"Consumer Services","symbolSeries":{"timestamp":[1727740800,1730419200],"esgScore":[34.71,34.71],"governanceScore":[14.78,14.78],"environmentScore":[4.42,4.42],"socialScore":[15.51,15.51]},"peerSeries":{"timestamp":[1727740800,1730419200],"esgScore":[26.164035087719295,24.887383177570083],"governanceScore":[7.6383333333333345,5.635421686746988],"environmentScore":[4.8025,6.204698795180725],"socialScore":[11.341666666666667,10.488795180722889]}}],"error":null}}}