{"update_time":"2024-12-19 12:14:30.754676","data":{"esgChart":{"result":[{"peerGroup":"Media","symbolSeries":{"timestamp":[1730419200,1733011200],"esgScore":[11.9,11.62],"governanceScore":[5.44,5.15],"environmentScore":[0.23,0.23],"socialScore":[6.23,6.23]},"peerSeries":{"timestamp":[1730419200,1733011200],"esgScore":[15.739136690647493,15.70535714285715],"governanceScore":[6.172542372881355,6.1804999999999986],"environmentScore":[0.5149152542372882,0.5151666666666668],"socialScore":[7.319830508474575,7.3501666666666665]}}],"error":null}}}