{"update_time":"2024-12-19 12:14:31.054491","data":{"esgChart":{"result":[{"peerGroup":"Commercial Services","symbolSeries":{"timestamp":[1730419200,1733011200],"esgScore":[10.04,10.04],"governanceScore":[0.0,0.0],"environmentScore":[0.0,0.0],"socialScore":[0.0,0.0]},"peerSeries":{"timestamp":[1730419200,1733011200],"esgScore":[17.10367441860465,17.402232558139538],"governanceScore":[4.026956521739131,3.9688405797101454],"environmentScore":[2.467971014492754,2.640724637681159],"socialScore":[9.374637681159424,9.410289855072467]}}],"error":null}}}