{"update_time":"2025-05-14 12:27:05.927062","data":{"esgChart":{"result":[{"peerGroup":"Technology Hardware","symbolSeries":{"timestamp":[1730419200,1733011200,1735689600,1738368000,1740787200],"esgScore":[23.12,23.12,23.12,23.12,23.12],"governanceScore":[0.0,0.0,0.0,0.0,0.0],"environmentScore":[0.0,0.0,0.0,0.0,0.0],"socialScore":[0.0,0.0,0.0,0.0,0.0]},"peerSeries":{"timestamp":[1730419200,1733011200,1735689600,1738368000,1740787200],"esgScore":[15.839243697478981,15.97586497890294,16.079411764705867,16.28644067796609,16.447021276595734],"governanceScore":[4.913255813953486,4.916235294117645,4.899999999999998,4.933218390804596,4.838977272727271],"environmentScore":[3.148139534883721,3.251882352941176,3.3526744186046504,3.5152873563218376,3.7848863636363643],"socialScore":[5.26174418604651,5.219764705882351,5.197325581395348,5.23896551724138,5.298295454545454]}}],"error":null}}}