{"update_time":"2025-11-04 13:05:51.866970","data":{"esgChart":{"result":[{"peerGroup":"Software & Services","symbolSeries":{"timestamp":[1730419200,1733011200,1735689600,1738368000,1740787200,1743465600,1746057600,1748736000,1751328000,1754006400],"esgScore":[18.17,18.17,18.17,18.17,18.17,18.17,18.17,18.17,18.17,18.17],"governanceScore":[5.48,5.48,5.48,5.48,5.48,5.48,5.48,5.48,5.48,5.48],"environmentScore":[4.87,4.87,4.87,4.87,4.87,4.87,4.87,4.87,4.87,4.87],"socialScore":[7.82,7.82,7.82,7.82,7.82,7.82,7.82,7.82,7.82,7.82]},"peerSeries":{"timestamp":[1730419200,1733011200,1735689600,1738368000,1740787200,1743465600,1746057600,1748736000,1751328000,1754006400],"esgScore":[20.749752066115704,20.741456953642388,20.740710743801657,20.810630182421228,20.80081939799331,20.904713804713804,20.931663778162918,21.053982905982917,21.189334470989767,21.271357388316154],"governanceScore":[5.80553435114504,5.763629343629346,5.76223076923077,5.750697674418606,5.662929687499999,5.64171875,5.605,5.581897233201582,5.549801587301587,5.553599999999998],"environmentScore":[2.9668320610687022,2.974131274131274,2.9947307692307694,3.008565891472868,3.057656249999999,3.11140625,3.160079365079365,3.184268774703558,3.2042460317460315,3.2804],"socialScore":[9.796335877862584,9.807606177606166,9.812038461538451,9.848488372093012,9.885351562499995,9.911718749999991,9.94333333333333,9.965296442687745,10.007142857142858,10.071280000000003]}}],"error":null}}}