{"update_time":"2025-02-09 12:23:23.939967","data":{"esgChart":{"result":[{"peerGroup":"Diversified Metals","symbolSeries":{"timestamp":[1727740800,1730419200,1733011200,1735689600],"esgScore":[36.78,36.78,36.78,36.78],"governanceScore":[7.65,7.65,7.65,7.65],"environmentScore":[14.2,14.2,14.2,14.2],"socialScore":[14.93,14.93,14.93,14.93]},"peerSeries":{"timestamp":[1727740800,1730419200,1733011200,1735689600],"esgScore":[43.541428571428575,37.42411764705881,37.63224999999998,37.825289256198324],"governanceScore":[7.045,5.9679629629629645,5.966607142857144,5.989824561403509],"environmentScore":[15.509999999999998,14.932962962962959,15.219285714285713,15.47017543859649],"socialScore":[13.309999999999999,11.432592592592588,11.48892857142857,11.67017543859649]}}],"error":null}}}