{"update_time":"2024-12-17 13:18:21.424779","data":{"esgChart":{"result":[{"peerGroup":"Diversified Metals","symbolSeries":{"timestamp":[1727740800,1730419200,1733011200],"esgScore":[36.78,36.78,36.78],"governanceScore":[7.65,7.65,7.65],"environmentScore":[14.2,14.2,14.2],"socialScore":[14.93,14.93,14.93]},"peerSeries":{"timestamp":[1727740800,1730419200,1733011200],"esgScore":[43.541428571428575,37.42411764705881,37.63224999999998],"governanceScore":[7.045,5.9679629629629645,5.966607142857144],"environmentScore":[15.509999999999998,14.932962962962959,15.219285714285713],"socialScore":[13.309999999999999,11.432592592592588,11.48892857142857]}}],"error":null}}}