{"update_time":"2025-11-04 13:06:00.781751","data":{"esgChart":{"result":[{"peerGroup":"US CE Utilities","symbolSeries":{"timestamp":[1517443200,1519862400,1522540800,1525132800,1527811200,1530403200,1533081600,1535760000,1538352000,1541030400,1543622400,1546300800,1548979200,1551398400,1554076800,1556668800,1559347200,1561939200,1564617600,1567296000,1569888000,1572566400,1575158400,1577836800,1580515200,1583020800,1585699200,1588291200,1590969600,1593561600,1596240000,1598918400,1601510400,1604188800,1606780800],"esgScore":[48.93,48.93,48.93,48.54,48.54,48.54,49.12,49.12,49.12,49.12,48.87,49.28,null,null,null,null,null,null,null,null,null,null,null,null,null,null,null,null,null,30.89,30.29,29.98,29.89,29.95,29.76],"governanceScore":[54.66,54.66,54.66,54.83,54.83,54.83,54.92,54.92,54.92,54.92,54.63,54.31,null,null,null,null,null,null,null,null,null,null,null,null,null,null,null,null,null,5.07,5.03,5.02,5.01,5.0,5.0],"environmentScore":[47.92,47.92,47.92,47.64,47.64,47.64,48.1,48.1,48.1,48.1,48.44,48.93,null,null,null,null,null,null,null,null,null,null,null,null,null,null,null,null,null,11.26,11.05,11.3,11.29,11.34,11.43],"socialScore":[51.26,51.26,51.26,50.92,50.92,50.92,51.1,51.1,51.1,51.1,51.15,52.05,null,null,null,null,null,null,null,null,null,null,null,null,null,null,null,null,null,8.76,8.63,8.77,8.71,8.71,8.72]},"peerSeries":{"timestamp":[1517443200,1519862400,1522540800,1525132800,1527811200,1530403200,1533081600,1535760000,1538352000,1541030400,1543622400,1546300800,1548979200,1551398400,1554076800,1556668800,1559347200,1561939200,1564617600,1567296000,1569888000,1572566400,1575158400,1577836800,1580515200,1583020800,1585699200,1588291200,1590969600,1593561600,1596240000,1598918400,1601510400,1604188800,1606780800],"esgScore":[46.388,46.342000000000006,46.342000000000006,46.198,46.058,46.058,46.129999999999995,46.292500000000004,46.292500000000004,46.292500000000004,45.47666666666667,45.526666666666664,45.56,45.56,null,46.68,null,null,null,32.94,29.28,29.774,29.612000000000002,29.345999999999997,29.141999999999996,28.856,29.145999999999997,28.927999999999997,28.694,28.139999999999997,27.862000000000002,27.334000000000003,27.113999999999997,27.1,26.968],"governanceScore":[54.17999999999999,54.464,54.464,54.61600000000001,55.302,55.302,55.246,54.32,54.32,54.32,54.20000000000001,54.080000000000005,53.73,53.73,null,54.33,null,null,null,4.895,5.202,5.36,5.354,5.438000000000001,5.394,5.404,5.336,5.274000000000001,5.254,5.378,5.337999999999999,5.294,5.332,5.318,5.3],"environmentScore":[50.718,50.602000000000004,50.602000000000004,50.57,50.554,50.554,50.757999999999996,50.2075,50.2075,50.2075,49.403333333333336,49.60333333333333,49.63,49.63,null,51.5,null,null,null,10.32,8.982,9.408,9.282,9.27,9.209999999999999,9.032,9.178,9.132,9.116,9.192,9.11,9.017999999999999,9.081999999999999,9.086,9.068],"socialScore":[53.364,53.30800000000001,53.30800000000001,53.19,53.08200000000001,53.08200000000001,53.104000000000006,52.965,52.965,52.965,52.26333333333333,52.379999999999995,52.16,52.16,null,53.29,null,null,null,8.71,8.755999999999997,8.623999999999999,8.574,8.664,8.616,8.681999999999999,8.639999999999999,8.581999999999999,8.540000000000001,8.686000000000002,8.558,8.55,8.584000000000001,8.584,8.594]}}],"error":null}}}