{"update_time":"2025-09-02 13:15:11.361792","data":{"esgChart":{"result":[{"peerGroup":"Real Estate","symbolSeries":{"timestamp":[1743465600,1746057600,1748736000,1751328000,1754006400],"esgScore":[11.6,11.6,11.6,11.6,11.6],"governanceScore":[3.52,3.52,3.52,3.52,3.52],"environmentScore":[4.56,4.56,4.56,4.56,4.56],"socialScore":[3.52,3.52,3.52,3.52,3.52]},"peerSeries":{"timestamp":[1743465600,1746057600,1748736000,1751328000,1754006400],"esgScore":[16.16373307543522,16.057203219315916,16.20664705882355,16.276771653543328,16.264880000000012],"governanceScore":[5.388716814159297,5.414260089686103,5.4709292035398285,5.477035398230093,5.48933035714286],"environmentScore":[3.788539823008849,3.8721524663677127,3.898451327433627,3.928761061946902,3.9323214285714276],"socialScore":[3.840663716814158,3.820717488789237,3.858362831858407,3.8237610619469016,3.7790624999999984]}}],"error":null}}}