{"update_time":"2025-05-14 12:27:45.270209","data":{"esgChart":{"result":[{"peerGroup":"Real Estate","symbolSeries":{"timestamp":[1743465600,1746057600],"esgScore":[11.6,11.6],"governanceScore":[3.52,3.52],"environmentScore":[4.56,4.56],"socialScore":[3.52,3.52]},"peerSeries":{"timestamp":[1743465600,1746057600],"esgScore":[16.16373307543522,16.057203219315916],"governanceScore":[5.388716814159297,5.414260089686103],"environmentScore":[3.788539823008849,3.8721524663677127],"socialScore":[3.840663716814158,3.820717488789237]}}],"error":null}}}