{"update_time":"2024-12-08 13:36:28.519060","data":{"esgChart":{"result":[{"peerGroup":"Consumer Durables","symbolSeries":{"timestamp":[1727740800,1730419200],"esgScore":[12.97,12.97],"governanceScore":[4.44,4.44],"environmentScore":[1.4,1.4],"socialScore":[7.13,7.13]},"peerSeries":{"timestamp":[1727740800,1730419200],"esgScore":[15.139999999999999,16.831734693877547],"governanceScore":[4.184,4.296571428571428],"environmentScore":[2.2920000000000003,4.137428571428571],"socialScore":[6.481999999999999,7.659428571428571]}}],"error":null}}}