{"update_time":"2025-02-09 12:23:47.570691","data":{"esgChart":{"result":[{"peerGroup":"Consumer Durables","symbolSeries":{"timestamp":[1727740800,1730419200,1733011200,1735689600],"esgScore":[12.97,12.97,12.86,12.9],"governanceScore":[4.44,4.44,4.32,4.32],"environmentScore":[1.4,1.4,1.4,1.4],"socialScore":[7.13,7.13,7.14,7.19]},"peerSeries":{"timestamp":[1727740800,1730419200,1733011200,1735689600],"esgScore":[15.139999999999999,16.831734693877547,17.01587628865979,17.242315789473675],"governanceScore":[4.184,4.296571428571428,4.228571428571429,4.231142857142856],"environmentScore":[2.2920000000000003,4.137428571428571,4.166857142857142,4.2137142857142855],"socialScore":[6.481999999999999,7.659428571428571,7.660857142857143,7.6902857142857135]}}],"error":null}}}