{"update_time":"2025-02-09 12:23:49.248371","data":{"esgChart":{"result":[{"peerGroup":"Auto Components","symbolSeries":{"timestamp":[1727740800,1730419200,1733011200,1735689600],"esgScore":[15.86,15.86,24.24,24.24],"governanceScore":[0.0,0.0,0.0,0.0],"environmentScore":[0.0,0.0,0.0,0.0],"socialScore":[0.0,0.0,0.0,0.0]},"peerSeries":{"timestamp":[1727740800,1730419200,1733011200,1735689600],"esgScore":[17.445333333333334,16.850116279069763,18.906551724137923,19.13337209302325],"governanceScore":[7.44,5.755588235294116,5.6999999999999975,5.783235294117644],"environmentScore":[4.695,4.439117647058823,4.435999999999999,4.532647058823528],"socialScore":[5.470000000000001,5.920588235294117,5.8845714285714275,5.955882352941175]}}],"error":null}}}