{"update_time":"2024-12-19 12:14:42.866570","data":{"esgChart":{"result":[{"peerGroup":"Chemicals","symbolSeries":{"timestamp":[1730419200,1733011200],"esgScore":[19.62,19.62],"governanceScore":[4.33,4.33],"environmentScore":[11.92,11.92],"socialScore":[3.37,3.37]},"peerSeries":{"timestamp":[1730419200,1733011200],"esgScore":[28.19076086956522,28.28934426229508],"governanceScore":[5.159374999999999,5.137083333333332],"environmentScore":[13.540104166666667,13.74072916666667],"socialScore":[6.123437499999999,6.130937499999999]}}],"error":null}}}