{"update_time":"2025-11-04 13:06:51.013326","data":{"esgChart":{"result":[{"peerGroup":"US CE Utilities","symbolSeries":{"timestamp":[1517443200,1519862400,1522540800,1525132800,1527811200,1530403200,1533081600,1535760000,1538352000],"esgScore":[47.78,47.78,47.98,47.98,47.98,47.98,47.95,47.95,48.53],"governanceScore":[54.28,54.28,54.85,54.85,54.85,54.85,54.19,54.19,54.52],"environmentScore":[48.61,48.61,49.31,49.31,49.31,49.31,49.79,49.79,50.17],"socialScore":[49.37,49.37,49.4,49.4,49.4,49.4,49.47,49.47,50.95]},"peerSeries":{"timestamp":[1517443200,1519862400,1522540800,1525132800,1527811200,1530403200,1533081600,1535760000,1538352000],"esgScore":[46.388,46.342000000000006,46.342000000000006,46.198,46.058,46.058,46.129999999999995,46.292500000000004,46.292500000000004],"governanceScore":[54.17999999999999,54.464,54.464,54.61600000000001,55.302,55.302,55.246,54.32,54.32],"environmentScore":[50.718,50.602000000000004,50.602000000000004,50.57,50.554,50.554,50.757999999999996,50.2075,50.2075],"socialScore":[53.364,53.30800000000001,53.30800000000001,53.19,53.08200000000001,53.08200000000001,53.104000000000006,52.965,52.965]}}],"error":null}}}