{"update_time":"2025-02-09 12:24:11.835620","data":{"esgChart":{"result":[{"peerGroup":"Aerospace & Defense","symbolSeries":{"timestamp":[1727740800,1730419200,1733011200,1735689600],"esgScore":[35.46,35.46,35.46,35.46],"governanceScore":[0.0,0.0,0.0,0.0],"environmentScore":[0.0,0.0,0.0,0.0],"socialScore":[0.0,0.0,0.0,0.0]},"peerSeries":{"timestamp":[1727740800,1730419200,1733011200,1735689600],"esgScore":[35.79636363636364,32.22622950819671,32.6855737704918,32.90704918032787],"governanceScore":[7.7875,5.868750000000001,5.837500000000001,5.791],"environmentScore":[7.9025,8.670999999999998,8.938999999999998,9.24225],"socialScore":[16.3125,14.9845,15.023999999999997,15.104999999999999]}}],"error":null}}}