{"update_time":"2023-07-17 15:58:26.121848","data":{"esgChart":{"result":[{"peerGroup":"Australia Fund Equity World Other","symbolSeries":{"timestamp":[1517443200,1519862400,1522540800,1525132800,1527811200,1530403200,1533081600,1535760000,1538352000,1541030400],"esgScore":[60.44,60.44,60.66,60.78,60.78,60.78,60.01,60.08,59.66,59.66],"governanceScore":[57.49,57.49,57.24,57.22,57.22,57.22,56.95,57.26,57.16,57.16],"environmentScore":[60.94,60.94,61.11,61.18,61.18,61.18,60.69,60.5,60.09,60.09],"socialScore":[58.81,58.81,59.4,59.72,59.72,59.72,58.37,58.47,58.07,58.07]},"peerSeries":{"timestamp":[1517443200,1519862400,1522540800,1525132800,1527811200,1530403200,1533081600,1535760000,1538352000,1541030400],"esgScore":[47.92875000000001,47.948750000000004,48.17875,48.21625,48.192499999999995,48.209999999999994,48.23375,48.19222222222223,47.910999999999994,47.147272727272735],"governanceScore":[52.735,52.71125,52.792500000000004,52.966249999999995,52.96,52.96750000000001,53.39249999999999,53.19555555555556,52.864999999999995,52.62363636363636],"environmentScore":[56.573750000000004,56.587500000000006,56.7325,56.636250000000004,56.6075,56.612500000000004,56.4575,56.272222222222226,56.038,55.345454545454544],"socialScore":[53.43375,53.417500000000004,53.74250000000001,53.74875,53.631249999999994,53.64875000000001,53.335,53.076666666666675,53.086,52.39363636363637]}}],"error":null}}}