{"update_time":"2024-10-21 15:23:58.915200","data":{"esgChart":{"result":[{"peerGroup":"Consumer Services","symbolSeries":{"timestamp":[1727740800],"esgScore":[17.94],"governanceScore":[5.91],"environmentScore":[0.43],"socialScore":[11.6]},"peerSeries":{"timestamp":[1727740800],"esgScore":[26.535555555555558],"governanceScore":[7.6383333333333345],"environmentScore":[4.8025],"socialScore":[11.341666666666667]}}],"error":null}}}