{"update_time":"2024-12-17 13:19:23.392171","data":{"esgChart":{"result":[{"peerGroup":"Consumer Services","symbolSeries":{"timestamp":[1727740800,1730419200,1733011200],"esgScore":[17.94,17.94,17.94],"governanceScore":[5.91,5.91,5.91],"environmentScore":[0.43,0.43,0.43],"socialScore":[11.6,11.6,11.6]},"peerSeries":{"timestamp":[1727740800,1730419200,1733011200],"esgScore":[26.164035087719295,24.887383177570083,24.813474178403748],"governanceScore":[7.6383333333333345,5.635421686746988,5.629277108433734],"environmentScore":[4.8025,6.204698795180725,6.255542168674702],"socialScore":[11.341666666666667,10.488795180722889,10.500722891566262]}}],"error":null}}}