{"update_time":"2024-10-21 15:24:42.885502","data":{"esgChart":{"result":[{"peerGroup":"Software & Services","symbolSeries":{"timestamp":[1727740800],"esgScore":[13.8],"governanceScore":[4.12],"environmentScore":[1.25],"socialScore":[8.42]},"peerSeries":{"timestamp":[1727740800],"esgScore":[21.48289719626167],"governanceScore":[6.047160493827162],"environmentScore":[2.80037037037037],"socialScore":[9.712592592592593]}}],"error":null}}}