{"update_time":"2025-11-04 13:07:50.798439","data":{"esgChart":{"result":[{"peerGroup":"EAA Fund EUR Cautious Allocation - Global","symbolSeries":{"timestamp":[1525132800,1527811200,1530403200,1533081600],"esgScore":[59.64,59.81,59.81,59.69],"governanceScore":[57.25,56.63,56.62,56.66],"environmentScore":[59.79,60.29,60.29,60.22],"socialScore":[57.07,57.26,57.27,56.89]},"peerSeries":{"timestamp":[1517443200,1519862400,1522540800,1525132800,1527811200,1530403200,1533081600],"esgScore":[52.38243055555551,52.18455128205128,52.2343870967742,52.231474358974324,52.24450867052028,52.26340659340664,52.5127205882353],"governanceScore":[56.75201388888885,56.6659615384615,56.73270967741935,56.7642307692308,56.84959537572255,56.82318681318686,56.88257352941181],"environmentScore":[58.89847222222224,58.649679487179476,58.76477419354842,58.84333333333339,59.153352601156044,59.18269230769228,59.41683823529417],"socialScore":[58.18048611111112,57.852051282051306,58.022064516129056,58.228461538461474,58.30907514450872,58.35879120879127,58.88514705882352]}}],"error":null}}}