{"update_time":"2025-02-09 12:24:59.731781","data":{"esgChart":{"result":[{"peerGroup":"Traders & Distributors","symbolSeries":{"timestamp":[1727740800,1730419200,1733011200,1735689600],"esgScore":[25.08,25.08,25.08,25.08],"governanceScore":[0.0,0.0,0.0,0.0],"environmentScore":[0.0,0.0,0.0,0.0],"socialScore":[0.0,0.0,0.0,0.0]},"peerSeries":{"timestamp":[1727740800,1730419200,1733011200,1735689600],"esgScore":[25.728947368421053,21.603894736842104,21.51115789473684,21.35421052631579],"governanceScore":[7.17,4.988823529411765,5.093333333333333,5.076060606060606],"environmentScore":[9.51,6.743235294117646,6.726666666666666,6.688787878787878],"socialScore":[8.36,6.840294117647059,6.906666666666668,6.9345454545454555]}}],"error":null}}}