{"update_time":"2024-12-04 12:12:09.181927","data":{"esgChart":{"result":[{"peerGroup":"Pharmaceuticals","symbolSeries":{"timestamp":[1730419200],"esgScore":[21.69],"governanceScore":[0.0],"environmentScore":[0.0],"socialScore":[0.0]},"peerSeries":{"timestamp":[1730419200],"esgScore":[27.172400793650795],"governanceScore":[6.379929577464789],"environmentScore":[2.1654929577464794],"socialScore":[13.70514084507042]}}],"error":null}}}