{"update_time":"2025-02-12 12:18:07.917751","data":{"esgChart":{"result":[{"peerGroup":"Flexible Allocation","symbolSeries":{"timestamp":[1730419200,1733011200],"esgScore":[18.07,18.04],"governanceScore":[5.84,5.71],"environmentScore":[3.19,3.19],"socialScore":[8.29,8.32]},"peerSeries":{"timestamp":[1730419200,1733011200],"esgScore":[17.94123376623376,17.968701550387614],"governanceScore":[5.216525974025965,5.2007751937984485],"environmentScore":[3.716915584415594,3.772383720930234],"socialScore":[7.914090909090922,7.8845736434108336]}}],"error":null}}}