{"update_time":"2025-03-04 16:52:43.859304","data":{"esgChart":{"result":[{"peerGroup":"Flexible Allocation","symbolSeries":{"timestamp":[1730419200,1733011200],"esgScore":[18.07,18.04],"governanceScore":[5.84,5.71],"environmentScore":[3.19,3.19],"socialScore":[8.29,8.32]},"peerSeries":{"timestamp":[1730419200,1733011200],"esgScore":[17.94123376623376,17.91506779661019],"governanceScore":[5.216525974025965,5.190830508474575],"environmentScore":[3.716915584415594,3.7494745762711887],"socialScore":[7.914090909090922,7.867033898305082]}}],"error":null}}}