{"update_time":"2025-03-28 13:22:11.016904","data":{"esgChart":{"result":[{"peerGroup":"Flexible Allocation","symbolSeries":{"timestamp":[1730419200,1733011200,1735689600],"esgScore":[18.07,18.04,18.17],"governanceScore":[5.84,5.71,5.63],"environmentScore":[3.19,3.19,3.32],"socialScore":[8.29,8.32,8.39]},"peerSeries":{"timestamp":[1730419200,1733011200,1735689600],"esgScore":[17.94123376623376,17.91661512027494,17.985427574171073],"governanceScore":[5.216525974025965,5.18393470790378,5.158446771378703],"environmentScore":[3.716915584415594,3.7545532646048088,3.815462478184994],"socialScore":[7.914090909090922,7.865103092783499,7.925462478184994]}}],"error":null}}}