{"update_time":"2025-11-04 13:09:24.746178","data":{"esgChart":{"result":[{"peerGroup":"Flexible Allocation","symbolSeries":{"timestamp":[1730419200,1733011200,1735689600,1738368000],"esgScore":[18.07,18.04,18.17,18.11],"governanceScore":[5.84,5.71,5.63,5.58],"environmentScore":[3.19,3.19,3.32,3.31],"socialScore":[8.29,8.32,8.39,8.38]},"peerSeries":{"timestamp":[1730419200,1733011200,1735689600,1738368000],"esgScore":[17.94123376623376,17.91661512027494,17.98681184668994,18.070492957746495],"governanceScore":[5.216525974025965,5.18393470790378,5.159512195121946,5.128521126760566],"environmentScore":[3.716915584415594,3.7545532646048088,3.815557491289201,3.861408450704235],"socialScore":[7.914090909090922,7.865103092783499,7.926864111498261,7.959559859154957]}}],"error":null}}}