{"update_time":"2025-11-04 13:10:06.319691","data":{"esgChart":{"result":[{"peerGroup":"Consumer Services","symbolSeries":{"timestamp":[1493596800,1496275200,1498867200,1501545600,1504224000,1506816000,1509494400,1512086400,1514764800,1517443200,1519862400,1522540800,1525132800,1527811200,1530403200,1533081600,1535760000,1538352000,1541030400,1543622400,1546300800,1548979200,1551398400,1554076800,1556668800,1559347200,1561939200,1564617600,1567296000,1569888000,1572566400,1575158400,1577836800,1580515200,1583020800,1585699200,1588291200,1590969600,1593561600,1596240000,1598918400,1601510400],"esgScore":[44.53,44.53,44.53,44.53,44.53,44.53,44.53,44.54,44.54,44.54,44.54,44.54,44.54,44.54,44.54,44.54,44.54,44.54,44.54,44.54,44.54,44.54,44.54,44.54,44.54,44.54,44.54,44.54,44.54,45.01,45.29,44.29,15.66,15.66,15.66,null,null,null,15.66,15.66,null,15.66],"governanceScore":[49.8,49.8,49.8,49.8,49.8,49.8,49.8,49.8,49.8,49.8,49.8,49.8,49.8,49.8,49.8,49.8,49.8,49.8,49.8,49.8,49.8,49.8,49.8,49.8,49.8,49.8,49.8,49.8,49.8,49.8,50.9,46.9,6.07,6.07,6.07,null,null,null,6.07,6.07,null,6.07],"environmentScore":[33.75,33.75,33.75,33.75,33.75,33.75,33.75,33.75,33.75,33.75,33.75,33.75,33.75,33.75,33.75,33.75,33.75,33.75,33.75,33.75,33.75,33.75,33.75,33.75,33.75,33.75,33.75,33.75,33.75,33.75,33.75,33.75,0.15,0.15,0.15,null,null,null,0.15,0.15,null,0.15],"socialScore":[53.1,53.1,53.1,53.1,53.1,53.1,53.1,53.1,53.1,53.1,53.1,53.1,53.1,53.1,53.1,53.1,53.1,53.1,53.1,53.1,53.1,53.1,53.1,53.1,53.1,53.1,53.1,53.1,53.1,54.47,54.47,54.47,9.44,9.44,9.44,null,null,null,9.44,9.44,null,9.44]},"peerSeries":{"timestamp":[1493596800,1496275200,1498867200,1501545600,1504224000,1506816000,1509494400,1512086400,1514764800,1517443200,1519862400,1522540800,1525132800,1527811200,1530403200,1533081600,1535760000,1538352000,1541030400,1543622400,1546300800,1548979200,1551398400,1554076800,1556668800,1559347200,1561939200,1564617600,1567296000,1569888000,1572566400,1575158400,1577836800,1580515200,1583020800,1585699200,1588291200,1590969600,1593561600,1596240000,1598918400,1601510400],"esgScore":[56.85130434782609,57.203478260869566,57.14565217391304,57.34739130434782,57.790869565217406,57.76888888888892,58.08888888888891,57.885217391304366,57.83456521739132,57.779565217391315,57.84847826086958,57.71021739130436,57.797826086956526,57.879782608695656,57.62403846153845,57.679130434782614,57.72217391304349,57.8004347826087,57.97847826086957,23.984654377880183,23.65144796380091,23.891846846846846,23.974375,24.248938053097337,24.250663716814152,24.311607142857138,24.737946428571433,25.47782222222222,25.126782608695656,24.994112554112547,24.909493670886075,26.329918367346945,25.191646586345385,21.592,21.592,null,null,null,21.818,21.832,22.227999999999998,22.189999999999998],"governanceScore":[64.40804347826086,65.0186956521739,64.95260869565217,65.36891304347826,65.73826086956522,63.58733333333332,63.706444444444436,63.70913043478259,63.57521739130433,63.57521739130433,63.781739130434765,63.7086956521739,63.73043478260868,63.693478260869554,64.31999999999998,63.53021739130435,63.99869565217392,64.1463043478261,64.3295652173913,0.0,0.0,0.0,2.8554910714285713,3.024557522123894,3.015309734513274,3.0853571428571427,3.0569196428571423,3.0364444444444443,3.0130434782608693,3.0026839826839824,2.9568776371308005,4.055183673469387,2.9142971887550195,6.07,6.07,null,null,null,5.926,5.926,5.926,5.886],"environmentScore":[52.155217391304355,52.41391304347827,52.34326086956523,52.27282608695651,52.9063043478261,53.63444444444447,54.056888888888906,53.66826086956523,53.521304347826096,53.521304347826096,53.620217391304365,53.652608695652184,53.81304347826087,53.930217391304346,53.42038461538462,53.91043478260869,53.791956521739124,53.86304347826086,54.28869565217392,0.0,0.0,0.0,2.1752232142857144,2.401991150442478,2.412699115044248,2.556607142857143,2.544196428571429,2.588177777777778,2.5963913043478266,2.612077922077922,2.5346413502109706,3.338816326530613,2.41546184738956,6.0280000000000005,6.0280000000000005,null,null,null,6.348000000000001,6.348000000000001,6.228,6.2299999999999995],"socialScore":[56.821739130434764,57.095434782608685,57.058478260869556,57.41760869565216,57.696739130434786,58.338,58.684222222222225,58.54260869565218,58.662608695652175,58.50565217391305,58.44347826086957,58.06369565217392,58.11565217391305,58.24173913043479,57.64615384615384,57.8091304347826,57.73304347826087,57.76913043478261,57.66000000000001,0.0,0.0,0.0,4.364285714285715,4.724336283185839,4.703141592920352,4.844285714285713,4.846562499999998,4.841155555555553,4.827652173913041,4.871471861471861,4.760843881856539,5.878938775510203,4.740602409638552,9.496,9.496,null,null,null,9.546000000000001,9.559999999999999,10.075999999999999,10.074000000000002]}}],"error":null}}}