{"update_time":"2024-03-22 12:44:43.514384","data":{"esgChart":{"result":[{"peerGroup":"Consumer Services","symbolSeries":{"timestamp":[1493596800,1496275200,1498867200,1501545600,1504224000,1506816000,1509494400,1512086400,1514764800,1517443200,1519862400,1522540800,1525132800,1527811200,1530403200,1533081600,1535760000,1538352000,1541030400,1543622400,1546300800,1548979200,1551398400,1554076800,1556668800,1559347200,1561939200,1564617600,1567296000,1569888000,1572566400,1575158400,1577836800,1580515200,1583020800,1585699200,1588291200,1590969600,1593561600,1596240000,1598918400,1601510400],"esgScore":[44.53,44.53,44.53,44.53,44.53,44.53,44.53,44.54,44.54,44.54,44.54,44.54,44.54,44.54,44.54,44.54,44.54,44.54,44.54,44.54,44.54,44.54,44.54,44.54,44.54,44.54,44.54,44.54,44.54,45.01,45.29,44.29,15.66,15.66,15.66,null,null,null,15.66,15.66,null,15.66],"governanceScore":[49.8,49.8,49.8,49.8,49.8,49.8,49.8,49.8,49.8,49.8,49.8,49.8,49.8,49.8,49.8,49.8,49.8,49.8,49.8,49.8,49.8,49.8,49.8,49.8,49.8,49.8,49.8,49.8,49.8,49.8,50.9,46.9,6.07,6.07,6.07,null,null,null,6.07,6.07,null,6.07],"environmentScore":[33.75,33.75,33.75,33.75,33.75,33.75,33.75,33.75,33.75,33.75,33.75,33.75,33.75,33.75,33.75,33.75,33.75,33.75,33.75,33.75,33.75,33.75,33.75,33.75,33.75,33.75,33.75,33.75,33.75,33.75,33.75,33.75,0.15,0.15,0.15,null,null,null,0.15,0.15,null,0.15],"socialScore":[53.1,53.1,53.1,53.1,53.1,53.1,53.1,53.1,53.1,53.1,53.1,53.1,53.1,53.1,53.1,53.1,53.1,53.1,53.1,53.1,53.1,53.1,53.1,53.1,53.1,53.1,53.1,53.1,53.1,54.47,54.47,54.47,9.44,9.44,9.44,null,null,null,9.44,9.44,null,9.44]},"peerSeries":{"timestamp":[1493596800,1496275200,1498867200,1501545600,1504224000,1506816000,1509494400,1512086400,1514764800,1517443200,1519862400,1522540800,1525132800,1527811200,1530403200,1533081600,1535760000,1538352000,1541030400,1543622400,1546300800,1548979200,1551398400,1554076800,1556668800,1559347200,1561939200,1564617600,1567296000,1569888000,1572566400,1575158400,1577836800,1580515200,1583020800,1585699200,1588291200,1590969600,1593561600,1596240000,1598918400,1601510400],"esgScore":[56.85130434782609,57.203478260869566,57.14565217391304,57.34739130434782,57.790869565217406,57.76888888888892,58.08888888888891,57.885217391304366,57.83456521739132,57.779565217391315,57.84847826086958,57.71021739130436,57.797826086956526,57.879782608695656,57.62403846153845,57.679130434782614,57.72217391304349,57.8004347826087,57.97847826086957,58.09108695652176,58.10956521739132,58.22434782608698,58.212608695652186,58.087173913043486,58.07326086956523,58.121521739130436,58.0395652173913,58.04891304347826,58.0808695652174,58.2308695652174,58.1041304347826,52.81044444444444,22.668222222222223,22.555777777777777,22.64977777777777,null,null,null,22.61488888888889,22.546666666666663,22.553333333333335,22.51844444444445],"governanceScore":[64.40804347826086,65.0186956521739,64.95260869565217,65.36891304347826,65.73826086956522,63.58733333333332,63.706444444444436,63.70913043478259,63.57521739130433,63.57521739130433,63.781739130434765,63.7086956521739,63.73043478260868,63.693478260869554,64.31999999999998,63.53021739130435,63.99869565217392,64.1463043478261,64.3295652173913,64.6404347826087,64.86652173913043,65.08173913043478,65.0163043478261,65.01847826086956,65.18217391304348,65.27108695652173,65.36891304347826,65.32847826086957,65.36326086956522,65.57065217391305,65.61847826086957,58.68311111111114,6.949333333333334,6.940888888888888,6.979555555555555,null,null,null,6.886888888888889,6.846222222222222,6.809333333333334,6.821333333333333],"environmentScore":[52.155217391304355,52.41391304347827,52.34326086956523,52.27282608695651,52.9063043478261,53.63444444444447,54.056888888888906,53.66826086956523,53.521304347826096,53.521304347826096,53.620217391304365,53.652608695652184,53.81304347826087,53.930217391304346,53.42038461538462,53.91043478260869,53.791956521739124,53.86304347826086,54.28869565217392,54.395,54.31717391304348,54.39956521739132,54.5513043478261,54.42565217391305,54.25565217391305,54.289130434782614,54.06195652173913,54.10782608695652,54.18760869565217,54.352391304347826,54.11108695652173,46.760222222222204,5.2362222222222226,5.216000000000001,5.240444444444446,null,null,null,5.190222222222221,5.168444444444443,5.155111111111111,5.140666666666667],"socialScore":[56.821739130434764,57.095434782608685,57.058478260869556,57.41760869565216,57.696739130434786,58.338,58.684222222222225,58.54260869565218,58.662608695652175,58.50565217391305,58.44347826086957,58.06369565217392,58.11565217391305,58.24173913043479,57.64615384615384,57.8091304347826,57.73304347826087,57.76913043478261,57.66000000000001,57.63891304347827,57.61847826086957,57.69847826086957,57.53739130434782,57.32152173913043,57.35826086956522,57.395,57.35086956521739,57.35478260869564,57.32934782608695,57.42108695652173,57.30130434782607,51.06600000000002,10.483777777777778,10.398888888888889,10.42911111111111,null,null,null,10.537777777777777,10.531111111111109,10.588444444444443,10.556444444444443]}}],"error":null}}}