{"update_time":"2025-02-09 12:25:56.632903","data":{"esgChart":{"result":[{"peerGroup":"Software & Services","symbolSeries":{"timestamp":[1727740800,1730419200,1733011200,1735689600],"esgScore":[21.4,21.4,21.4,21.4],"governanceScore":[6.05,6.05,6.05,6.05],"environmentScore":[3.05,3.05,3.05,3.05],"socialScore":[12.31,12.31,12.31,12.31]},"peerSeries":{"timestamp":[1727740800,1730419200,1733011200,1735689600],"esgScore":[21.95,20.749752066115704,20.741456953642388,20.740710743801657],"governanceScore":[6.047160493827162,5.80553435114504,5.763629343629346,5.76223076923077],"environmentScore":[2.80037037037037,2.9668320610687022,2.974131274131274,2.9947307692307694],"socialScore":[9.712592592592593,9.796335877862584,9.807606177606166,9.812038461538451]}}],"error":null}}}