{"update_time":"2025-03-28 13:23:23.578470","data":{"esgChart":{"result":[{"peerGroup":"Energy Services","symbolSeries":{"timestamp":[1730419200,1733011200,1735689600,1738368000,1740787200],"esgScore":[23.45,23.45,23.45,23.45,23.45],"governanceScore":[0.0,0.0,0.0,0.0,0.0],"environmentScore":[0.0,0.0,0.0,0.0,0.0],"socialScore":[0.0,0.0,0.0,0.0,0.0]},"peerSeries":{"timestamp":[1730419200,1733011200,1735689600,1738368000,1740787200],"esgScore":[26.053661971830977,26.220422535211256,26.410555555555547,26.443380281690132,26.53794520547944],"governanceScore":[6.088333333333332,6.0929166666666665,5.9967999999999995,6.0275,5.991199999999999],"environmentScore":[9.1925,9.236666666666666,9.4652,9.3575,9.398],"socialScore":[7.949583333333333,7.981666666666666,8.247599999999998,8.197916666666664,8.309599999999998]}}],"error":null}}}