{"update_time":"2025-05-14 12:31:08.401004","data":{"esgChart":{"result":[{"peerGroup":"Insurance","symbolSeries":{"timestamp":[1693526400,1696118400,1698796800,1701388800,1704067200,1706745600,1709251200,1711929600,1714521600,1717200000,1719792000,1722470400,1725148800,1727740800,1730419200,1733011200,1735689600,1738368000,1740787200,1743465600,1746057600],"esgScore":[17.96,null,null,null,null,null,null,null,null,null,null,null,null,null,null,null,null,null,null,null,19.63],"governanceScore":[9.91,null,null,null,null,null,null,null,null,null,null,null,null,null,null,null,null,null,null,null,10.27],"environmentScore":[1.39,null,null,null,null,null,null,null,null,null,null,null,null,null,null,null,null,null,null,null,1.44],"socialScore":[6.67,null,null,null,null,null,null,null,null,null,null,null,null,null,null,null,null,null,null,null,7.93]},"peerSeries":{"timestamp":[1693526400,1696118400,1698796800,1701388800,1704067200,1706745600,1709251200,1711929600,1714521600,1717200000,1719792000,1722470400,1725148800,1727740800,1730419200,1733011200,1735689600,1738368000,1740787200,1743465600,1746057600],"esgScore":[19.833333333333332,null,null,null,null,null,null,null,18.33,null,null,null,null,27.066206896551726,23.217486033519574,23.19050000000001,23.16800000000001,23.144419889502764,23.172513966480448,23.159337016574582,23.1463440860215],"governanceScore":[9.477999999999998,null,null,null,null,null,null,null,10.0,null,null,null,null,9.563333333333333,9.244173913043477,9.231565217391301,9.229304347826083,9.201120689655168,9.239826086956521,9.246068376068374,9.23479338842975],"environmentScore":[0.9719999999999999,null,null,null,null,null,null,null,1.29,null,null,null,null,1.3683333333333334,1.3306956521739126,1.327478260869565,1.3224347826086953,1.319655172413793,1.314260869565217,1.3137606837606834,1.2843801652892561],"socialScore":[8.422,null,null,null,null,null,null,null,7.04,null,null,null,null,9.084999999999999,9.86895652173913,9.862086956521741,9.858608695652178,9.87629310344828,9.866434782608698,9.901282051282054,9.874049586776861]}}],"error":null}}}