{"update_time":"2025-03-04 16:53:43.993847","data":{"esgChart":{"result":[{"peerGroup":"Insurance","symbolSeries":{"timestamp":[1693526400],"esgScore":[17.96],"governanceScore":[9.91],"environmentScore":[1.39],"socialScore":[6.67]},"peerSeries":{"timestamp":[1693526400],"esgScore":[19.833333333333332],"governanceScore":[9.477999999999998],"environmentScore":[0.9719999999999999],"socialScore":[8.422]}}],"error":null}}}