{"update_time":"2024-10-12 15:44:43.998895","data":{"esgChart":{"result":[{"peerGroup":"Insurance","symbolSeries":{"timestamp":[1693526400],"esgScore":[17.96],"governanceScore":[9.91],"environmentScore":[1.39],"socialScore":[6.67]},"peerSeries":{"timestamp":[1693526400],"esgScore":[21.16371134020618],"governanceScore":[10.208510638297872],"environmentScore":[1.3230851063829796],"socialScore":[9.341170212765958]}}],"error":null}}}