{"update_time":"2024-12-04 12:12:15.277866","data":{"esgChart":{"result":[{"peerGroup":"Precious Metals","symbolSeries":{"timestamp":[1730419200],"esgScore":[20.04],"governanceScore":[3.3],"environmentScore":[9.95],"socialScore":[6.79]},"peerSeries":{"timestamp":[1730419200],"esgScore":[32.06808988764045],"governanceScore":[5.057090909090908],"environmentScore":[12.458909090909087],"socialScore":[10.650909090909089]}}],"error":null}}}