{"update_time":"2025-11-04 13:10:56.012947","data":{"esgChart":{"result":[{"peerGroup":"Precious Metals","symbolSeries":{"timestamp":[1730419200,1733011200,1735689600,1738368000,1740787200,1743465600,1746057600,1748736000,1751328000,1754006400,1756684800,1759276800],"esgScore":[20.04,20.04,20.04,20.04,20.91,20.91,20.91,20.91,21.97,21.67,21.67,21.08],"governanceScore":[3.3,3.3,3.3,3.3,3.12,3.12,3.12,3.12,3.12,3.12,3.12,3.12],"environmentScore":[9.95,9.95,9.95,9.95,11.47,11.47,11.47,11.47,12.53,12.23,12.23,12.04],"socialScore":[6.79,6.79,6.79,6.79,6.33,6.33,6.33,6.33,6.33,6.33,6.33,5.92]},"peerSeries":{"timestamp":[1730419200,1733011200,1735689600,1738368000,1740787200,1743465600,1746057600,1748736000,1751328000,1754006400,1756684800,1759276800],"esgScore":[32.06808988764045,32.26561797752808,32.322471910112334,32.2235227272727,32.41873563218388,33.10055555555553,32.79855555555553,33.5632258064516,33.58955555555554,33.43752808988763,33.42617977528089,32.28827586206897],"governanceScore":[5.057090909090908,5.0992592592592585,5.1285185185185185,5.004339622641509,5.039107142857142,5.182758620689653,5.323333333333334,5.210666666666667,5.228965517241378,5.193275862068965,5.195517241379311,5.125789473684208],"environmentScore":[12.458909090909087,12.408888888888885,12.468888888888886,12.378490566037735,12.730178571428567,13.011034482758621,12.986166666666668,13.284833333333331,13.386206896551721,13.436034482758616,13.455172413793099,13.09052631578947],"socialScore":[10.650909090909089,10.789814814814811,10.858518518518515,10.744905660377352,11.07839285714285,11.195517241379305,11.467166666666659,11.709999999999996,11.705517241379306,11.695517241379306,11.730689655172412,10.888245614035087]}}],"error":null}}}