{"update_time":"2025-02-12 12:18:15.138461","data":{"esgChart":{"result":[{"peerGroup":"Precious Metals","symbolSeries":{"timestamp":[1730419200,1733011200,1735689600,1738368000],"esgScore":[20.04,20.04,20.04,20.04],"governanceScore":[3.3,3.3,3.3,3.3],"environmentScore":[9.95,9.95,9.95,9.95],"socialScore":[6.79,6.79,6.79,6.79]},"peerSeries":{"timestamp":[1730419200,1733011200,1735689600,1738368000],"esgScore":[32.06808988764045,32.26561797752808,32.322471910112334,32.2235227272727],"governanceScore":[5.057090909090908,5.0992592592592585,5.1285185185185185,5.004339622641509],"environmentScore":[12.458909090909087,12.408888888888885,12.468888888888886,12.378490566037735],"socialScore":[10.650909090909089,10.789814814814811,10.858518518518515,10.744905660377352]}}],"error":null}}}