{"update_time":"2024-12-19 12:14:57.623116","data":{"esgChart":{"result":[{"peerGroup":"Precious Metals","symbolSeries":{"timestamp":[1730419200,1733011200],"esgScore":[20.04,20.04],"governanceScore":[3.3,3.3],"environmentScore":[9.95,9.95],"socialScore":[6.79,6.79]},"peerSeries":{"timestamp":[1730419200,1733011200],"esgScore":[32.06808988764045,32.26561797752808],"governanceScore":[5.057090909090908,5.0992592592592585],"environmentScore":[12.458909090909087,12.408888888888885],"socialScore":[10.650909090909089,10.789814814814811]}}],"error":null}}}