{"update_time":"2025-11-04 13:11:15.750975","data":{"esgChart":{"result":[{"peerGroup":"US CE High Yield Bond","symbolSeries":{"timestamp":[1517443200,1519862400,1522540800,1525132800,1527811200],"esgScore":[48.68,48.68,48.68,48.68,48.68],"governanceScore":[50.37,50.37,50.37,50.37,50.37],"environmentScore":[51.08,51.08,51.08,51.08,51.08],"socialScore":[51.06,51.06,51.06,51.06,51.06]},"peerSeries":{"timestamp":[1517443200,1519862400,1522540800,1525132800,1527811200],"esgScore":[40.36571428571428,40.28285714285715,40.465,40.46666666666667,40.33],"governanceScore":[49.434285714285714,49.44571428571429,49.801249999999996,49.410000000000004,49.32888888888889],"environmentScore":[48.43714285714285,48.49999999999999,48.88625,49.143333333333324,48.962222222222216],"socialScore":[48.17,48.21,48.4,48.138888888888886,48.191111111111105]}}],"error":null}}}