{"update_time":"2025-02-09 12:26:36.520665","data":{"esgChart":{"result":[{"peerGroup":"Insurance","symbolSeries":{"timestamp":[1727740800,1730419200,1733011200,1735689600],"esgScore":[18.3,18.3,18.3,18.3],"governanceScore":[0.0,0.0,0.0,0.0],"environmentScore":[0.0,0.0,0.0,0.0],"socialScore":[0.0,0.0,0.0,0.0]},"peerSeries":{"timestamp":[1727740800,1730419200,1733011200,1735689600],"esgScore":[27.066206896551726,23.217486033519574,23.19050000000001,23.16800000000001],"governanceScore":[9.563333333333333,9.244173913043477,9.231565217391301,9.229304347826083],"environmentScore":[1.3683333333333334,1.3306956521739126,1.327478260869565,1.3224347826086953],"socialScore":[9.084999999999999,9.86895652173913,9.862086956521741,9.858608695652178]}}],"error":null}}}