{"update_time":"2025-02-12 12:18:15.538666","data":{"esgChart":{"result":[{"peerGroup":"Pharmaceuticals","symbolSeries":{"timestamp":[1730419200,1733011200,1735689600,1738368000],"esgScore":[18.65,18.84,18.84,18.84],"governanceScore":[6.77,6.77,6.77,6.77],"environmentScore":[4.47,4.47,4.47,4.47],"socialScore":[7.41,7.6,7.6,7.6]},"peerSeries":{"timestamp":[1730419200,1733011200,1735689600,1738368000],"esgScore":[27.172400793650795,27.936449704142003,28.057075098814227,28.159501992031867],"governanceScore":[6.379929577464789,6.366111111111112,6.294027777777778,6.281608391608393],"environmentScore":[2.1654929577464794,2.2250000000000005,2.303958333333333,2.3278321678321676],"socialScore":[13.70514084507042,13.6425,13.576944444444445,13.622237762237766]}}],"error":null}}}