{"update_time":"2024-12-19 12:14:58.818651","data":{"esgChart":{"result":[{"peerGroup":"Pharmaceuticals","symbolSeries":{"timestamp":[1730419200,1733011200],"esgScore":[18.65,18.84],"governanceScore":[6.77,6.77],"environmentScore":[4.47,4.47],"socialScore":[7.41,7.6]},"peerSeries":{"timestamp":[1730419200,1733011200],"esgScore":[27.172400793650795,27.936449704142003],"governanceScore":[6.379929577464789,6.366111111111112],"environmentScore":[2.1654929577464794,2.2250000000000005],"socialScore":[13.70514084507042,13.6425]}}],"error":null}}}