{"update_time":"2024-12-04 12:12:15.639667","data":{"esgChart":{"result":[{"peerGroup":"Pharmaceuticals","symbolSeries":{"timestamp":[1730419200],"esgScore":[18.65],"governanceScore":[6.77],"environmentScore":[4.47],"socialScore":[7.41]},"peerSeries":{"timestamp":[1730419200],"esgScore":[27.172400793650795],"governanceScore":[6.379929577464789],"environmentScore":[2.1654929577464794],"socialScore":[13.70514084507042]}}],"error":null}}}