{"update_time":"2025-03-28 13:24:30.710161","data":{"esgChart":{"result":[{"peerGroup":"Household Products","symbolSeries":{"timestamp":[1730419200,1733011200,1735689600,1738368000,1740787200],"esgScore":[21.55,21.55,21.55,21.55,21.55],"governanceScore":[0.0,0.0,0.0,0.0,0.0],"environmentScore":[0.0,0.0,0.0,0.0,0.0],"socialScore":[0.0,0.0,0.0,0.0,0.0]},"peerSeries":{"timestamp":[1730419200,1733011200,1735689600,1738368000,1740787200],"esgScore":[26.09235294117646,26.57921568627451,26.544199999999993,26.662549019607837,26.6313725490196],"governanceScore":[5.808387096774195,5.795806451612905,5.872903225806452,5.8403125000000005,5.813125],"environmentScore":[9.74548387096774,9.716774193548385,9.632580645161289,9.5884375,9.621250000000002],"socialScore":[9.734516129032256,9.688387096774191,9.623870967741933,9.574375,9.543124999999998]}}],"error":null}}}