{"update_time":"2025-11-04 13:11:58.576770","data":{"esgChart":{"result":[{"peerGroup":"Canada Fund Emerging Markets Equity","symbolSeries":{"timestamp":[1538352000],"esgScore":[49.33],"governanceScore":[48.7],"environmentScore":[49.44],"socialScore":[51.49]},"peerSeries":{"timestamp":[1538352000],"esgScore":[46.08648648648648],"governanceScore":[50.027027027027025],"environmentScore":[52.03459459459461],"socialScore":[51.24216216216215]}}],"error":null}}}