{"update_time":"2024-10-21 15:46:04.317482","data":{"esgChart":{"result":[{"peerGroup":"Healthcare","symbolSeries":{"timestamp":[1727740800],"esgScore":[26.71],"governanceScore":[0.0],"environmentScore":[0.0],"socialScore":[0.0]},"peerSeries":{"timestamp":[1727740800],"esgScore":[24.948521739130424],"governanceScore":[6.648181818181819],"environmentScore":[3.321818181818181],"socialScore":[12.416363636363634]}}],"error":null}}}