{"update_time":"2024-06-26 12:53:42.154978","data":{"esgChart":{"result":[{"peerGroup":"US Fund Diversified Emerging Mkts","symbolSeries":{"timestamp":[1517443200,1519862400,1522540800,1525132800,1527811200,1530403200,1533081600,1535760000,1538352000,1541030400,1543622400,1546300800],"esgScore":[45.74,45.72,45.51,45.84,45.93,45.98,48.42,48.25,48.24,48.07,47.93,47.92],"governanceScore":[47.18,47.17,46.77,46.98,47.3,47.3,49.16,49.0,49.05,48.91,48.63,48.53],"environmentScore":[47.83,47.75,47.31,47.62,47.61,47.6,49.5,49.36,49.33,49.19,49.21,48.91],"socialScore":[47.64,47.94,47.99,48.99,49.24,49.3,49.17,49.01,48.96,48.81,48.82,48.73]},"peerSeries":{"timestamp":[1517443200,1519862400,1522540800,1525132800,1527811200,1530403200,1533081600,1535760000,1538352000,1541030400,1543622400,1546300800],"esgScore":[45.36124174372521,45.12465025906729,44.96967948717941,44.80372817955109,44.83851037851031,44.825048661800395,45.14318455971052,45.27466091245368,45.251909975669115,45.16001219512196,45.08852798053526,45.08599273607741],"governanceScore":[48.7077014531044,48.5188989637305,48.43830769230772,48.56337905236905,48.740317460317506,48.76121654501222,49.31809408926421,49.50628853267569,49.47052311435529,49.571317073170675,49.573880778588766,49.57052058111368],"environmentScore":[51.23299867899597,51.23835492227973,51.228525641025605,51.24951371571069,51.30025641025645,51.307250608272504,51.60793727382392,51.70881627620209,51.66103406326023,51.49952439024393,51.41161800486627,51.322336561743484],"socialScore":[50.01187582562746,49.94422279792762,49.84482051282053,49.83804239401499,49.96041514041521,49.964829683698404,50.47702050663457,50.66704069050553,50.62951338199515,50.59220731707331,50.58143552311442,50.602711864406906]}}],"error":null}}}