{"update_time":"2025-05-14 12:32:36.495487","data":{"esgChart":{"result":[{"peerGroup":"Refiners & Pipelines","symbolSeries":{"timestamp":[1730419200,1733011200,1735689600],"esgScore":[23.7,23.7,23.7],"governanceScore":[0.0,0.0,0.0],"environmentScore":[0.0,0.0,0.0],"socialScore":[0.0,0.0,0.0]},"peerSeries":{"timestamp":[1730419200,1733011200,1735689600],"esgScore":[32.28977528089889,33.09022727272729,33.23443181818183],"governanceScore":[3.317317073170732,3.4626829268292685,3.4878048780487796],"environmentScore":[15.065365853658536,15.057804878048781,14.961951219512194],"socialScore":[9.36048780487805,9.45487804878049,9.650000000000002]}}],"error":null}}}