{"update_time":"2024-12-08 13:47:28.323138","data":{"esgChart":{"result":[{"peerGroup":"Electrical Equipment","symbolSeries":{"timestamp":[1727740800,1730419200],"esgScore":[19.9,19.9],"governanceScore":[6.25,6.25],"environmentScore":[4.84,4.84],"socialScore":[8.81,8.81]},"peerSeries":{"timestamp":[1727740800,1730419200],"esgScore":[25.45,22.866637168141594],"governanceScore":[6.1240000000000006,5.423589743589744],"environmentScore":[6.134,6.308974358974358],"socialScore":[8.62,8.199487179487178]}}],"error":null}}}