{"update_time":"2025-11-04 13:12:38.588793","data":{"esgChart":{"result":[{"peerGroup":"Electrical Equipment","symbolSeries":{"timestamp":[1727740800,1730419200,1733011200,1735689600,1738368000,1740787200,1743465600,1746057600,1748736000,1751328000,1754006400,1756684800,1759276800],"esgScore":[19.9,19.9,19.9,19.9,19.9,19.9,19.9,19.9,19.9,19.9,19.9,19.9,19.9],"governanceScore":[6.25,6.25,6.25,6.25,6.25,6.25,6.25,6.25,6.25,6.25,6.25,6.25,6.25],"environmentScore":[4.84,4.84,4.84,4.84,4.84,4.84,4.84,4.84,4.84,4.84,4.84,4.84,4.84],"socialScore":[8.81,8.81,8.81,8.81,8.81,8.81,8.81,8.81,8.81,8.81,8.81,8.81,8.81]},"peerSeries":{"timestamp":[1727740800,1730419200,1733011200,1735689600,1738368000,1740787200,1743465600,1746057600,1748736000,1751328000,1754006400,1756684800,1759276800],"esgScore":[25.45,22.866637168141594,23.67621621621622,24.19872727272728,24.303944954128447,24.565779816513768,24.861891891891894,24.5096,25.418928571428577,25.703783783783784,25.795267857142864,26.01153153153154,25.87468468468468],"governanceScore":[6.1240000000000006,5.423589743589744,5.416666666666667,5.417894736842106,5.4360526315789475,5.4360526315789475,5.434358974358975,5.455500000000001,5.41578947368421,5.4912820512820515,5.516250000000001,5.5840000000000005,5.351904761904763],"environmentScore":[6.134,6.308974358974358,6.957692307692305,6.953157894736841,6.953157894736841,6.953157894736841,7.316153846153846,7.471000000000001,7.7728947368421055,8.070512820512821,8.301250000000001,8.466750000000001,8.760714285714288],"socialScore":[8.62,8.199487179487178,8.22205128205128,8.21,8.21,8.21,8.226666666666667,8.17225,8.358947368421054,8.332564102564103,8.2945,8.36125,8.349047619047619]}}],"error":null}}}