{"update_time":"2024-12-08 13:47:41.404975","data":{"esgChart":{"result":[{"peerGroup":"Semiconductors","symbolSeries":{"timestamp":[1727740800,1730419200],"esgScore":[18.7,18.7],"governanceScore":[4.62,4.62],"environmentScore":[8.48,8.48],"socialScore":[5.6,5.6]},"peerSeries":{"timestamp":[1727740800,1730419200],"esgScore":[21.88161764705882,23.277606837606847],"governanceScore":[4.9688,5.421799999999999],"environmentScore":[6.8176,7.5316],"socialScore":[5.646800000000001,6.025]}}],"error":null}}}