{"update_time":"2025-05-14 12:32:58.367125","data":{"esgChart":{"result":[{"peerGroup":"Diversified Financials","symbolSeries":{"timestamp":[1730419200,1733011200,1735689600,1738368000,1740787200,1743465600,1746057600],"esgScore":[24.08,24.08,24.08,24.08,24.08,24.08,24.83],"governanceScore":[0.0,0.0,0.0,0.0,0.0,0.0,0.0],"environmentScore":[0.0,0.0,0.0,0.0,0.0,0.0,0.0],"socialScore":[0.0,0.0,0.0,0.0,0.0,0.0,0.0]},"peerSeries":{"timestamp":[1730419200,1733011200,1735689600,1738368000,1740787200,1743465600,1746057600],"esgScore":[23.972808988764058,23.876629213483152,23.837521126760574,23.7646218487395,23.696966292134835,23.842801120448176,23.814844192634563],"governanceScore":[9.909254658385091,9.883024691358026,9.851349693251533,9.830545454545454,9.820060240963855,9.915818181818183,9.871058823529411],"environmentScore":[1.5136645962732904,1.5319753086419738,1.536012269938649,1.5576969696969685,1.552108433734939,1.6113939393939383,1.6122352941176457],"socialScore":[8.95701863354037,8.920925925925925,8.88687116564417,8.852545454545453,8.899036144578309,8.895939393939388,8.950705882352938]}}],"error":null}}}