{"update_time":"2025-05-14 12:33:17.359343","data":{"esgChart":{"result":[{"peerGroup":"Oil & Gas Producers","symbolSeries":{"timestamp":[1727740800,1730419200,1733011200,1735689600,1738368000,1740787200,1743465600,1746057600],"esgScore":[58.38,58.38,58.38,58.38,58.38,58.38,58.38,58.38],"governanceScore":[0.0,0.0,0.0,0.0,0.0,0.0,0.0,0.0],"environmentScore":[0.0,0.0,0.0,0.0,0.0,0.0,0.0,0.0],"socialScore":[0.0,0.0,0.0,0.0,0.0,0.0,0.0,0.0]},"peerSeries":{"timestamp":[1727740800,1730419200,1733011200,1735689600,1738368000,1740787200,1743465600,1746057600],"esgScore":[47.377500000000005,40.66664670658685,41.42005988023955,42.098095238095254,42.161030303030316,42.18831325301206,42.68060240963856,43.02371951219512],"governanceScore":[7.065,6.480229885057474,6.490000000000001,6.4275581395348835,6.5607058823529405,6.5386046511627915,6.5938823529411765,6.673690476190477],"environmentScore":[22.732499999999998,21.059310344827583,21.17788235294117,21.36744186046511,21.21023529411765,21.24779069767442,21.494823529411775,21.691190476190485],"socialScore":[8.735,9.211034482758624,9.294705882352947,9.480930232558144,9.672941176470594,9.766860465116286,9.901529411764711,10.130833333333339]}}],"error":null}}}