{"update_time":"2024-12-04 12:12:17.351527","data":{"esgChart":{"result":[{"peerGroup":"Household Products","symbolSeries":{"timestamp":[1730419200],"esgScore":[25.25],"governanceScore":[0.0],"environmentScore":[0.0],"socialScore":[0.0]},"peerSeries":{"timestamp":[1730419200],"esgScore":[26.09235294117646],"governanceScore":[5.808387096774195],"environmentScore":[9.74548387096774],"socialScore":[9.734516129032256]}}],"error":null}}}