{"update_time":"2025-11-04 13:13:34.287509","data":{"esgChart":{"result":[{"peerGroup":"Oil & Gas Producers","symbolSeries":{"timestamp":[1743465600,1746057600,1748736000,1751328000,1754006400,1756684800,1759276800],"esgScore":[50.95,50.95,50.95,50.95,50.95,50.95,50.95],"governanceScore":[0.0,0.0,0.0,0.0,0.0,0.0,0.0],"environmentScore":[0.0,0.0,0.0,0.0,0.0,0.0,0.0],"socialScore":[0.0,0.0,0.0,0.0,0.0,0.0,0.0]},"peerSeries":{"timestamp":[1743465600,1746057600,1748736000,1751328000,1754006400,1756684800,1759276800],"esgScore":[42.68060240963856,43.0659393939394,43.4379754601227,43.716121212121244,43.95206060606063,44.145153374233125,42.97730061349696],"governanceScore":[6.5938823529411765,6.671529411764706,6.68404761904762,6.676823529411765,6.793529411764704,6.790357142857142,6.201666666666667],"environmentScore":[21.494823529411775,21.801176470588242,22.03333333333334,22.28517647058823,22.70635294117647,22.855357142857144,22.48666666666666],"socialScore":[9.901529411764711,10.158235294117652,10.333214285714293,10.398235294117656,10.628352941176475,10.550476190476195,10.111547619047624]}}],"error":null}}}