{"update_time":"2025-05-14 12:33:32.274644","data":{"esgChart":{"result":[{"peerGroup":"Oil & Gas Producers","symbolSeries":{"timestamp":[1743465600,1746057600],"esgScore":[50.95,50.95],"governanceScore":[0.0,0.0],"environmentScore":[0.0,0.0],"socialScore":[0.0,0.0]},"peerSeries":{"timestamp":[1743465600,1746057600],"esgScore":[42.68060240963856,43.02371951219512],"governanceScore":[6.5938823529411765,6.673690476190477],"environmentScore":[21.494823529411775,21.691190476190485],"socialScore":[9.901529411764711,10.130833333333339]}}],"error":null}}}