{"update_time":"2025-05-14 12:33:38.758038","data":{"esgChart":{"result":[{"peerGroup":"Real Estate","symbolSeries":{"timestamp":[1730419200,1733011200,1735689600,1738368000,1740787200,1743465600],"esgScore":[16.59,16.59,16.59,16.21,16.21,16.21],"governanceScore":[0.0,0.0,0.0,0.0,0.0,0.0],"environmentScore":[0.0,0.0,0.0,0.0,0.0,0.0],"socialScore":[0.0,0.0,0.0,0.0,0.0,0.0]},"peerSeries":{"timestamp":[1730419200,1733011200,1735689600,1738368000,1740787200,1743465600],"esgScore":[15.647762645914394,15.964171539961017,16.008109161793374,16.117980582524286,16.127076023391826,16.16373307543522],"governanceScore":[5.357873303167427,5.360818181818187,5.344885844748863,5.343076923076928,5.372556053811665,5.388716814159297],"environmentScore":[3.6234389140271506,3.686590909090909,3.6987214611872155,3.716923076923078,3.7390134529147994,3.788539823008849],"socialScore":[3.8858371040723987,3.885545454545455,3.854657534246575,3.8938461538461535,3.884753363228698,3.840663716814158]}}],"error":null}}}