{"update_time":"2025-02-09 12:28:34.102803","data":{"esgChart":{"result":[{"peerGroup":"Precious Metals","symbolSeries":{"timestamp":[1727740800,1730419200,1733011200,1735689600],"esgScore":[29.81,29.81,29.81,29.81],"governanceScore":[2.92,2.92,2.92,2.92],"environmentScore":[16.12,16.12,16.12,16.12],"socialScore":[10.76,10.76,10.76,10.76]},"peerSeries":{"timestamp":[1727740800,1730419200,1733011200,1735689600],"esgScore":[35.40888888888889,32.06808988764045,32.26561797752808,32.322471910112334],"governanceScore":[4.634285714285715,5.057090909090908,5.0992592592592585,5.1285185185185185],"environmentScore":[13.620000000000001,12.458909090909087,12.408888888888885,12.468888888888886],"socialScore":[9.964285714285714,10.650909090909089,10.789814814814811,10.858518518518515]}}],"error":null}}}