{"update_time":"2024-12-08 13:48:57.634959","data":{"esgChart":{"result":[{"peerGroup":"Precious Metals","symbolSeries":{"timestamp":[1727740800,1730419200],"esgScore":[29.81,29.81],"governanceScore":[2.92,2.92],"environmentScore":[16.12,16.12],"socialScore":[10.76,10.76]},"peerSeries":{"timestamp":[1727740800,1730419200],"esgScore":[35.40888888888889,32.06808988764045],"governanceScore":[4.634285714285715,5.057090909090908],"environmentScore":[13.620000000000001,12.458909090909087],"socialScore":[9.964285714285714,10.650909090909089]}}],"error":null}}}