{"update_time":"2025-05-14 12:34:07.869492","data":{"esgChart":{"result":[{"peerGroup":"Diversified Metals","symbolSeries":{"timestamp":[1730419200,1733011200,1735689600,1738368000,1740787200,1743465600,1746057600],"esgScore":[29.44,29.44,29.44,29.44,29.44,29.44,29.44],"governanceScore":[5.74,5.74,5.74,5.74,5.74,5.74,5.74],"environmentScore":[11.14,11.14,11.14,11.14,11.14,11.14,11.14],"socialScore":[12.56,12.56,12.56,12.56,12.56,12.56,12.56]},"peerSeries":{"timestamp":[1730419200,1733011200,1735689600,1738368000,1740787200,1743465600,1746057600],"esgScore":[37.42411764705881,37.63224999999998,37.825289256198324,37.922644628099135,37.88299999999997,37.63624999999997,37.454336283185825],"governanceScore":[5.9679629629629645,5.966607142857144,5.989824561403509,6.003571428571429,5.984,5.812641509433962,5.854705882352941],"environmentScore":[14.932962962962959,15.219285714285713,15.47017543859649,15.322142857142854,15.019454545454542,14.789245283018866,15.071764705882355],"socialScore":[11.432592592592588,11.48892857142857,11.67017543859649,11.539107142857143,11.37290909090909,11.141698113207546,11.268039215686276]}}],"error":null}}}