{"update_time":"2024-12-17 13:33:08.367112","data":{"esgChart":{"result":[{"peerGroup":"Machinery","symbolSeries":{"timestamp":[1733011200],"esgScore":[30.6],"governanceScore":[5.53],"environmentScore":[12.98],"socialScore":[12.09]},"peerSeries":{"timestamp":[1733011200],"esgScore":[26.77321969696968],"governanceScore":[5.507777777777777],"environmentScore":[7.945811965811965],"socialScore":[10.801965811965811]}}],"error":null}}}