{"update_time":"2025-11-04 13:14:41.777540","data":{"esgChart":{"result":[{"peerGroup":"Machinery","symbolSeries":{"timestamp":[1733011200,1735689600,1738368000,1740787200,1743465600,1746057600,1748736000,1751328000,1754006400,1756684800,1759276800],"esgScore":[30.6,30.6,30.6,30.6,30.6,30.6,30.6,30.6,30.6,30.6,30.56],"governanceScore":[5.53,5.53,5.53,5.53,5.53,5.53,5.53,5.53,5.53,5.53,5.53],"environmentScore":[12.98,12.98,12.98,12.98,12.98,12.98,12.98,12.98,12.98,12.98,13.14],"socialScore":[12.09,12.09,12.09,12.09,12.09,12.09,12.09,12.09,12.09,12.09,11.89]},"peerSeries":{"timestamp":[1733011200,1735689600,1738368000,1740787200,1743465600,1746057600,1748736000,1751328000,1754006400,1756684800,1759276800],"esgScore":[26.77321969696968,27.151791044776107,27.391152416356864,27.747777777777767,27.98652985074625,28.154521072796932,28.55869090909091,28.779677419354833,29.02996363636363,29.030327272727273,28.81996363636365],"governanceScore":[5.507777777777777,5.537226890756303,5.534033613445378,5.527499999999999,5.564297520661155,5.6432520325203255,5.700158730158729,5.742968749999998,5.696141732283464,5.647716535433071,5.49328125],"environmentScore":[7.945811965811965,8.234453781512604,8.474705882352943,8.755333333333335,9.021570247933887,9.506178861788621,9.81936507936508,10.000937500000001,10.2403937007874,10.27354330708662,10.425468750000006],"socialScore":[10.801965811965811,10.77210084033613,10.717226890756297,10.650749999999997,10.674628099173553,10.628048780487804,10.686428571428571,10.7375,10.70267716535433,10.668740157480315,10.532734374999999]}}],"error":null}}}