{"update_time":"2025-05-14 12:34:14.119997","data":{"esgChart":{"result":[{"peerGroup":"Machinery","symbolSeries":{"timestamp":[1733011200,1735689600,1738368000,1740787200,1743465600,1746057600],"esgScore":[30.6,30.6,30.6,30.6,30.6,30.6],"governanceScore":[5.53,5.53,5.53,5.53,5.53,5.53],"environmentScore":[12.98,12.98,12.98,12.98,12.98,12.98],"socialScore":[12.09,12.09,12.09,12.09,12.09,12.09]},"peerSeries":{"timestamp":[1733011200,1735689600,1738368000,1740787200,1743465600,1746057600],"esgScore":[26.77321969696968,27.151791044776107,27.391152416356864,27.747777777777767,27.98652985074625,28.124730769230762],"governanceScore":[5.507777777777777,5.537226890756303,5.534033613445378,5.527499999999999,5.564297520661155,5.6432520325203255],"environmentScore":[7.945811965811965,8.234453781512604,8.474705882352943,8.755333333333335,9.021570247933887,9.506178861788621],"socialScore":[10.801965811965811,10.77210084033613,10.717226890756297,10.650749999999997,10.674628099173553,10.628048780487804]}}],"error":null}}}