{"update_time":"2025-02-09 12:28:51.901877","data":{"esgChart":{"result":[{"peerGroup":"Machinery","symbolSeries":{"timestamp":[1733011200,1735689600],"esgScore":[30.6,30.6],"governanceScore":[5.53,5.53],"environmentScore":[12.98,12.98],"socialScore":[12.09,12.09]},"peerSeries":{"timestamp":[1733011200,1735689600],"esgScore":[26.77321969696968,27.151791044776107],"governanceScore":[5.507777777777777,5.537226890756303],"environmentScore":[7.945811965811965,8.234453781512604],"socialScore":[10.801965811965811,10.77210084033613]}}],"error":null}}}