{"update_time":"2025-11-04 13:14:49.524995","data":{"esgChart":{"result":[{"peerGroup":"US Fund Large Value","symbolSeries":{"timestamp":[1517443200,1519862400,1522540800,1525132800,1527811200,1530403200,1533081600,1535760000,1538352000,1541030400,1543622400,1546300800],"esgScore":[57.73,57.83,57.72,57.58,57.54,57.54,57.5,57.37,57.29,57.31,57.25,57.22],"governanceScore":[56.16,56.21,55.86,55.71,55.61,55.58,55.14,54.78,54.26,54.27,54.14,54.28],"environmentScore":[57.77,57.81,57.57,57.51,57.61,57.62,57.49,57.45,57.87,57.91,58.01,57.78],"socialScore":[55.52,55.79,55.95,55.76,55.66,55.68,55.87,55.9,55.39,55.38,55.33,55.44]},"peerSeries":{"timestamp":[1517443200,1519862400,1522540800,1525132800,1527811200,1530403200,1533081600,1535760000,1538352000,1541030400,1543622400,1546300800],"esgScore":[46.40694805194807,46.42135772357725,46.49502017756254,46.61900806451623,46.587191999999874,46.58855315747388,46.51062751407872,46.506642512077356,46.48517269076305,46.453818327974396,46.4160257441675,46.46219277108459],"governanceScore":[52.63083603896121,52.58423577235774,52.62790960451986,52.68006451612899,52.6685200000001,52.675195843325405,52.55859211584872,52.572093397745604,52.48980722891562,52.413496784565915,52.33871279163312,52.34231325301209],"environmentScore":[54.465324675324865,54.4037723577235,54.43669895076679,54.54208064516127,54.52243200000014,54.5250679456437,54.48358004827026,54.449331723027264,54.41750200803191,54.33075562700972,54.30057924376509,54.378514056224866],"socialScore":[52.582670454545564,52.65287804878052,52.745375302663405,52.94592741935493,52.91408800000009,52.906682653876906,52.614827031375754,52.57406602254418,52.585871485943784,52.603046623794164,52.54141592920345,52.58081927710832]}}],"error":null}}}