{"update_time":"2024-12-19 12:15:07.645025","data":{"esgChart":{"result":[{"peerGroup":"Chemicals","symbolSeries":{"timestamp":[1730419200,1733011200],"esgScore":[23.38,23.38],"governanceScore":[3.96,3.96],"environmentScore":[11.69,11.69],"socialScore":[7.74,7.74]},"peerSeries":{"timestamp":[1730419200,1733011200],"esgScore":[28.19076086956522,28.28934426229508],"governanceScore":[5.159374999999999,5.137083333333332],"environmentScore":[13.540104166666667,13.74072916666667],"socialScore":[6.123437499999999,6.130937499999999]}}],"error":null}}}