{"update_time":"2024-12-04 12:12:18.097555","data":{"esgChart":{"result":[{"peerGroup":"Chemicals","symbolSeries":{"timestamp":[1730419200],"esgScore":[23.38],"governanceScore":[3.96],"environmentScore":[11.69],"socialScore":[7.74]},"peerSeries":{"timestamp":[1730419200],"esgScore":[28.19076086956522],"governanceScore":[5.159374999999999],"environmentScore":[13.540104166666667],"socialScore":[6.123437499999999]}}],"error":null}}}