{"update_time":"2025-11-04 13:14:56.326915","data":{"esgChart":{"result":[{"peerGroup":"Aerospace & Defense","symbolSeries":{"timestamp":[1727740800,1730419200,1733011200,1735689600,1738368000,1740787200,1743465600,1746057600,1748736000,1751328000,1754006400,1756684800,1759276800],"esgScore":[34.13,34.13,34.13,34.13,34.13,39.83,39.83,39.57,39.57,39.57,39.57,39.57,39.11],"governanceScore":[8.73,8.73,8.73,8.73,8.73,7.12,7.12,7.12,7.12,7.12,7.12,7.12,7.6],"environmentScore":[10.77,10.77,10.77,10.77,10.77,13.55,13.55,13.62,13.62,13.62,13.62,13.62,13.62],"socialScore":[14.63,14.63,14.63,14.63,14.63,19.16,19.16,18.82,18.82,18.82,18.82,18.82,17.89]},"peerSeries":{"timestamp":[1727740800,1730419200,1733011200,1735689600,1738368000,1740787200,1743465600,1746057600,1748736000,1751328000,1754006400,1756684800,1759276800],"esgScore":[35.79636363636364,32.22622950819671,32.6855737704918,32.90704918032787,32.91213114754098,33.336721311475415,33.55688524590164,33.666984126984126,33.54387096774193,33.63629032258064,34.035806451612906,33.79730158730159,33.004374999999996],"governanceScore":[7.7875,5.868750000000001,5.837500000000001,5.791,5.7844999999999995,5.74925,5.793000000000001,5.750750000000001,5.7775,5.715000000000001,5.7387804878048785,5.7458536585365865,5.15],"environmentScore":[7.9025,8.670999999999998,8.938999999999998,9.24225,9.24225,9.505999999999998,9.629499999999998,9.843749999999998,9.93275,10.187999999999999,10.373170731707315,10.378780487804878,10.55658536585366],"socialScore":[16.3125,14.9845,15.023999999999997,15.104999999999999,15.105249999999998,15.255999999999997,15.274249999999995,15.328749999999994,15.181999999999997,15.089499999999996,15.230243902439023,15.157073170731707,14.68414634146341]}}],"error":null}}}