{"update_time":"2025-02-09 12:29:16.621571","data":{"esgChart":{"result":[{"peerGroup":"Healthcare","symbolSeries":{"timestamp":[1727740800,1730419200,1733011200,1735689600],"esgScore":[30.67,30.67,30.67,30.67],"governanceScore":[0.0,0.0,0.0,0.0],"environmentScore":[0.0,0.0,0.0,0.0],"socialScore":[0.0,0.0,0.0,0.0]},"peerSeries":{"timestamp":[1727740800,1730419200,1733011200,1735689600],"esgScore":[25.107839999999985,23.63607142857143,23.61544262295082,23.609477124183005],"governanceScore":[6.648181818181819,6.38878260869565,6.38086956521739,6.289572649572649],"environmentScore":[3.321818181818181,2.653217391304347,2.6531304347826072,2.635213675213674],"socialScore":[12.416363636363634,12.468869565217396,12.473913043478264,12.402136752136753]}}],"error":null}}}