{"update_time":"2025-11-04 13:15:23.312848","data":{"esgChart":{"result":[{"peerGroup":"US CE Options-based","symbolSeries":{"timestamp":[1517443200,1519862400,1522540800,1525132800,1527811200,1530403200,1533081600,1535760000,1538352000,1541030400,1543622400,1546300800,1548979200,1551398400,1554076800,1556668800,1559347200,1561939200,1564617600,1567296000,1569888000,1572566400,1575158400,1577836800,1580515200,1583020800,1585699200,1588291200,1590969600,1593561600,1596240000,1598918400,1601510400,1604188800,1606780800],"esgScore":[54.88,54.8,54.68,54.73,54.75,54.75,54.86,54.96,55.12,54.96,54.99,54.77,null,null,null,null,null,null,null,null,null,null,null,null,null,null,null,null,null,23.52,23.11,22.89,22.79,22.33,22.24],"governanceScore":[50.98,51.02,50.68,50.66,50.62,50.62,50.63,50.82,51.04,50.97,50.95,50.73,null,null,null,null,null,null,null,null,null,null,null,null,null,null,null,null,null,8.08,8.04,8.03,7.98,7.91,7.9],"environmentScore":[56.41,56.34,56.29,56.36,56.42,56.42,56.73,56.75,56.74,56.53,56.37,56.25,null,null,null,null,null,null,null,null,null,null,null,null,null,null,null,null,null,4.13,4.04,3.88,3.91,3.91,3.87],"socialScore":[53.68,53.57,53.57,53.66,53.66,53.66,53.64,53.7,53.82,53.73,53.91,53.67,null,null,null,null,null,null,null,null,null,null,null,null,null,null,null,null,null,11.28,11.0,10.95,10.88,10.48,10.44]},"peerSeries":{"timestamp":[1517443200,1519862400,1522540800,1525132800,1527811200,1530403200,1533081600,1535760000,1538352000,1541030400,1543622400,1546300800,1548979200,1551398400,1554076800,1556668800,1559347200,1561939200,1564617600,1567296000,1569888000,1572566400,1575158400,1577836800,1580515200,1583020800,1585699200,1588291200,1590969600,1593561600,1596240000,1598918400,1601510400,1604188800,1606780800],"esgScore":[46.5046875,46.50937499999999,46.48656249999999,46.87937499999999,46.92562499999999,46.96156249999999,46.915625,47.0271875,47.415555555555564,47.41499999999999,47.39305555555556,47.36444444444445,null,null,null,null,null,null,null,26.984999999999996,24.92918918918919,25.46756756756757,25.44864864864865,25.329459459459457,25.094864864864864,24.863243243243236,24.84864864864865,24.739729729729724,24.682972972972962,24.45027027027027,24.092972972972976,23.418275862068967,23.300344827586212,22.91896551724138,22.85571428571429],"governanceScore":[51.386562500000004,51.4128125,51.306875000000005,51.6128125,51.63624999999999,51.65249999999999,51.725,51.78187499999999,52.3236111111111,52.374999999999986,52.359444444444435,52.24416666666666,null,null,null,null,null,null,null,7.9125,8.335405405405403,8.214054054054056,8.195135135135136,8.155675675675672,8.127027027027028,8.078648648648645,8.074054054054054,8.030540540540542,7.99054054054054,7.8940540540540525,7.827837837837834,7.7944827586206875,7.74551724137931,7.692068965517241,7.720000000000001],"environmentScore":[54.78031249999999,54.787499999999994,54.83781249999999,54.98593750000001,54.995937500000004,55.04625,54.98406250000001,55.078125000000014,55.395833333333364,55.44388888888892,55.44194444444444,55.33166666666668,null,null,null,null,null,null,null,8.285000000000002,5.731621621621622,5.839459459459457,5.814324324324325,5.801891891891893,5.652702702702702,5.462432432432433,5.486756756756758,5.471351351351352,5.47135135135135,5.472702702702703,5.39,4.707931034482758,4.726206896551725,4.673448275862069,4.678214285714286],"socialScore":[53.67374999999999,53.646875,53.68,53.9953125,54.094999999999985,54.12906249999999,53.96656249999999,54.07781249999999,54.34249999999999,54.34944444444443,54.2225,54.211388888888884,null,null,null,null,null,null,null,10.2625,10.28297297297297,10.863243243243241,10.833513513513513,10.779729729729729,10.730270270270271,10.748378378378376,10.775405405405403,10.757297297297296,10.716216216216216,10.607567567567568,10.421081081081079,10.49655172413793,10.403793103448272,10.12103448275862,10.07678571428571]}}],"error":null}}}