{"update_time":"2025-11-04 13:15:50.571774","data":{"esgChart":{"result":[{"peerGroup":"US CE Options-based","symbolSeries":{"timestamp":[1517443200,1519862400,1522540800,1525132800,1527811200,1530403200,1533081600,1535760000,1538352000,1541030400,1543622400,1546300800,1548979200,1551398400,1554076800,1556668800,1559347200,1561939200,1564617600,1567296000,1569888000,1572566400,1575158400,1577836800,1580515200,1583020800,1585699200,1588291200,1590969600,1593561600,1596240000,1598918400,1601510400,1604188800,1606780800],"esgScore":[55.1,55.03,55.01,55.06,55.16,55.16,55.04,55.12,55.53,55.37,55.24,54.82,null,null,null,null,null,null,null,null,null,null,null,null,null,null,null,null,null,23.12,22.67,22.48,22.27,21.39,21.33],"governanceScore":[48.67,48.84,48.53,48.44,48.45,48.45,48.56,48.56,49.23,49.34,49.08,48.56,null,null,null,null,null,null,null,null,null,null,null,null,null,null,null,null,null,8.22,8.21,8.14,8.06,7.94,7.9],"environmentScore":[57.16,57.02,57.06,57.22,57.35,57.35,57.55,57.34,57.43,57.11,56.97,56.7,null,null,null,null,null,null,null,null,null,null,null,null,null,null,null,null,null,3.47,3.43,3.39,3.41,3.29,3.3],"socialScore":[54.68,54.56,54.62,54.66,54.69,54.69,54.35,54.66,54.84,54.8,54.83,54.44,null,null,null,null,null,null,null,null,null,null,null,null,null,null,null,null,null,11.43,11.03,10.95,10.8,10.17,10.13]},"peerSeries":{"timestamp":[1517443200,1519862400,1522540800,1525132800,1527811200,1530403200,1533081600,1535760000,1538352000,1541030400,1543622400,1546300800,1548979200,1551398400,1554076800,1556668800,1559347200,1561939200,1564617600,1567296000,1569888000,1572566400,1575158400,1577836800,1580515200,1583020800,1585699200,1588291200,1590969600,1593561600,1596240000,1598918400,1601510400,1604188800,1606780800],"esgScore":[46.5046875,46.50937499999999,46.48656249999999,46.87937499999999,46.92562499999999,46.96156249999999,46.915625,47.0271875,47.415555555555564,47.41499999999999,47.39305555555556,47.36444444444445,null,null,null,null,null,null,null,26.984999999999996,24.92918918918919,25.46756756756757,25.44864864864865,25.329459459459457,25.094864864864864,24.863243243243236,24.84864864864865,24.739729729729724,24.682972972972962,24.45027027027027,24.092972972972976,23.418275862068967,23.300344827586212,22.91896551724138,22.85571428571429],"governanceScore":[51.386562500000004,51.4128125,51.306875000000005,51.6128125,51.63624999999999,51.65249999999999,51.725,51.78187499999999,52.3236111111111,52.374999999999986,52.359444444444435,52.24416666666666,null,null,null,null,null,null,null,7.9125,8.335405405405403,8.214054054054056,8.195135135135136,8.155675675675672,8.127027027027028,8.078648648648645,8.074054054054054,8.030540540540542,7.99054054054054,7.8940540540540525,7.827837837837834,7.7944827586206875,7.74551724137931,7.692068965517241,7.720000000000001],"environmentScore":[54.78031249999999,54.787499999999994,54.83781249999999,54.98593750000001,54.995937500000004,55.04625,54.98406250000001,55.078125000000014,55.395833333333364,55.44388888888892,55.44194444444444,55.33166666666668,null,null,null,null,null,null,null,8.285000000000002,5.731621621621622,5.839459459459457,5.814324324324325,5.801891891891893,5.652702702702702,5.462432432432433,5.486756756756758,5.471351351351352,5.47135135135135,5.472702702702703,5.39,4.707931034482758,4.726206896551725,4.673448275862069,4.678214285714286],"socialScore":[53.67374999999999,53.646875,53.68,53.9953125,54.094999999999985,54.12906249999999,53.96656249999999,54.07781249999999,54.34249999999999,54.34944444444443,54.2225,54.211388888888884,null,null,null,null,null,null,null,10.2625,10.28297297297297,10.863243243243241,10.833513513513513,10.779729729729729,10.730270270270271,10.748378378378376,10.775405405405403,10.757297297297296,10.716216216216216,10.607567567567568,10.421081081081079,10.49655172413793,10.403793103448272,10.12103448275862,10.07678571428571]}}],"error":null}}}