{"update_time":"2024-10-21 16:07:59.641990","data":{"esgChart":{"result":[{"peerGroup":"Retailing","symbolSeries":{"timestamp":[1727740800],"esgScore":[21.42],"governanceScore":[0.0],"environmentScore":[0.0],"socialScore":[0.0]},"peerSeries":{"timestamp":[1727740800],"esgScore":[19.20862745098039],"governanceScore":[4.615294117647059],"environmentScore":[4.652352941176469],"socialScore":[9.482352941176472]}}],"error":null}}}