{"update_time":"2025-02-12 12:18:29.273308","data":{"esgChart":{"result":[{"peerGroup":"Diversified Financials","symbolSeries":{"timestamp":[1730419200,1733011200,1735689600,1738368000],"esgScore":[26.35,25.95,25.95,25.95],"governanceScore":[13.3,13.3,13.3,13.3],"environmentScore":[2.33,2.33,2.33,2.33],"socialScore":[10.72,10.32,10.32,10.32]},"peerSeries":{"timestamp":[1730419200,1733011200,1735689600,1738368000],"esgScore":[23.972808988764058,23.876629213483152,23.837521126760574,23.7646218487395],"governanceScore":[9.909254658385091,9.883024691358026,9.851349693251533,9.830545454545454],"environmentScore":[1.5136645962732904,1.5319753086419738,1.536012269938649,1.5576969696969685],"socialScore":[8.95701863354037,8.920925925925925,8.88687116564417,8.852545454545453]}}],"error":null}}}