{"update_time":"2024-10-21 16:09:37.526300","data":{"esgChart":{"result":[{"peerGroup":"Utilities","symbolSeries":{"timestamp":[1727740800],"esgScore":[29.24],"governanceScore":[4.88],"environmentScore":[13.73],"socialScore":[10.64]},"peerSeries":{"timestamp":[1727740800],"esgScore":[32.020416666666655],"governanceScore":[4.1530000000000005],"environmentScore":[7.5969999999999995],"socialScore":[8.447]}}],"error":null}}}