{"update_time":"2024-12-17 13:36:11.246082","data":{"esgChart":{"result":[{"peerGroup":"Utilities","symbolSeries":{"timestamp":[1727740800,1730419200,1733011200],"esgScore":[29.24,29.24,29.24],"governanceScore":[4.88,4.88,4.88],"environmentScore":[13.73,13.73,13.73],"socialScore":[10.64,10.64,10.64]},"peerSeries":{"timestamp":[1727740800,1730419200,1733011200],"esgScore":[33.97648648648649,27.886468085106358,27.982127659574445],"governanceScore":[4.183333333333334,5.0064968152866225,4.9947770700636935],"environmentScore":[7.165,10.325796178343946,10.330127388535029],"socialScore":[9.004999999999999,9.850700636942678,9.86019108280255]}}],"error":null}}}