{"update_time":"2025-02-09 12:30:22.884213","data":{"esgChart":{"result":[{"peerGroup":"Utilities","symbolSeries":{"timestamp":[1727740800,1730419200,1733011200,1735689600],"esgScore":[29.24,29.24,29.24,29.24],"governanceScore":[4.88,4.88,4.88,4.88],"environmentScore":[13.73,13.73,13.73,13.73],"socialScore":[10.64,10.64,10.64,10.64]},"peerSeries":{"timestamp":[1727740800,1730419200,1733011200,1735689600],"esgScore":[33.97648648648649,27.886468085106358,27.956751054852298,28.287038626609416],"governanceScore":[4.183333333333334,5.0064968152866225,4.996962025316454,5.023290322580643],"environmentScore":[7.165,10.325796178343946,10.282088607594934,10.411677419354838],"socialScore":[9.004999999999999,9.850700636942678,9.863291139240507,10.135870967741939]}}],"error":null}}}