{"update_time":"2024-12-08 13:53:09.105902","data":{"esgChart":{"result":[{"peerGroup":"Pharmaceuticals","symbolSeries":{"timestamp":[1727740800,1730419200],"esgScore":[20.85,20.85],"governanceScore":[5.69,5.69],"environmentScore":[1.29,1.29],"socialScore":[13.88,13.88]},"peerSeries":{"timestamp":[1727740800,1730419200],"esgScore":[28.313461538461517,27.172400793650795],"governanceScore":[6.1897222222222235,6.379929577464789],"environmentScore":[1.6988888888888891,2.1654929577464794],"socialScore":[15.03638888888889,13.70514084507042]}}],"error":null}}}