{"update_time":"2024-12-08 13:53:16.946219","data":{"esgChart":{"result":[{"peerGroup":"Pharmaceuticals","symbolSeries":{"timestamp":[1727740800,1730419200],"esgScore":[22.52,22.52],"governanceScore":[5.77,5.77],"environmentScore":[1.77,1.77],"socialScore":[14.99,14.99]},"peerSeries":{"timestamp":[1727740800,1730419200],"esgScore":[28.313461538461517,27.172400793650795],"governanceScore":[6.1897222222222235,6.379929577464789],"environmentScore":[1.6988888888888891,2.1654929577464794],"socialScore":[15.03638888888889,13.70514084507042]}}],"error":null}}}