{"update_time":"2024-12-19 12:15:24.195328","data":{"esgChart":{"result":[{"peerGroup":"Insurance","symbolSeries":{"timestamp":[1730419200,1733011200],"esgScore":[25.74,25.74],"governanceScore":[12.95,12.95],"environmentScore":[2.32,2.32],"socialScore":[10.47,10.47]},"peerSeries":{"timestamp":[1730419200,1733011200],"esgScore":[23.217486033519574,23.19050000000001],"governanceScore":[9.244173913043477,9.231565217391301],"environmentScore":[1.3306956521739126,1.327478260869565],"socialScore":[9.86895652173913,9.862086956521741]}}],"error":null}}}