{"update_time":"2024-10-21 16:17:42.249320","data":{"esgChart":{"result":[{"peerGroup":"Oil & Gas Producers","symbolSeries":{"timestamp":[1727740800],"esgScore":[37.31],"governanceScore":[7.41],"environmentScore":[19.99],"socialScore":[9.91]},"peerSeries":{"timestamp":[1727740800],"esgScore":[46.375555555555565],"governanceScore":[7.263333333333333],"environmentScore":[22.41333333333333],"socialScore":[9.233333333333333]}}],"error":null}}}