{"update_time":"2025-02-09 12:31:23.765725","data":{"esgChart":{"result":[{"peerGroup":"Oil & Gas Producers","symbolSeries":{"timestamp":[1727740800,1730419200,1733011200,1735689600],"esgScore":[37.31,37.31,37.31,37.31],"governanceScore":[7.41,7.41,7.41,7.41],"environmentScore":[19.99,19.99,19.99,19.99],"socialScore":[9.91,9.91,9.91,9.91]},"peerSeries":{"timestamp":[1727740800,1730419200,1733011200,1735689600],"esgScore":[47.377500000000005,40.66664670658685,41.42005988023955,42.098095238095254],"governanceScore":[7.065,6.480229885057474,6.490000000000001,6.4275581395348835],"environmentScore":[22.732499999999998,21.059310344827583,21.17788235294117,21.36744186046511],"socialScore":[8.735,9.211034482758624,9.294705882352947,9.480930232558144]}}],"error":null}}}