{"update_time":"2025-02-09 12:31:33.658071","data":{"esgChart":{"result":[{"peerGroup":"Building Products","symbolSeries":{"timestamp":[1672531200,1675209600,1677628800,1680307200,1682899200,1685577600,1688169600,1690848000,1693526400,1696118400,1698796800,1701388800,1704067200,1706745600,1709251200,1711929600,1714521600,1717200000,1719792000,1722470400,1725148800,1727740800,1730419200,1733011200,1735689600],"esgScore":[25.64,null,null,null,null,null,null,null,24.24,null,null,null,null,null,null,null,null,null,null,null,null,null,20.88,20.88,20.88],"governanceScore":[7.31,null,null,null,null,null,null,null,7.54,null,null,null,null,null,null,null,null,null,null,null,null,null,5.61,5.61,5.61],"environmentScore":[12.43,null,null,null,null,null,null,null,10.65,null,null,null,null,null,null,null,null,null,null,null,null,null,9.81,9.81,9.81],"socialScore":[5.9,null,null,null,null,null,null,null,6.05,null,null,null,null,null,null,null,null,null,null,null,null,null,5.46,5.46,5.46]},"peerSeries":{"timestamp":[1672531200,1675209600,1677628800,1680307200,1682899200,1685577600,1688169600,1690848000,1693526400,1696118400,1698796800,1701388800,1704067200,1706745600,1709251200,1711929600,1714521600,1717200000,1719792000,1722470400,1725148800,1727740800,1730419200,1733011200,1735689600],"esgScore":[19.453333333333333,19.481666666666666,19.666666666666668,19.415000000000003,null,null,null,null,19.62,null,null,null,22.14,null,null,null,null,null,null,null,null,27.962500000000002,23.676119402985083,23.807462686567177,23.877014925373143],"governanceScore":[6.279166666666668,6.288333333333333,6.29,6.315,null,null,null,null,6.258,null,null,null,null,null,null,null,null,null,null,null,null,null,5.2078125,5.220625000000001,5.196250000000001],"environmentScore":[9.1525,8.826666666666666,8.633333333333333,8.36,null,null,null,null,8.357333333333335,null,null,null,null,null,null,null,null,null,null,null,null,null,9.87,9.960625,10.0496875],"socialScore":[4.020833333333333,4.368333333333333,4.743333333333333,4.741666666666666,null,null,null,null,5.004666666666666,null,null,null,null,null,null,null,null,null,null,null,null,null,5.682812499999999,5.675624999999999,5.637187499999999]}}],"error":null}}}