{"update_time":"2025-11-04 13:18:20.839627","data":{"esgChart":{"result":[{"peerGroup":"Building Products","symbolSeries":{"timestamp":[1672531200,1675209600,1677628800,1680307200,1682899200,1685577600,1688169600,1690848000,1693526400,1696118400,1698796800,1701388800,1704067200,1706745600,1709251200,1711929600,1714521600,1717200000,1719792000,1722470400,1725148800,1727740800,1730419200,1733011200,1735689600,1738368000,1740787200,1743465600,1746057600,1748736000,1751328000,1754006400,1756684800,1759276800],"esgScore":[25.64,null,null,null,null,null,null,null,24.24,null,null,null,null,null,null,null,null,null,null,null,null,null,20.88,20.88,20.88,20.88,20.88,20.88,24.15,24.15,23.51,23.51,23.51,23.43],"governanceScore":[7.31,null,null,null,null,null,null,null,7.54,null,null,null,null,null,null,null,null,null,null,null,null,null,5.61,5.61,5.61,5.61,5.61,5.61,5.75,5.75,5.75,5.75,5.75,5.75],"environmentScore":[12.43,null,null,null,null,null,null,null,10.65,null,null,null,null,null,null,null,null,null,null,null,null,null,9.81,9.81,9.81,9.81,9.81,9.81,13.07,13.07,12.43,12.43,12.43,12.43],"socialScore":[5.9,null,null,null,null,null,null,null,6.05,null,null,null,null,null,null,null,null,null,null,null,null,null,5.46,5.46,5.46,5.46,5.46,5.46,5.34,5.34,5.34,5.34,5.34,5.26]},"peerSeries":{"timestamp":[1672531200,1675209600,1677628800,1680307200,1682899200,1685577600,1688169600,1690848000,1693526400,1696118400,1698796800,1701388800,1704067200,1706745600,1709251200,1711929600,1714521600,1717200000,1719792000,1722470400,1725148800,1727740800,1730419200,1733011200,1735689600,1738368000,1740787200,1743465600,1746057600,1748736000,1751328000,1754006400,1756684800,1759276800],"esgScore":[19.453333333333333,19.481666666666666,19.666666666666668,19.415000000000003,null,null,null,null,19.62,null,null,null,22.14,null,null,null,null,null,null,null,null,27.962500000000002,23.676119402985083,23.807462686567177,23.877014925373143,23.89132352941177,24.116911764705886,24.056086956521746,24.116000000000003,24.327638888888888,24.222916666666666,24.185694444444444,24.119027777777777,23.966388888888893],"governanceScore":[6.279166666666668,6.288333333333333,6.29,6.315,null,null,null,null,6.258,null,null,null,null,null,null,null,null,null,null,null,null,null,5.2078125,5.220625000000001,5.196250000000001,5.165937500000001,5.238235294117647,5.212571428571429,5.202285714285714,5.178235294117647,5.250857142857141,5.194571428571427,5.076764705882352,5.016764705882353],"environmentScore":[9.1525,8.826666666666666,8.633333333333333,8.36,null,null,null,null,8.357333333333335,null,null,null,null,null,null,null,null,null,null,null,null,null,9.87,9.960625,10.0496875,10.219375,10.414705882352942,10.468571428571432,10.515142857142857,10.557058823529415,10.435142857142855,10.511999999999999,10.643529411764703,10.648235294117645],"socialScore":[4.020833333333333,4.368333333333333,4.743333333333333,4.741666666666666,null,null,null,null,5.004666666666666,null,null,null,null,null,null,null,null,null,null,null,null,null,5.682812499999999,5.675624999999999,5.637187499999999,5.644687499999999,5.706176470588235,5.727714285714286,5.677428571428571,5.709117647058823,5.750857142857143,5.753142857142858,5.7717647058823545,5.618235294117649]}}],"error":null}}}