{"update_time":"2024-10-21 16:18:54.946765","data":{"esgChart":{"result":[{"peerGroup":"Building Products","symbolSeries":{"timestamp":[1672531200,1675209600,1677628800,1680307200,1682899200,1685577600,1688169600,1690848000,1693526400],"esgScore":[25.64,null,null,null,null,null,null,null,24.24],"governanceScore":[7.31,null,null,null,null,null,null,null,7.54],"environmentScore":[12.43,null,null,null,null,null,null,null,10.65],"socialScore":[5.9,null,null,null,null,null,null,null,6.05]},"peerSeries":{"timestamp":[1672531200,1675209600,1677628800,1680307200,1682899200,1685577600,1688169600,1690848000,1693526400],"esgScore":[19.453333333333333,19.481666666666666,19.666666666666668,19.415000000000003,null,null,null,null,19.62],"governanceScore":[6.279166666666668,6.288333333333333,6.29,6.315,null,null,null,null,6.258],"environmentScore":[9.1525,8.826666666666666,8.633333333333333,8.36,null,null,null,null,8.357333333333335],"socialScore":[4.020833333333333,4.368333333333333,4.743333333333333,4.741666666666666,null,null,null,null,5.004666666666666]}}],"error":null}}}