{"update_time":"2024-12-19 12:15:26.352650","data":{"esgChart":{"result":[{"peerGroup":"Commercial Services","symbolSeries":{"timestamp":[1730419200,1733011200],"esgScore":[18.85,18.67],"governanceScore":[5.13,4.95],"environmentScore":[0.12,0.12],"socialScore":[13.61,13.61]},"peerSeries":{"timestamp":[1730419200,1733011200],"esgScore":[17.10367441860465,17.402232558139538],"governanceScore":[4.026956521739131,3.9688405797101454],"environmentScore":[2.467971014492754,2.640724637681159],"socialScore":[9.374637681159424,9.410289855072467]}}],"error":null}}}