{"update_time":"2024-12-17 13:40:53.120394","data":{"esgChart":{"result":[{"peerGroup":"Banks","symbolSeries":{"timestamp":[1727740800,1730419200,1733011200],"esgScore":[31.24,31.24,30.74],"governanceScore":[15.92,15.92,15.68],"environmentScore":[2.76,2.76,2.5],"socialScore":[12.56,12.56,12.56]},"peerSeries":{"timestamp":[1727740800,1730419200,1733011200],"esgScore":[29.64186528497411,26.026034858387803,26.028449781659383],"governanceScore":[10.725384615384616,9.488187134502924,9.40505882352941],"environmentScore":[2.108461538461538,1.3997660818713453,1.3817058823529411],"socialScore":[10.570000000000002,9.820935672514619,9.813294117647057]}}],"error":null}}}