{"update_time":"2024-12-08 13:57:41.317416","data":{"esgChart":{"result":[{"peerGroup":"Banks","symbolSeries":{"timestamp":[1727740800,1730419200],"esgScore":[31.24,31.24],"governanceScore":[15.92,15.92],"environmentScore":[2.76,2.76],"socialScore":[12.56,12.56]},"peerSeries":{"timestamp":[1727740800,1730419200],"esgScore":[29.64186528497411,26.026034858387803],"governanceScore":[10.725384615384616,9.488187134502924],"environmentScore":[2.108461538461538,1.3997660818713453],"socialScore":[10.570000000000002,9.820935672514619]}}],"error":null}}}