{"update_time":"2025-02-12 12:18:32.693662","data":{"esgChart":{"result":[{"peerGroup":"Food Products","symbolSeries":{"timestamp":[1730419200,1733011200,1735689600,1738368000],"esgScore":[34.59,34.59,34.59,34.59],"governanceScore":[0.0,0.0,0.0,0.0],"environmentScore":[0.0,0.0,0.0,0.0],"socialScore":[0.0,0.0,0.0,0.0]},"peerSeries":{"timestamp":[1730419200,1733011200,1735689600,1738368000],"esgScore":[30.339107142857163,30.482500000000005,30.68071428571428,30.74915178571428],"governanceScore":[5.0987068965517235,5.083448275862067,5.082695652173912,5.087456140350875],"environmentScore":[11.703275862068962,11.85215517241379,12.050086956521739,12.077192982456141],"socialScore":[11.015603448275856,11.06922413793103,11.020347826086955,10.992456140350876]}}],"error":null}}}