{"update_time":"2025-05-14 12:38:07.677243","data":{"esgChart":{"result":[{"peerGroup":"Chemicals","symbolSeries":{"timestamp":[1727740800,1730419200,1733011200,1735689600,1738368000,1740787200,1743465600,1746057600],"esgScore":[41.95,41.95,41.95,41.95,41.95,41.95,41.95,41.95],"governanceScore":[0.0,0.0,0.0,0.0,0.0,0.0,0.0,0.0],"environmentScore":[0.0,0.0,0.0,0.0,0.0,0.0,0.0,0.0],"socialScore":[0.0,0.0,0.0,0.0,0.0,0.0,0.0,0.0]},"peerSeries":{"timestamp":[1727740800,1730419200,1733011200,1735689600,1738368000,1740787200,1743465600,1746057600],"esgScore":[29.48428571428571,28.19076086956522,28.28934426229508,28.305846994535514,28.5408152173913,28.492692307692295,28.6456906077348,28.761899441340777],"governanceScore":[2.8466666666666662,5.159374999999999,5.137083333333332,5.137083333333332,5.101894736842104,5.07557894736842,5.005760869565217,5.043225806451612],"environmentScore":[14.14333333333333,13.540104166666667,13.74072916666667,13.74072916666667,13.949368421052634,13.937368421052634,13.911739130434785,14.134408602150545],"socialScore":[1.83,6.123437499999999,6.130937499999999,6.130937499999999,6.175684210526317,6.119052631578948,6.123804347826088,6.16430107526882]}}],"error":null}}}