{"update_time":"2024-06-26 13:32:31.174803","data":{"esgChart":{"result":[{"peerGroup":"US CE Energy Limited Partnership","symbolSeries":{"timestamp":[1517443200,1519862400,1522540800,1525132800,1527811200,1530403200,1533081600,1535760000,1538352000,1541030400,1543622400,1546300800,1548979200,1551398400,1554076800,1556668800,1559347200,1561939200,1564617600,1567296000,1569888000,1572566400,1575158400,1577836800,1580515200,1583020800,1585699200,1588291200,1590969600,1593561600,1596240000,1598918400,1601510400,1604188800,1606780800],"esgScore":[36.59,36.59,36.59,36.09,36.09,36.09,35.52,35.52,35.52,34.54,34.54,34.54,null,null,null,null,null,null,null,34.5,34.5,34.08,33.64,33.59,33.12,32.72,32.16,32.14,33.35,33.41,33.02,30.55,30.55,30.59,31.3],"governanceScore":[53.87,53.87,53.87,54.75,54.75,54.75,51.95,51.95,51.95,51.46,51.46,51.46,null,null,null,null,null,null,null,0.0,0.0,0.0,0.0,0.0,0.0,0.0,0.0,0.0,0.0,0.0,0.0,0.0,0.0,0.0,0.0],"environmentScore":[46.77,46.77,46.77,47.51,47.51,47.51,46.94,46.94,46.94,45.44,45.44,45.44,null,null,null,null,null,null,null,0.0,0.0,0.0,0.0,0.0,0.0,0.0,0.0,0.0,0.0,0.0,0.0,0.0,0.0,0.0,0.0],"socialScore":[47.97,47.97,47.97,47.87,47.87,47.87,46.3,46.3,46.3,45.55,45.55,45.55,null,null,null,null,null,null,null,0.0,0.0,0.0,0.0,0.0,0.0,0.0,0.0,0.0,0.0,0.0,0.0,0.0,0.0,0.0,0.0]},"peerSeries":{"timestamp":[1517443200,1519862400,1522540800,1525132800,1527811200,1530403200,1533081600,1535760000,1538352000,1541030400,1543622400,1546300800,1548979200,1551398400,1554076800,1556668800,1559347200,1561939200,1564617600,1567296000,1569888000,1572566400,1575158400,1577836800,1580515200,1583020800,1585699200,1588291200,1590969600,1593561600,1596240000,1598918400,1601510400,1604188800,1606780800],"esgScore":[35.14166666666667,35.15041666666667,35.16458333333334,35.35500000000001,35.575833333333335,35.56416666666667,35.28208333333333,35.132083333333334,35.14875,35.232083333333335,35.399565217391306,35.495833333333344,null,null,null,null,null,null,null,33.870000000000005,38.0475,37.68499999999999,37.190999999999995,37.06250000000001,36.68150000000001,36.326,35.313,35.2025,34.801,34.51099999999999,33.96150000000001,32.72615384615385,32.10307692307692,32.2176923076923,32.157692307692294],"governanceScore":[48.14291666666667,48.21083333333333,48.19166666666666,48.28541666666666,48.550000000000004,48.54083333333333,48.42875000000001,48.304166666666674,48.36166666666667,48.56916666666667,48.72217391304348,48.984166666666674,null,null,null,null,null,null,null,null,null,null,null,null,null,null,null,null,null,3.09,3.15,3.14,3.44,3.45,3.43],"environmentScore":[40.739999999999995,40.67083333333333,40.61374999999999,40.86708333333333,40.89125,40.885416666666664,40.79416666666667,40.612500000000004,40.62499999999999,40.68874999999999,40.642173913043486,40.745833333333344,null,null,null,null,null,null,null,null,null,null,null,null,null,null,null,null,null,7.87,8.3,8.31,8.25,8.21,8.17],"socialScore":[39.40500000000001,39.29541666666667,39.29,39.74166666666667,40.370833333333344,40.35833333333334,39.714999999999996,39.42708333333333,39.38375,39.53166666666667,40.5108695652174,40.55541666666667,null,null,null,null,null,null,null,null,null,null,null,null,null,null,null,null,null,7.05,7.33,7.34,7.21,7.19,7.19]}}],"error":null}}}