{"update_time":"2025-02-12 12:18:32.764492","data":{"esgChart":{"result":[{"peerGroup":"Traders & Distributors","symbolSeries":{"timestamp":[1730419200],"esgScore":[13.99],"governanceScore":[3.02],"environmentScore":[4.92],"socialScore":[6.05]},"peerSeries":{"timestamp":[1730419200],"esgScore":[21.603894736842104],"governanceScore":[4.988823529411765],"environmentScore":[6.743235294117646],"socialScore":[6.840294117647059]}}],"error":null}}}