{"update_time":"2024-06-26 13:33:42.010966","data":{"esgChart":{"result":[{"peerGroup":"EAA Fund US Large-Cap Blend Equity","symbolSeries":{"timestamp":[1517443200,1519862400,1522540800,1525132800,1527811200,1530403200,1533081600,1535760000,1538352000,1541030400],"esgScore":[49.33,49.45,49.53,49.7,49.75,49.74,49.93,49.92,49.82,49.78],"governanceScore":[50.32,50.39,50.32,50.15,50.23,50.21,50.6,50.42,50.53,50.58],"environmentScore":[49.4,49.47,49.59,49.95,50.03,50.02,50.01,49.95,49.78,49.94],"socialScore":[48.67,48.84,48.91,48.97,48.97,48.98,49.22,49.33,49.24,48.88]},"peerSeries":{"timestamp":[1517443200,1519862400,1522540800,1525132800,1527811200,1530403200,1533081600,1535760000,1538352000,1541030400],"esgScore":[46.69421576128543,46.677210200927206,46.73236173393136,46.78084821428588,46.72765864332612,46.69443239334787,46.668326241134665,46.88042194092827,46.86345528455279,46.89047522063802],"governanceScore":[51.067429227238144,50.99336166924275,50.97183109118079,50.97162202380954,50.92710430342812,50.917057122198166,50.85860992907789,51.043537271448685,50.97147696476967,51.0116972165648],"environmentScore":[55.01574598316743,54.96482225656855,55.034245142002604,55.12083333333321,55.156688548504576,55.18190166305115,55.157943262411095,55.20336146272854,55.08400406504054,55.06881873727083],"socialScore":[52.578232593725836,52.651051004636564,52.77501494768307,52.923065476190544,52.900466812545595,52.90346348517714,52.826418439716356,52.875084388185826,52.89221544715439,53.028961303462424]}}],"error":null}}}