{"update_time":"2025-09-02 13:30:13.143684","data":{"esgChart":{"result":[{"peerGroup":"Automobiles","symbolSeries":{"timestamp":[1754006400],"esgScore":[35.2],"governanceScore":[0.0],"environmentScore":[0.0],"socialScore":[0.0]},"peerSeries":{"timestamp":[1754006400],"esgScore":[26.448979591836736],"governanceScore":[6.899210526315791],"environmentScore":[8.565263157894734],"socialScore":[10.38578947368421]}}],"error":null}}}