{"update_time":"2025-11-04 13:20:22.370789","data":{"esgChart":{"result":[{"peerGroup":"Canada Fund Financial Services Equity","symbolSeries":{"timestamp":[1517443200,1519862400,1522540800,1525132800,1527811200,1530403200,1533081600,1535760000,1538352000,1541030400],"esgScore":[60.84,60.85,61.81,62.58,62.32,62.32,62.0,60.65,60.65,60.59],"governanceScore":[61.67,61.7,62.54,62.39,61.71,61.71,60.42,57.92,57.92,57.87],"environmentScore":[62.38,62.38,62.98,62.96,62.95,62.95,63.05,62.35,62.35,62.32],"socialScore":[59.97,59.96,59.77,60.09,60.11,60.11,60.43,60.53,60.53,60.46]},"peerSeries":{"timestamp":[1517443200,1519862400,1522540800,1525132800,1527811200,1530403200,1533081600,1535760000,1538352000,1541030400],"esgScore":[47.988333333333344,47.52153846153846,47.53923076923077,47.13428571428573,47.628571428571426,47.637142857142855,47.45142857142857,47.420714285714304,47.4258064516129,47.63466666666666],"governanceScore":[55.131249999999994,54.857692307692304,54.92307692307694,54.61178571428571,55.087142857142865,55.1207142857143,55.08499999999999,54.98107142857143,54.6490322580645,54.78999999999999],"environmentScore":[53.15125,52.901538461538465,52.94576923076923,52.98107142857142,53.24571428571428,53.22857142857142,53.193571428571445,53.3325,53.1616129032258,53.44699999999999],"socialScore":[48.64958333333332,48.41153846153846,48.21076923076924,48.18071428571428,48.47499999999999,48.492142857142845,48.45607142857143,48.436071428571424,47.98967741935485,48.01900000000001]}}],"error":null}}}