{"update_time":"2025-11-04 13:20:35.568968","data":{"esgChart":{"result":[{"peerGroup":"Software & Services","symbolSeries":{"timestamp":[1693526400,1696118400,1698796800,1701388800,1704067200,1706745600,1709251200,1711929600,1714521600,1717200000,1719792000,1722470400,1725148800,1727740800,1730419200,1733011200,1735689600,1738368000,1740787200,1743465600,1746057600,1748736000,1751328000,1754006400,1756684800,1759276800],"esgScore":[19.64,null,null,null,null,null,null,null,null,null,null,null,null,null,17.47,17.47,17.47,19.21,19.21,19.21,19.21,19.2,19.15,19.15,19.15,18.99],"governanceScore":[6.77,null,null,null,null,null,null,null,null,null,null,null,null,null,4.36,4.36,4.36,3.84,3.84,3.84,3.84,3.84,3.84,3.84,3.84,3.84],"environmentScore":[4.12,null,null,null,null,null,null,null,null,null,null,null,null,null,4.09,4.09,4.09,5.16,5.16,5.16,5.16,5.21,5.15,5.15,5.15,5.2],"socialScore":[8.74,null,null,null,null,null,null,null,null,null,null,null,null,null,9.01,9.01,9.01,10.21,10.21,10.21,10.21,10.15,10.15,10.15,10.15,9.94]},"peerSeries":{"timestamp":[1693526400,1696118400,1698796800,1701388800,1704067200,1706745600,1709251200,1711929600,1714521600,1717200000,1719792000,1722470400,1725148800,1727740800,1730419200,1733011200,1735689600,1738368000,1740787200,1743465600,1746057600,1748736000,1751328000,1754006400,1756684800,1759276800],"esgScore":[21.07125,null,null,null,26.144999999999996,null,null,null,null,null,24.48777777777778,null,22.47,21.95,20.749752066115704,20.741456953642388,20.740710743801657,20.810630182421228,20.80081939799331,20.904713804713804,20.931663778162918,21.053982905982917,21.189334470989767,21.271357388316154,21.236826758147515,20.873745704467357],"governanceScore":[9.592499999999998,null,null,null,null,null,null,null,null,null,7.005,null,null,6.047160493827162,5.80553435114504,5.763629343629346,5.76223076923077,5.750697674418606,5.662929687499999,5.64171875,5.605,5.581897233201582,5.549801587301587,5.553599999999998,5.5158634538152596,5.223805668016193],"environmentScore":[2.725,null,null,null,null,null,null,null,null,null,4.075,null,null,2.80037037037037,2.9668320610687022,2.974131274131274,2.9947307692307694,3.008565891472868,3.057656249999999,3.11140625,3.160079365079365,3.184268774703558,3.2042460317460315,3.2804,3.304738955823292,3.2981781376518224],"socialScore":[8.75125,null,null,null,null,null,null,null,null,null,13.34,null,null,9.712592592592593,9.796335877862584,9.807606177606166,9.812038461538451,9.848488372093012,9.885351562499995,9.911718749999991,9.94333333333333,9.965296442687745,10.007142857142858,10.071280000000003,10.078313253012054,9.788178137651823]}}],"error":null}}}