{"update_time":"2024-10-03 16:56:17.677742","data":{"esgChart":{"result":[{"peerGroup":"Software & Services","symbolSeries":{"timestamp":[1693526400],"esgScore":[19.64],"governanceScore":[6.77],"environmentScore":[4.12],"socialScore":[8.74]},"peerSeries":{"timestamp":[1693526400],"esgScore":[18.17809523809525],"governanceScore":[6.753495145631067],"environmentScore":[2.5702912621359224],"socialScore":[8.862038834951454]}}],"error":null}}}