{"update_time":"2024-12-17 13:42:10.268219","data":{"esgChart":{"result":[{"peerGroup":"Software & Services","symbolSeries":{"timestamp":[1693526400,1696118400,1698796800,1701388800,1704067200,1706745600,1709251200,1711929600,1714521600,1717200000,1719792000,1722470400,1725148800,1727740800,1730419200,1733011200],"esgScore":[19.64,null,null,null,null,null,null,null,null,null,null,null,null,null,17.47,17.47],"governanceScore":[6.77,null,null,null,null,null,null,null,null,null,null,null,null,null,4.36,4.36],"environmentScore":[4.12,null,null,null,null,null,null,null,null,null,null,null,null,null,4.09,4.09],"socialScore":[8.74,null,null,null,null,null,null,null,null,null,null,null,null,null,9.01,9.01]},"peerSeries":{"timestamp":[1693526400,1696118400,1698796800,1701388800,1704067200,1706745600,1709251200,1711929600,1714521600,1717200000,1719792000,1722470400,1725148800,1727740800,1730419200,1733011200],"esgScore":[18.17809523809525,null,null,null,24.93176470588235,null,null,null,null,null,24.493333333333332,null,22.47,21.91875,20.749752066115704,20.741456953642388],"governanceScore":[6.753495145631067,null,null,null,null,null,null,null,null,null,7.005,null,null,6.047160493827162,5.80553435114504,5.763629343629346],"environmentScore":[2.5702912621359224,null,null,null,null,null,null,null,null,null,4.1,null,null,2.80037037037037,2.9668320610687022,2.974131274131274],"socialScore":[8.862038834951454,null,null,null,null,null,null,null,null,null,13.34,null,null,9.712592592592593,9.796335877862584,9.807606177606166]}}],"error":null}}}