{"update_time":"2024-06-26 13:37:58.631974","data":{"esgChart":{"result":[{"peerGroup":"US CE Energy Limited Partnership","symbolSeries":{"timestamp":[1517443200,1519862400,1522540800,1525132800,1527811200,1530403200,1533081600,1535760000,1538352000],"esgScore":[46.65,46.23,46.23,46.23,46.23,46.23,46.23,45.88,45.88],"governanceScore":[54.72,54.45,54.45,54.45,54.87,54.87,54.87,54.13,54.13],"environmentScore":[47.84,46.57,46.57,46.57,46.99,46.99,46.99,46.53,46.53],"socialScore":[50.38,49.33,49.33,49.33,49.38,49.38,49.38,48.25,48.25]},"peerSeries":{"timestamp":[1517443200,1519862400,1522540800,1525132800,1527811200,1530403200,1533081600,1535760000,1538352000],"esgScore":[35.14166666666667,35.15041666666667,35.16458333333334,35.35500000000001,35.575833333333335,35.56416666666667,35.28208333333333,35.132083333333334,35.14875],"governanceScore":[48.14291666666667,48.21083333333333,48.19166666666666,48.28541666666666,48.550000000000004,48.54083333333333,48.42875000000001,48.304166666666674,48.36166666666667],"environmentScore":[40.739999999999995,40.67083333333333,40.61374999999999,40.86708333333333,40.89125,40.885416666666664,40.79416666666667,40.612500000000004,40.62499999999999],"socialScore":[39.40500000000001,39.29541666666667,39.29,39.74166666666667,40.370833333333344,40.35833333333334,39.714999999999996,39.42708333333333,39.38375]}}],"error":null}}}