{"update_time":"2024-10-21 16:31:29.459175","data":{"esgChart":{"result":[{"peerGroup":"Retailing","symbolSeries":{"timestamp":[1727740800],"esgScore":[20.9],"governanceScore":[3.24],"environmentScore":[4.14],"socialScore":[13.52]},"peerSeries":{"timestamp":[1727740800],"esgScore":[19.20862745098039],"governanceScore":[4.615294117647059],"environmentScore":[4.652352941176469],"socialScore":[9.482352941176472]}}],"error":null}}}