{"update_time":"2023-09-13 14:27:25.496126","data":{"esgChart":{"result":[{"peerGroup":"US Fund Large Value","symbolSeries":{"timestamp":[1517443200,1519862400,1522540800,1525132800,1527811200,1530403200,1533081600,1535760000,1538352000,1541030400,1543622400,1546300800,1548979200,1551398400,1554076800,1556668800],"esgScore":[49.8,49.74,50.77,50.62,50.59,50.57,50.85,50.83,50.17,50.05,50.21,50.33,null,null,null,49.26],"governanceScore":[51.25,51.19,52.02,51.74,51.68,51.67,51.82,51.69,51.69,51.65,51.68,51.63,null,null,null,51.25],"environmentScore":[50.27,50.16,51.03,51.12,51.19,51.18,51.52,51.41,50.49,50.25,50.38,50.52,null,null,null,49.57],"socialScore":[49.99,49.95,50.32,50.18,49.95,49.95,50.29,50.66,50.4,50.34,50.51,50.61,null,null,null,49.48]},"peerSeries":{"timestamp":[1517443200,1519862400,1522540800,1525132800,1527811200,1530403200,1533081600,1535760000,1538352000,1541030400,1543622400,1546300800,1548979200,1551398400,1554076800,1556668800],"esgScore":[46.40694805194807,46.42135772357725,46.49502017756254,46.61900806451623,46.587191999999874,46.58855315747388,46.51062751407872,46.506642512077356,46.48517269076305,46.453818327974396,46.4160257441675,46.46219277108459,null,46.315,47.01666666666667,48.2],"governanceScore":[52.63083603896121,52.58423577235774,52.62790960451986,52.68006451612899,52.6685200000001,52.675195843325405,52.55859211584872,52.572093397745604,52.48980722891562,52.413496784565915,52.33871279163312,52.34231325301209,null,51.86,53.31333333333333,51.97],"environmentScore":[54.465324675324865,54.4037723577235,54.43669895076679,54.54208064516127,54.52243200000014,54.5250679456437,54.48358004827026,54.449331723027264,54.41750200803191,54.33075562700972,54.30057924376509,54.378514056224866,null,54.555,53.27,52.655],"socialScore":[52.582670454545564,52.65287804878052,52.745375302663405,52.94592741935493,52.91408800000009,52.906682653876906,52.614827031375754,52.57406602254418,52.585871485943784,52.603046623794164,52.54141592920345,52.58081927710832,null,52.265,53.03333333333333,51.474999999999994]}}],"error":null}}}