{"update_time":"2025-11-04 13:21:42.101995","data":{"esgChart":{"result":[{"peerGroup":"Banks","symbolSeries":{"timestamp":[1727740800,1730419200,1733011200,1735689600,1738368000,1740787200,1743465600,1746057600],"esgScore":[28.43,28.43,28.43,28.43,28.43,28.43,28.43,28.43],"governanceScore":[0.0,0.0,0.0,0.0,0.0,0.0,0.0,0.0],"environmentScore":[0.0,0.0,0.0,0.0,0.0,0.0,0.0,0.0],"socialScore":[0.0,0.0,0.0,0.0,0.0,0.0,0.0,0.0]},"peerSeries":{"timestamp":[1727740800,1730419200,1733011200,1735689600,1738368000,1740787200,1743465600,1746057600],"esgScore":[29.64186528497411,26.026034858387803,26.028449781659383,26.076557017543845,26.123788546255494,26.301475770925087,26.37098468271332,26.419109131403097],"governanceScore":[10.725384615384616,9.488187134502924,9.40505882352941,9.388411764705879,9.35289940828402,9.33707602339181,9.294855491329477,9.2591124260355],"environmentScore":[2.108461538461538,1.3997660818713453,1.3817058823529411,1.362764705882353,1.3463313609467453,1.3215204678362569,1.3063005780346817,1.2965680473372778],"socialScore":[10.570000000000002,9.820935672514619,9.813294117647057,10.01094117647059,9.98242603550296,10.048771929824564,10.034682080924856,10.079704142011835]}}],"error":null}}}