{"update_time":"2024-12-04 12:12:35.603963","data":{"esgChart":{"result":[{"peerGroup":"Food Products","symbolSeries":{"timestamp":[1730419200],"esgScore":[36.37],"governanceScore":[4.25],"environmentScore":[17.73],"socialScore":[14.38]},"peerSeries":{"timestamp":[1730419200],"esgScore":[30.339107142857163],"governanceScore":[5.0987068965517235],"environmentScore":[11.703275862068962],"socialScore":[11.015603448275856]}}],"error":null}}}