{"update_time":"2024-12-04 12:12:35.653566","data":{"esgChart":{"result":[{"peerGroup":"Consumer Services","symbolSeries":{"timestamp":[1730419200],"esgScore":[19.77],"governanceScore":[4.52],"environmentScore":[1.98],"socialScore":[13.27]},"peerSeries":{"timestamp":[1730419200],"esgScore":[24.887383177570083],"governanceScore":[5.635421686746988],"environmentScore":[6.204698795180725],"socialScore":[10.488795180722889]}}],"error":null}}}