{"update_time":"2024-10-21 16:35:59.668837","data":{"esgChart":{"result":[{"peerGroup":"Software & Services","symbolSeries":{"timestamp":[1727740800],"esgScore":[19.61],"governanceScore":[0.0],"environmentScore":[0.0],"socialScore":[0.0]},"peerSeries":{"timestamp":[1727740800],"esgScore":[21.48289719626167],"governanceScore":[6.047160493827162],"environmentScore":[2.80037037037037],"socialScore":[9.712592592592593]}}],"error":null}}}