{"update_time":"2024-12-04 12:12:36.006983","data":{"esgChart":{"result":[{"peerGroup":"Banks","symbolSeries":{"timestamp":[1730419200],"esgScore":[25.49],"governanceScore":[12.07],"environmentScore":[2.2],"socialScore":[11.22]},"peerSeries":{"timestamp":[1730419200],"esgScore":[26.026034858387803],"governanceScore":[9.488187134502924],"environmentScore":[1.3997660818713453],"socialScore":[9.820935672514619]}}],"error":null}}}