{"update_time":"2025-03-04 17:03:38.780463","data":{"esgChart":{"result":[{"peerGroup":"Retailing","symbolSeries":{"timestamp":[1730419200,1733011200,1735689600,1738368000],"esgScore":[15.12,15.12,15.12,15.12],"governanceScore":[2.33,2.33,2.33,2.33],"environmentScore":[6.03,6.03,6.03,6.03],"socialScore":[6.75,6.75,6.75,6.75]},"peerSeries":{"timestamp":[1730419200,1733011200,1735689600,1738368000],"esgScore":[17.983197026022317,18.017666666666678,18.09100000000001,18.190970149253744],"governanceScore":[4.282136752136752,4.2823076923076915,4.274017094017093,4.269145299145298],"environmentScore":[3.7912820512820513,3.7893162393162396,3.79974358974359,3.7909401709401704],"socialScore":[9.143760683760691,9.142820512820517,9.120769230769236,9.102820512820516]}}],"error":null}}}