{"update_time":"2025-11-04 13:24:23.335760","data":{"esgChart":{"result":[{"peerGroup":"US CE Allocation--50% to 70% Equity","symbolSeries":{"timestamp":[1548979200,1551398400,1554076800,1556668800,1559347200,1561939200,1564617600,1567296000,1569888000,1572566400,1575158400,1577836800,1580515200,1583020800,1585699200,1588291200,1590969600,1593561600,1596240000,1598918400,1601510400,1604188800,1606780800],"esgScore":[48.66,48.66,null,49.15,null,null,null,null,null,null,null,null,null,null,null,null,null,null,null,null,null,null,24.42],"governanceScore":[51.13,51.13,null,51.61,null,null,null,null,null,null,null,null,null,null,null,null,null,null,null,null,null,null,6.84],"environmentScore":[51.69,51.69,null,52.55,null,null,null,null,null,null,null,null,null,null,null,null,null,null,null,null,null,null,3.94],"socialScore":[49.94,49.94,null,50.78,null,null,null,null,null,null,null,null,null,null,null,null,null,null,null,null,null,null,9.31]},"peerSeries":{"timestamp":[1548979200,1551398400,1554076800,1556668800,1559347200,1561939200,1564617600,1567296000,1569888000,1572566400,1575158400,1577836800,1580515200,1583020800,1585699200,1588291200,1590969600,1593561600,1596240000,1598918400,1601510400,1604188800,1606780800],"esgScore":[42.67,42.67,null,43.24,null,null,null,21.17,29.6925,30.265,28.162,28.077999999999996,27.922000000000004,28.055000000000003,28.2125,28.235,28.13,28.060000000000002,27.84,26.715,26.537499999999998,26.605,26.026],"governanceScore":[51.13,51.13,null,51.61,null,null,null,8.03,6.2975,6.135,6.6259999999999994,6.634,6.582000000000001,6.579999999999999,6.5675,6.55,6.522500000000001,6.482500000000001,6.4425,6.35,6.295,6.2625,6.34],"environmentScore":[51.69,51.69,null,52.55,null,null,null,4.07,8.725,9.18,8.902,9.02,8.954,10.059999999999999,10.08,10.135,10.0075,10.105,10.0175,9.2625,9.2775,9.2875,8.144],"socialScore":[49.94,49.94,null,50.78,null,null,null,7.14,8.700000000000001,8.835,9.398,9.418,9.358,9.485,9.522499999999999,9.55,9.4875,9.4175,9.355,9.235,9.1625,9.06,9.052000000000001]}}],"error":null}}}