{"update_time":"2025-05-14 12:42:26.608200","data":{"esgChart":{"result":[{"peerGroup":"Electrical Equipment","symbolSeries":{"timestamp":[1738368000,1740787200,1743465600],"esgScore":[34.67,34.67,34.67],"governanceScore":[0.0,0.0,0.0],"environmentScore":[0.0,0.0,0.0],"socialScore":[0.0,0.0,0.0]},"peerSeries":{"timestamp":[1738368000,1740787200,1743465600],"esgScore":[24.303944954128447,24.565779816513768,24.861891891891894],"governanceScore":[5.4360526315789475,5.4360526315789475,5.434358974358975],"environmentScore":[6.953157894736841,6.953157894736841,7.316153846153846],"socialScore":[8.21,8.21,8.226666666666667]}}],"error":null}}}