{"update_time":"2025-03-28 13:40:52.771358","data":{"esgChart":{"result":[{"peerGroup":"Electrical Equipment","symbolSeries":{"timestamp":[1738368000,1740787200],"esgScore":[34.67,34.67],"governanceScore":[0.0,0.0],"environmentScore":[0.0,0.0],"socialScore":[0.0,0.0]},"peerSeries":{"timestamp":[1738368000,1740787200],"esgScore":[24.303944954128447,24.565779816513768],"governanceScore":[5.4360526315789475,5.4360526315789475],"environmentScore":[6.953157894736841,6.953157894736841],"socialScore":[8.21,8.21]}}],"error":null}}}