{"update_time":"2024-10-21 16:43:59.550713","data":{"esgChart":{"result":[{"peerGroup":"Diversified Financials","symbolSeries":{"timestamp":[1727740800],"esgScore":[35.76],"governanceScore":[0.0],"environmentScore":[0.0],"socialScore":[0.0]},"peerSeries":{"timestamp":[1727740800],"esgScore":[27.207460317460317],"governanceScore":[10.350909090909092],"environmentScore":[1.6604545454545452],"socialScore":[10.07090909090909]}}],"error":null}}}