{"update_time":"2024-12-08 14:04:45.369594","data":{"esgChart":{"result":[{"peerGroup":"Diversified Financials","symbolSeries":{"timestamp":[1727740800,1730419200],"esgScore":[35.76,35.76],"governanceScore":[0.0,0.0],"environmentScore":[0.0,0.0],"socialScore":[0.0,0.0]},"peerSeries":{"timestamp":[1727740800,1730419200],"esgScore":[27.30876923076923,23.972808988764058],"governanceScore":[10.350909090909092,9.909254658385091],"environmentScore":[1.6604545454545452,1.5136645962732904],"socialScore":[10.07090909090909,8.95701863354037]}}],"error":null}}}