{"update_time":"2024-12-19 12:15:40.443314","data":{"esgChart":{"result":[{"peerGroup":"Refiners & Pipelines","symbolSeries":{"timestamp":[1730419200,1733011200],"esgScore":[28.95,28.95],"governanceScore":[4.12,4.12],"environmentScore":[16.96,16.96],"socialScore":[7.87,7.87]},"peerSeries":{"timestamp":[1730419200,1733011200],"esgScore":[32.28977528089889,33.09022727272729],"governanceScore":[3.317317073170732,3.4626829268292685],"environmentScore":[15.065365853658536,15.057804878048781],"socialScore":[9.36048780487805,9.45487804878049]}}],"error":null}}}