{"update_time":"2025-03-28 13:41:13.501199","data":{"esgChart":{"result":[{"peerGroup":"Refiners & Pipelines","symbolSeries":{"timestamp":[1730419200,1733011200,1735689600,1738368000,1740787200],"esgScore":[28.95,28.95,28.95,28.95,28.95],"governanceScore":[4.12,4.12,4.12,4.12,4.12],"environmentScore":[16.96,16.96,16.96,16.96,16.96],"socialScore":[7.87,7.87,7.87,7.87,7.87]},"peerSeries":{"timestamp":[1730419200,1733011200,1735689600,1738368000,1740787200],"esgScore":[32.28977528089889,33.09022727272729,33.23443181818183,33.352823529411765,33.98117647058824],"governanceScore":[3.317317073170732,3.4626829268292685,3.4878048780487796,3.4097500000000003,3.598205128205128],"environmentScore":[15.065365853658536,15.057804878048781,14.961951219512194,14.861999999999998,14.836923076923076],"socialScore":[9.36048780487805,9.45487804878049,9.650000000000002,9.7445,10.133589743589743]}}],"error":null}}}