{"update_time":"2024-12-17 13:50:06.319424","data":{"esgChart":{"result":[{"peerGroup":"Food Products","symbolSeries":{"timestamp":[1727740800,1730419200,1733011200],"esgScore":[38.2,38.2,38.2],"governanceScore":[5.81,5.81,5.81],"environmentScore":[17.38,17.38,17.38],"socialScore":[15.01,15.01,15.01]},"peerSeries":{"timestamp":[1727740800,1730419200,1733011200],"esgScore":[34.80869565217392,30.339107142857163,30.482500000000005],"governanceScore":[4.9390909090909085,5.0987068965517235,5.083448275862067],"environmentScore":[12.838181818181818,11.703275862068962,11.85215517241379],"socialScore":[12.215454545454547,11.015603448275856,11.06922413793103]}}],"error":null}}}