{"update_time":"2025-05-14 12:42:56.552289","data":{"esgChart":{"result":[{"peerGroup":"US CE High Yield Bond","symbolSeries":{"timestamp":[1517443200,1519862400,1522540800,1525132800,1527811200,1530403200,1533081600,1535760000,1538352000],"esgScore":[45.97,45.97,45.97,45.48,45.48,45.48,45.15,45.15,45.15],"governanceScore":[51.1,51.1,51.1,50.19,50.19,50.19,49.32,49.32,49.32],"environmentScore":[47.57,47.57,47.57,47.93,47.93,47.93,48.32,48.32,48.32],"socialScore":[47.45,47.45,47.45,46.66,46.66,46.66,47.02,47.02,47.02]},"peerSeries":{"timestamp":[1517443200,1519862400,1522540800,1525132800,1527811200,1530403200,1533081600,1535760000,1538352000],"esgScore":[40.36571428571428,40.28285714285715,40.465,40.46666666666667,40.33,39.878571428571426,40.568,39.79,39.79],"governanceScore":[49.434285714285714,49.44571428571429,49.801249999999996,49.410000000000004,49.32888888888889,48.99142857142857,49.05400000000001,48.59,48.59],"environmentScore":[48.43714285714285,48.49999999999999,48.88625,49.143333333333324,48.962222222222216,48.468571428571444,49.622,46.89,46.89],"socialScore":[48.17,48.21,48.4,48.138888888888886,48.191111111111105,47.042857142857144,48.20399999999999,46.29,46.29]}}],"error":null}}}