{"update_time":"2024-06-26 13:57:47.715766","data":{"esgChart":{"result":[{"peerGroup":"Canada Fund US Equity","symbolSeries":{"timestamp":[1538352000,1541030400],"esgScore":[47.78,47.76],"governanceScore":[50.21,50.25],"environmentScore":[48.17,48.1],"socialScore":[48.0,48.08]},"peerSeries":{"timestamp":[1538352000,1541030400],"esgScore":[46.76479674796749,46.70887096774196],"governanceScore":[51.516829268292675,51.42330645161289],"environmentScore":[54.25154471544715,54.14306451612901],"socialScore":[52.29113821138212,52.246129032258075]}}],"error":null}}}