{"update_time":"2024-10-21 16:47:56.428021","data":{"esgChart":{"result":[{"peerGroup":"Real Estate","symbolSeries":{"timestamp":[1727740800],"esgScore":[13.21],"governanceScore":[5.8],"environmentScore":[2.75],"socialScore":[4.66]},"peerSeries":{"timestamp":[1727740800],"esgScore":[15.359230769230773],"governanceScore":[5.001111111111111],"environmentScore":[3.7133333333333334],"socialScore":[4.067777777777777]}}],"error":null}}}