{"update_time":"2024-12-08 14:07:04.278905","data":{"esgChart":{"result":[{"peerGroup":"Real Estate","symbolSeries":{"timestamp":[1727740800,1730419200],"esgScore":[13.21,13.21],"governanceScore":[5.8,5.8],"environmentScore":[2.75,2.75],"socialScore":[4.66,4.66]},"peerSeries":{"timestamp":[1727740800,1730419200],"esgScore":[15.995357142857145,15.647762645914394],"governanceScore":[5.001111111111111,5.357873303167427],"environmentScore":[3.7133333333333334,3.6234389140271506],"socialScore":[4.067777777777777,3.8858371040723987]}}],"error":null}}}