{"update_time":"2024-06-26 13:58:30.347118","data":{"esgChart":{"result":[{"peerGroup":"US CE Tactical Allocation","symbolSeries":{"timestamp":[1517443200,1519862400,1522540800,1525132800,1527811200,1530403200,1533081600,1535760000,1538352000,1541030400,1543622400,1546300800],"esgScore":[47.91,null,null,null,null,null,null,null,null,null,47.29,47.29],"governanceScore":[52.38,null,null,null,null,null,null,null,null,null,52.66,52.66],"environmentScore":[46.7,null,null,null,null,null,null,null,null,null,47.34,47.34],"socialScore":[50.11,null,null,null,null,null,null,null,null,null,49.38,49.38]},"peerSeries":{"timestamp":[1517443200,1519862400,1522540800,1525132800,1527811200,1530403200,1533081600,1535760000,1538352000,1541030400,1543622400,1546300800],"esgScore":[44.33,44.5375,44.815,44.277499999999996,44.34,44.34,43.9925,44.3325,44.3425,44.474999999999994,43.946,43.496],"governanceScore":[51.006,50.575,51.2975,50.855000000000004,50.8775,50.8775,50.9875,51.467499999999994,51.57749999999999,51.9175,51.83200000000001,50.60000000000001],"environmentScore":[50.80800000000001,52.075,52.4075,52.167500000000004,52.147499999999994,52.147499999999994,52.25,52.7375,52.692499999999995,52.682500000000005,51.402,50.332],"socialScore":[50.45400000000001,50.74999999999999,50.82,50.22,49.8175,49.8175,48.94499999999999,49.147499999999994,49.1325,49.3775,49.376,48.974000000000004]}}],"error":null}}}