{"update_time":"2024-12-04 12:12:40.504859","data":{"esgChart":{"result":[{"peerGroup":"Energy Services","symbolSeries":{"timestamp":[1730419200],"esgScore":[24.61],"governanceScore":[5.72],"environmentScore":[11.44],"socialScore":[7.45]},"peerSeries":{"timestamp":[1730419200],"esgScore":[26.053661971830977],"governanceScore":[6.088333333333332],"environmentScore":[9.1925],"socialScore":[7.949583333333333]}}],"error":null}}}