{"update_time":"2024-12-19 12:15:45.036836","data":{"esgChart":{"result":[{"peerGroup":"Energy Services","symbolSeries":{"timestamp":[1730419200,1733011200],"esgScore":[24.61,24.61],"governanceScore":[5.72,5.72],"environmentScore":[11.44,11.44],"socialScore":[7.45,7.45]},"peerSeries":{"timestamp":[1730419200,1733011200],"esgScore":[26.053661971830977,26.220422535211256],"governanceScore":[6.088333333333332,6.0929166666666665],"environmentScore":[9.1925,9.236666666666666],"socialScore":[7.949583333333333,7.981666666666666]}}],"error":null}}}