{"update_time":"2025-03-28 13:42:51.769339","data":{"esgChart":{"result":[{"peerGroup":"Pharmaceuticals","symbolSeries":{"timestamp":[1733011200,1735689600,1738368000,1740787200],"esgScore":[18.42,18.42,18.42,18.42],"governanceScore":[5.96,5.96,5.96,5.96],"environmentScore":[2.03,2.03,2.03,2.03],"socialScore":[10.42,10.42,10.42,10.42]},"peerSeries":{"timestamp":[1733011200,1735689600,1738368000,1740787200],"esgScore":[27.936449704142003,28.057075098814227,28.16109126984127,28.43976047904193],"governanceScore":[6.366111111111112,6.294027777777778,6.281608391608393,6.212430555555556],"environmentScore":[2.2250000000000005,2.303958333333333,2.3278321678321676,2.4882638888888904],"socialScore":[13.6425,13.576944444444445,13.622237762237766,13.517708333333339]}}],"error":null}}}