{"update_time":"2024-12-17 13:52:28.912008","data":{"esgChart":{"result":[{"peerGroup":"Pharmaceuticals","symbolSeries":{"timestamp":[1733011200],"esgScore":[18.42],"governanceScore":[5.96],"environmentScore":[2.03],"socialScore":[10.42]},"peerSeries":{"timestamp":[1733011200],"esgScore":[27.936449704142003],"governanceScore":[6.366111111111112],"environmentScore":[2.2250000000000005],"socialScore":[13.6425]}}],"error":null}}}