{"update_time":"2025-02-09 12:42:25.320643","data":{"esgChart":{"result":[{"peerGroup":"Pharmaceuticals","symbolSeries":{"timestamp":[1733011200,1735689600],"esgScore":[18.42,18.42],"governanceScore":[5.96,5.96],"environmentScore":[2.03,2.03],"socialScore":[10.42,10.42]},"peerSeries":{"timestamp":[1733011200,1735689600],"esgScore":[27.936449704142003,28.057075098814227],"governanceScore":[6.366111111111112,6.294027777777778],"environmentScore":[2.2250000000000005,2.303958333333333],"socialScore":[13.6425,13.576944444444445]}}],"error":null}}}