{"update_time":"2024-12-08 14:08:07.000484","data":{"esgChart":{"result":[{"peerGroup":"Media","symbolSeries":{"timestamp":[1727740800,1730419200],"esgScore":[19.34,19.34],"governanceScore":[8.96,8.96],"environmentScore":[0.13,0.13],"socialScore":[10.25,10.25]},"peerSeries":{"timestamp":[1727740800,1730419200],"esgScore":[17.343111111111114,15.739136690647493],"governanceScore":[7.385999999999999,6.172542372881355],"environmentScore":[0.6713333333333332,0.5149152542372882],"socialScore":[8.384666666666666,7.319830508474575]}}],"error":null}}}