{"update_time":"2024-12-08 14:08:09.881770","data":{"esgChart":{"result":[{"peerGroup":"Media","symbolSeries":{"timestamp":[1727740800,1730419200],"esgScore":[19.62,18.99],"governanceScore":[8.79,8.51],"environmentScore":[0.31,0.32],"socialScore":[10.52,10.17]},"peerSeries":{"timestamp":[1727740800,1730419200],"esgScore":[17.343111111111114,15.739136690647493],"governanceScore":[7.385999999999999,6.172542372881355],"environmentScore":[0.6713333333333332,0.5149152542372882],"socialScore":[8.384666666666666,7.319830508474575]}}],"error":null}}}