{"update_time":"2025-05-14 12:45:30.530020","data":{"esgChart":{"result":[{"peerGroup":"Media","symbolSeries":{"timestamp":[1727740800,1730419200,1733011200,1735689600,1738368000,1740787200,1743465600,1746057600],"esgScore":[19.34,19.34,19.34,19.34,19.34,19.34,19.34,19.34],"governanceScore":[8.96,8.96,8.96,8.96,8.96,8.96,8.96,8.96],"environmentScore":[0.13,0.13,0.13,0.13,0.13,0.13,0.13,0.13],"socialScore":[10.25,10.25,10.25,10.25,10.25,10.25,10.25,10.25]},"peerSeries":{"timestamp":[1727740800,1730419200,1733011200,1735689600,1738368000,1740787200,1743465600,1746057600],"esgScore":[17.343111111111114,15.739136690647493,15.70535714285715,15.681500000000009,15.613571428571436,15.537410071942451,15.504609929078018,15.376985294117658],"governanceScore":[7.385999999999999,6.172542372881355,6.1804999999999986,6.173999999999999,6.1368333333333345,6.1085,6.1226666666666665,6.135737704918033],"environmentScore":[0.6713333333333332,0.5149152542372882,0.5151666666666668,0.514,0.4695,0.4708333333333333,0.4718333333333333,0.46327868852459014],"socialScore":[8.384666666666666,7.319830508474575,7.3501666666666665,7.3485000000000005,7.353666666666668,7.347833333333335,7.332000000000002,7.232786885245902]}}],"error":null}}}