{"update_time":"2024-10-22 12:21:21.034591","data":{"esgChart":{"result":[{"peerGroup":"Media","symbolSeries":{"timestamp":[1727740800],"esgScore":[19.34],"governanceScore":[8.96],"environmentScore":[0.13],"socialScore":[10.25]},"peerSeries":{"timestamp":[1727740800],"esgScore":[17.32205882352941],"governanceScore":[7.385999999999999],"environmentScore":[0.6713333333333332],"socialScore":[8.384666666666666]}}],"error":null}}}