{"update_time":"2025-02-11 12:25:58.109816","data":{"esgChart":{"result":[{"peerGroup":"Media","symbolSeries":{"timestamp":[1727740800,1730419200,1733011200,1735689600,1738368000],"esgScore":[19.62,18.99,18.99,18.99,18.99],"governanceScore":[8.79,8.51,8.51,8.51,8.51],"environmentScore":[0.31,0.32,0.32,0.32,0.32],"socialScore":[10.52,10.17,10.17,10.17,10.17]},"peerSeries":{"timestamp":[1727740800,1730419200,1733011200,1735689600,1738368000],"esgScore":[17.343111111111114,15.739136690647493,15.70535714285715,15.681500000000009,15.613571428571436],"governanceScore":[7.385999999999999,6.172542372881355,6.1804999999999986,6.173999999999999,6.1368333333333345],"environmentScore":[0.6713333333333332,0.5149152542372882,0.5151666666666668,0.514,0.4695],"socialScore":[8.384666666666666,7.319830508474575,7.3501666666666665,7.3485000000000005,7.353666666666668]}}],"error":null}}}