{"update_time":"2025-03-28 13:44:00.464230","data":{"esgChart":{"result":[{"peerGroup":"Telecommunication Services","symbolSeries":{"timestamp":[1727740800,1730419200,1733011200,1735689600,1738368000,1740787200],"esgScore":[29.86,29.86,29.86,29.86,28.22,28.22],"governanceScore":[4.63,4.63,4.63,4.63,4.31,4.31],"environmentScore":[9.4,9.4,9.4,9.4,8.41,8.41],"socialScore":[15.83,15.83,15.83,15.83,15.51,15.51]},"peerSeries":{"timestamp":[1727740800,1730419200,1733011200,1735689600,1738368000,1740787200],"esgScore":[30.16263157894737,24.555,24.7564,24.688999999999997,24.582277227722766,24.552199999999992],"governanceScore":[6.055,5.281896551724136,5.3772881355932185,5.321355932203388,5.381525423728813,5.321724137931033],"environmentScore":[5.7316666666666665,4.940172413793102,5.01322033898305,5.045593220338982,5.03593220338983,4.964482758620689],"socialScore":[12.553333333333335,10.787413793103452,10.901016949152545,11.034576271186442,11.12406779661017,11.14]}}],"error":null}}}