{"update_time":"2025-02-11 12:26:01.729380","data":{"esgChart":{"result":[{"peerGroup":"Telecommunication Services","symbolSeries":{"timestamp":[1727740800,1730419200,1733011200,1735689600,1738368000],"esgScore":[29.86,29.86,29.86,29.86,28.22],"governanceScore":[4.63,4.63,4.63,4.63,4.31],"environmentScore":[9.4,9.4,9.4,9.4,8.41],"socialScore":[15.83,15.83,15.83,15.83,15.51]},"peerSeries":{"timestamp":[1727740800,1730419200,1733011200,1735689600,1738368000],"esgScore":[30.16263157894737,24.555,24.7564,24.688999999999997,24.485656565656566],"governanceScore":[6.055,5.281896551724136,5.3772881355932185,5.321355932203388,5.34310344827586],"environmentScore":[5.7316666666666665,4.940172413793102,5.01322033898305,5.045593220338982,5.000689655172414],"socialScore":[12.553333333333335,10.787413793103452,10.901016949152545,11.034576271186442,11.131551724137932]}}],"error":null}}}