{"update_time":"2024-12-08 14:08:18.608558","data":{"esgChart":{"result":[{"peerGroup":"Telecommunication Services","symbolSeries":{"timestamp":[1727740800,1730419200],"esgScore":[29.86,29.86],"governanceScore":[4.63,4.63],"environmentScore":[9.4,9.4],"socialScore":[15.83,15.83]},"peerSeries":{"timestamp":[1727740800,1730419200],"esgScore":[30.16263157894737,24.555],"governanceScore":[6.055,5.281896551724136],"environmentScore":[5.7316666666666665,4.940172413793102],"socialScore":[12.553333333333335,10.787413793103452]}}],"error":null}}}