{"update_time":"2025-11-04 13:27:42.632653","data":{"esgChart":{"result":[{"peerGroup":"US CE Large Blend","symbolSeries":{"timestamp":[1517443200,1519862400,1522540800,1525132800,1527811200,1530403200,1533081600,1535760000,1538352000,1541030400,1543622400,1546300800,1548979200,1551398400,1554076800,1556668800,1559347200,1561939200,1564617600,1567296000,1569888000,1572566400,1575158400,1577836800,1580515200,1583020800,1585699200,1588291200,1590969600,1593561600,1596240000,1598918400,1601510400,1604188800,1606780800],"esgScore":[49.43,49.43,49.4,49.4,49.67,49.67,49.67,49.27,49.27,49.27,49.27,49.24,null,null,null,null,null,null,null,null,null,null,null,null,null,null,null,null,null,24.48,24.37,24.26,24.05,24.0,23.78],"governanceScore":[51.08,51.08,51.14,51.14,51.14,51.14,51.14,50.74,50.74,50.74,50.74,50.78,null,null,null,null,null,null,null,null,null,null,null,null,null,null,null,null,null,6.67,6.64,6.6,6.54,6.59,6.58],"environmentScore":[51.1,51.1,50.82,50.82,51.26,51.26,51.26,50.71,50.71,50.71,50.71,50.58,null,null,null,null,null,null,null,null,null,null,null,null,null,null,null,null,null,5.25,5.21,5.22,5.28,4.79,4.76],"socialScore":[49.91,49.91,49.9,49.9,50.16,50.16,50.16,49.81,49.81,49.81,49.81,49.78,null,null,null,null,null,null,null,null,null,null,null,null,null,null,null,null,null,9.14,8.99,8.91,8.8,9.21,9.15]},"peerSeries":{"timestamp":[1517443200,1519862400,1522540800,1525132800,1527811200,1530403200,1533081600,1535760000,1538352000,1541030400,1543622400,1546300800,1548979200,1551398400,1554076800,1556668800,1559347200,1561939200,1564617600,1567296000,1569888000,1572566400,1575158400,1577836800,1580515200,1583020800,1585699200,1588291200,1590969600,1593561600,1596240000,1598918400,1601510400,1604188800,1606780800],"esgScore":[45.495000000000005,45.509,45.647000000000006,45.66700000000001,45.452,45.452,45.376999999999995,45.35,45.327,45.327,45.494,45.57899999999999,null,null,null,null,null,null,null,23.758571428571432,23.432222222222226,23.92888888888889,23.875555555555554,23.835555555555555,23.71,23.66,23.197142857142858,23.14428571428572,22.975714285714282,22.90857142857143,22.65285714285714,22.735714285714288,22.752857142857145,22.52,22.313333333333333],"governanceScore":[50.739,50.666999999999994,50.82299999999999,50.864999999999995,50.589,50.589,50.559,50.507,50.621,50.621,50.853,51.062,null,null,null,null,null,null,null,7.977142857142857,7.858888888888889,7.66111111111111,7.681111111111111,7.676666666666667,7.648888888888889,7.654444444444446,7.682857142857143,7.631428571428572,7.684285714285715,7.614285714285714,7.54,7.2700000000000005,7.335714285714286,7.291428571428573,7.176666666666667],"environmentScore":[55.028999999999996,54.998000000000005,55.257999999999996,55.274,55.18299999999999,55.18299999999999,55.358000000000004,55.245999999999995,54.876,54.876,54.94599999999999,54.677,null,null,null,null,null,null,null,4.265714285714286,4.013333333333333,4.087777777777777,4.093333333333334,4.069999999999999,4.02,3.9299999999999997,3.755714285714286,3.7314285714285718,3.7742857142857145,3.782857142857143,3.782857142857143,3.717142857142857,3.6557142857142857,3.532857142857143,3.5066666666666664],"socialScore":[52.285000000000004,52.25699999999999,52.36899999999999,52.614,52.63499999999999,52.63499999999999,52.382000000000005,52.306000000000004,51.922000000000004,51.922000000000004,52.149,52.297000000000004,null,null,null,null,null,null,null,9.549999999999999,9.116666666666667,9.677777777777779,9.70888888888889,9.705555555555556,9.71111111111111,9.804444444444444,9.650000000000002,9.627142857142857,9.665714285714285,9.540000000000001,9.268571428571429,9.377142857142857,9.34,9.275714285714287,9.12]}}],"error":null}}}