{"update_time":"2025-11-04 13:28:13.929658","data":{"esgChart":{"result":[{"peerGroup":"Precious Metals","symbolSeries":{"timestamp":[1727740800],"esgScore":[27.33],"governanceScore":[0.0],"environmentScore":[0.0],"socialScore":[0.0]},"peerSeries":{"timestamp":[1727740800],"esgScore":[35.40888888888889],"governanceScore":[4.634285714285715],"environmentScore":[13.620000000000001],"socialScore":[9.964285714285714]}}],"error":null}}}