{"update_time":"2024-12-08 14:12:16.635510","data":{"esgChart":{"result":[{"peerGroup":"Real Estate","symbolSeries":{"timestamp":[1727740800,1730419200],"esgScore":[20.59,20.59],"governanceScore":[7.44,7.44],"environmentScore":[7.64,7.64],"socialScore":[5.51,5.51]},"peerSeries":{"timestamp":[1727740800,1730419200],"esgScore":[15.995357142857145,15.647762645914394],"governanceScore":[5.001111111111111,5.357873303167427],"environmentScore":[3.7133333333333334,3.6234389140271506],"socialScore":[4.067777777777777,3.8858371040723987]}}],"error":null}}}