{"update_time":"2024-10-22 12:24:09.331563","data":{"esgChart":{"result":[{"peerGroup":"Real Estate","symbolSeries":{"timestamp":[1727740800],"esgScore":[20.59],"governanceScore":[7.44],"environmentScore":[7.64],"socialScore":[5.51]},"peerSeries":{"timestamp":[1727740800],"esgScore":[15.359230769230773],"governanceScore":[5.001111111111111],"environmentScore":[3.7133333333333334],"socialScore":[4.067777777777777]}}],"error":null}}}