{"update_time":"2025-11-04 13:29:09.839208","data":{"esgChart":{"result":[{"peerGroup":"US CE Large Value","symbolSeries":{"timestamp":[1517443200,1519862400,1522540800,1525132800,1527811200,1530403200,1533081600,1535760000,1538352000,1541030400,1543622400,1546300800,1548979200,1551398400,1554076800,1556668800,1559347200,1561939200,1564617600,1567296000,1569888000,1572566400,1575158400,1577836800,1580515200,1583020800,1585699200,1588291200,1590969600,1593561600,1596240000,1598918400,1601510400,1604188800,1606780800],"esgScore":[52.15,52.47,52.47,52.47,52.7,52.7,52.7,52.35,52.35,52.35,52.35,52.44,null,null,null,null,null,null,null,null,null,null,null,null,null,null,null,null,null,24.82,24.58,24.46,24.25,24.04,23.9],"governanceScore":[52.51,52.7,52.7,52.7,52.52,52.52,52.52,52.19,52.19,52.19,52.19,52.3,null,null,null,null,null,null,null,null,null,null,null,null,null,null,null,null,null,7.22,7.19,7.15,7.1,7.04,7.0],"environmentScore":[53.05,53.54,53.54,53.54,53.97,53.97,53.97,53.82,53.82,53.82,53.82,53.64,null,null,null,null,null,null,null,null,null,null,null,null,null,null,null,null,null,5.13,5.11,5.1,5.01,4.95,4.92],"socialScore":[51.63,51.83,51.83,51.83,52.2,52.2,52.2,51.9,51.9,51.9,51.9,52.04,null,null,null,null,null,null,null,null,null,null,null,null,null,null,null,null,null,10.23,10.05,9.99,9.83,9.74,9.67]},"peerSeries":{"timestamp":[1517443200,1519862400,1522540800,1525132800,1527811200,1530403200,1533081600,1535760000,1538352000,1541030400,1543622400,1546300800,1548979200,1551398400,1554076800,1556668800,1559347200,1561939200,1564617600,1567296000,1569888000,1572566400,1575158400,1577836800,1580515200,1583020800,1585699200,1588291200,1590969600,1593561600,1596240000,1598918400,1601510400,1604188800,1606780800],"esgScore":[43.94,44.205,44.11,44.019999999999996,44.215,44.215,44.29333333333333,44.346666666666664,44.06333333333333,44.080000000000005,43.86333333333332,43.913333333333334,null,null,null,null,null,null,null,null,23.810000000000002,24.2,24.153333333333336,24.113333333333333,24.8625,24.4875,24.502499999999998,24.430000000000003,24.137500000000003,23.9675,23.8025,23.65,24.0675,24.155,24.02],"governanceScore":[48.92,49.08,49.085,49.215,49.18000000000001,49.18000000000001,50.32,50.57666666666666,50.4,50.43666666666667,50.196666666666665,50.18666666666667,null,null,null,null,null,null,null,null,8.25,8.113333333333335,8.086666666666668,8.116666666666667,7.705,7.885,7.815,7.75,7.675,7.704999999999999,7.6775,7.5975,7.607499999999999,7.415,7.41],"environmentScore":[54.59,54.96,54.989999999999995,54.675,54.989999999999995,54.989999999999995,53.94,53.833333333333336,53.68333333333334,53.64666666666667,53.38666666666666,53.336666666666666,null,null,null,null,null,null,null,null,4.4366666666666665,4.55,4.536666666666666,4.556666666666667,4.3925,4.26,4.0175,4.0175,4.055,4.140000000000001,4.125,4.22,4.27,4.220000000000001,4.195],"socialScore":[49.31,49.635,49.585,50.17,50.455,50.455,50.43666666666667,50.403333333333336,50.26,50.29333333333333,49.96666666666667,50.14666666666667,null,null,null,null,null,null,null,null,8.86,9.26,9.24,9.263333333333334,8.8975,9.24,9.2725,9.307500000000001,9.17,9.1675,8.94,8.8775,9.272499999999999,9.0625,9.0325]}}],"error":null}}}