{"update_time":"2025-03-04 17:07:51.618014","data":{"esgChart":{"result":[{"peerGroup":"Healthcare","symbolSeries":{"timestamp":[1727740800,1730419200,1733011200,1735689600,1738368000],"esgScore":[29.78,21.46,21.46,21.46,21.46],"governanceScore":[7.79,4.51,4.51,4.51,4.51],"environmentScore":[5.11,2.74,2.74,2.74,2.74],"socialScore":[16.89,14.21,14.21,14.21,14.21]},"peerSeries":{"timestamp":[1727740800,1730419200,1733011200,1735689600,1738368000],"esgScore":[25.107839999999985,23.63607142857143,23.61544262295082,23.609477124183005,23.636372549019608],"governanceScore":[6.648181818181819,6.38878260869565,6.38086956521739,6.289572649572649,6.276581196581196],"environmentScore":[3.321818181818181,2.653217391304347,2.6531304347826072,2.635213675213674,2.6327350427350416],"socialScore":[12.416363636363634,12.468869565217396,12.473913043478264,12.402136752136753,12.395470085470087]}}],"error":null}}}