{"update_time":"2024-10-22 12:25:18.691589","data":{"esgChart":{"result":[{"peerGroup":"Healthcare","symbolSeries":{"timestamp":[1727740800],"esgScore":[29.78],"governanceScore":[7.79],"environmentScore":[5.11],"socialScore":[16.89]},"peerSeries":{"timestamp":[1727740800],"esgScore":[24.948521739130424],"governanceScore":[6.648181818181819],"environmentScore":[3.321818181818181],"socialScore":[12.416363636363634]}}],"error":null}}}