{"update_time":"2024-10-22 12:25:45.911962","data":{"esgChart":{"result":[{"peerGroup":"Software & Services","symbolSeries":{"timestamp":[1672531200,1675209600,1677628800,1680307200,1682899200,1685577600,1688169600,1690848000,1693526400,1696118400,1698796800,1701388800,1704067200,1706745600,1709251200,1711929600,1714521600,1717200000,1719792000,1722470400,1725148800,1727740800],"esgScore":[14.98,null,null,null,null,null,null,null,16.94,null,null,null,null,null,null,null,null,null,null,null,null,14.78],"governanceScore":[4.81,null,null,null,null,null,null,null,5.39,null,null,null,null,null,null,null,null,null,null,null,null,3.96],"environmentScore":[0.7,null,null,null,null,null,null,null,3.35,null,null,null,null,null,null,null,null,null,null,null,null,2.97],"socialScore":[9.47,null,null,null,null,null,null,null,8.2,null,null,null,null,null,null,null,null,null,null,null,null,7.85]},"peerSeries":{"timestamp":[1672531200,1675209600,1677628800,1680307200,1682899200,1685577600,1688169600,1690848000,1693526400,1696118400,1698796800,1701388800,1704067200,1706745600,1709251200,1711929600,1714521600,1717200000,1719792000,1722470400,1725148800,1727740800],"esgScore":[18.43026315789474,17.067999999999998,17.231399999999997,17.387199999999996,null,null,null,null,18.17809523809525,null,null,null,25.496153846153845,null,null,null,null,null,25.868000000000002,null,22.47,21.48289719626167],"governanceScore":[6.773243243243243,6.070208333333331,6.075833333333331,6.103749999999997,null,null,null,null,6.753495145631067,null,null,null,null,null,null,null,null,null,7.029999999999999,null,null,6.047160493827162],"environmentScore":[1.9593243243243244,2.1110416666666665,2.3162499999999997,2.412708333333333,null,null,null,null,2.5702912621359224,null,null,null,null,null,null,null,null,null,3.7,null,null,2.80037037037037],"socialScore":[9.715270270270274,8.873958333333333,8.833749999999998,8.872499999999999,null,null,null,null,8.862038834951454,null,null,null,null,null,null,null,null,null,14.08,null,null,9.712592592592593]}}],"error":null}}}