{"update_time":"2025-05-14 12:47:00.188695","data":{"esgChart":{"result":[{"peerGroup":"Software & Services","symbolSeries":{"timestamp":[1672531200,1675209600,1677628800,1680307200,1682899200,1685577600,1688169600,1690848000,1693526400,1696118400,1698796800,1701388800,1704067200,1706745600,1709251200,1711929600,1714521600,1717200000,1719792000,1722470400,1725148800,1727740800,1730419200,1733011200,1735689600,1738368000,1740787200,1743465600,1746057600],"esgScore":[14.98,null,null,null,null,null,null,null,16.94,null,null,null,null,null,null,null,null,null,null,null,null,14.78,14.78,14.78,14.61,14.61,14.61,14.61,14.61],"governanceScore":[4.81,null,null,null,null,null,null,null,5.39,null,null,null,null,null,null,null,null,null,null,null,null,3.96,3.96,3.96,3.8,3.8,3.8,3.8,3.8],"environmentScore":[0.7,null,null,null,null,null,null,null,3.35,null,null,null,null,null,null,null,null,null,null,null,null,2.97,2.97,2.97,2.97,2.97,2.97,2.97,2.97],"socialScore":[9.47,null,null,null,null,null,null,null,8.2,null,null,null,null,null,null,null,null,null,null,null,null,7.85,7.85,7.85,7.85,7.85,7.85,7.85,7.85]},"peerSeries":{"timestamp":[1672531200,1675209600,1677628800,1680307200,1682899200,1685577600,1688169600,1690848000,1693526400,1696118400,1698796800,1701388800,1704067200,1706745600,1709251200,1711929600,1714521600,1717200000,1719792000,1722470400,1725148800,1727740800,1730419200,1733011200,1735689600,1738368000,1740787200,1743465600,1746057600],"esgScore":[21.5,15.788,15.77,15.941999999999998,null,null,null,null,21.07125,null,null,null,25.49368421052631,null,null,null,null,null,24.48777777777778,null,22.47,21.95,20.749752066115704,20.741456953642388,20.740710743801657,20.810630182421228,20.80081939799331,20.904713804713804,20.931663778162918],"governanceScore":[9.195555555555556,5.916,5.792,5.792,null,null,null,null,9.592499999999998,null,null,null,null,null,null,null,null,null,7.005,null,null,6.047160493827162,5.80553435114504,5.763629343629346,5.76223076923077,5.750697674418606,5.662929687499999,5.64171875,5.605],"environmentScore":[2.007777777777777,1.658,1.8539999999999999,1.982,null,null,null,null,2.725,null,null,null,null,null,null,null,null,null,4.075,null,null,2.80037037037037,2.9668320610687022,2.974131274131274,2.9947307692307694,3.008565891472868,3.057656249999999,3.11140625,3.160079365079365],"socialScore":[10.29888888888889,8.214,8.124,8.166,null,null,null,null,8.75125,null,null,null,null,null,null,null,null,null,13.34,null,null,9.712592592592593,9.796335877862584,9.807606177606166,9.812038461538451,9.848488372093012,9.885351562499995,9.911718749999991,9.94333333333333]}}],"error":null}}}