{"update_time":"2025-08-25 20:17:16.023911","data":{"esgChart":{"result":[{"peerGroup":"Electrical Equipment","symbolSeries":{"timestamp":[1743465600,1746057600,1748736000,1751328000,1754006400],"esgScore":[22.52,21.75,21.75,21.75,21.75],"governanceScore":[5.61,5.61,5.61,5.61,5.61],"environmentScore":[7.82,7.05,7.05,7.05,7.05],"socialScore":[9.09,9.09,9.09,9.09,9.09]},"peerSeries":{"timestamp":[1743465600,1746057600,1748736000,1751328000,1754006400],"esgScore":[24.861891891891894,24.5096,25.418928571428577,25.703783783783784,25.770090090090093],"governanceScore":[5.434358974358975,5.455500000000001,5.41578947368421,5.4912820512820515,5.516250000000001],"environmentScore":[7.316153846153846,7.471000000000001,7.7728947368421055,8.070512820512821,8.301250000000001],"socialScore":[8.226666666666667,8.17225,8.358947368421054,8.332564102564103,8.2945]}}],"error":null}}}