{"update_time":"2025-05-14 12:47:17.529339","data":{"esgChart":{"result":[{"peerGroup":"Electrical Equipment","symbolSeries":{"timestamp":[1743465600,1746057600],"esgScore":[22.52,21.75],"governanceScore":[5.61,5.61],"environmentScore":[7.82,7.05],"socialScore":[9.09,9.09]},"peerSeries":{"timestamp":[1743465600,1746057600],"esgScore":[24.861891891891894,24.563636363636366],"governanceScore":[5.434358974358975,5.436410256410257],"environmentScore":[7.316153846153846,7.488717948717949],"socialScore":[8.226666666666667,8.223333333333333]}}],"error":null}}}