{"update_time":"2025-02-12 12:25:34.200049","data":{"esgChart":{"result":[{"peerGroup":"Commercial Services","symbolSeries":{"timestamp":[1730419200,1733011200,1735689600,1738368000],"esgScore":[19.74,19.74,24.82,24.82],"governanceScore":[4.81,4.81,4.62,4.62],"environmentScore":[7.84,7.84,11.03,11.03],"socialScore":[7.09,7.09,9.17,9.17]},"peerSeries":{"timestamp":[1730419200,1733011200,1735689600,1738368000],"esgScore":[17.10367441860465,17.402232558139538,17.466572769953054,17.53452830188679],"governanceScore":[4.026956521739131,3.9688405797101454,3.9461764705882367,4.001304347826087],"environmentScore":[2.467971014492754,2.640724637681159,2.7095588235294112,2.678115942028985],"socialScore":[9.374637681159424,9.410289855072467,9.39720588235294,9.450724637681159]}}],"error":null}}}