{"update_time":"2025-02-11 12:28:23.803179","data":{"esgChart":{"result":[{"peerGroup":"Semiconductors","symbolSeries":{"timestamp":[1727740800,1730419200,1733011200,1735689600,1738368000],"esgScore":[16.69,16.69,16.69,16.69,16.69],"governanceScore":[6.02,6.02,6.02,6.02,6.02],"environmentScore":[6.93,6.93,6.93,6.93,6.93],"socialScore":[3.73,3.73,3.73,3.73,3.73]},"peerSeries":{"timestamp":[1727740800,1730419200,1733011200,1735689600,1738368000],"esgScore":[21.88161764705882,23.277606837606847,23.489750000000004,23.415333333333344,23.46866666666667],"governanceScore":[4.9688,5.421799999999999,5.373200000000001,5.332600000000001,5.282941176470589],"environmentScore":[6.8176,7.5316,7.634000000000001,7.631600000000001,7.960392156862747],"socialScore":[5.646800000000001,6.025,5.9594,5.937200000000001,5.925098039215686]}}],"error":null}}}