{"update_time":"2024-12-17 14:02:04.094278","data":{"esgChart":{"result":[{"peerGroup":"Semiconductors","symbolSeries":{"timestamp":[1727740800,1730419200,1733011200],"esgScore":[16.69,16.69,16.69],"governanceScore":[6.02,6.02,6.02],"environmentScore":[6.93,6.93,6.93],"socialScore":[3.73,3.73,3.73]},"peerSeries":{"timestamp":[1727740800,1730419200,1733011200],"esgScore":[21.88161764705882,23.277606837606847,23.489750000000004],"governanceScore":[4.9688,5.421799999999999,5.373200000000001],"environmentScore":[6.8176,7.5316,7.634000000000001],"socialScore":[5.646800000000001,6.025,5.9594]}}],"error":null}}}