{"update_time":"2024-12-08 14:13:09.791355","data":{"esgChart":{"result":[{"peerGroup":"Semiconductors","symbolSeries":{"timestamp":[1727740800,1730419200],"esgScore":[16.69,16.69],"governanceScore":[6.02,6.02],"environmentScore":[6.93,6.93],"socialScore":[3.73,3.73]},"peerSeries":{"timestamp":[1727740800,1730419200],"esgScore":[21.88161764705882,23.277606837606847],"governanceScore":[4.9688,5.421799999999999],"environmentScore":[6.8176,7.5316],"socialScore":[5.646800000000001,6.025]}}],"error":null}}}