{"update_time":"2025-11-04 13:30:21.688883","data":{"esgChart":{"result":[{"peerGroup":"US CE Natural Resources","symbolSeries":{"timestamp":[1517443200,1519862400,1522540800,1525132800,1527811200,1530403200,1533081600,1535760000,1538352000],"esgScore":[51.56,51.56,51.71,51.71,52.07,52.07,52.07,52.57,52.57],"governanceScore":[52.8,52.8,52.44,52.44,52.96,52.96,52.96,52.47,52.47],"environmentScore":[49.12,49.12,49.56,49.56,49.66,49.66,49.66,50.35,50.35],"socialScore":[52.55,52.55,52.63,52.63,53.05,53.05,53.05,53.92,53.92]},"peerSeries":{"timestamp":[1517443200,1519862400,1522540800,1525132800,1527811200,1530403200,1533081600,1535760000,1538352000],"esgScore":[51.56,51.56,51.71,51.71,52.07,52.07,52.07,52.57,52.81],"governanceScore":[52.8,52.8,52.44,52.44,52.96,52.96,52.96,52.47,53.155],"environmentScore":[49.12,49.12,49.56,49.56,49.66,49.66,49.66,50.35,50.595],"socialScore":[52.55,52.55,52.63,52.63,53.05,53.05,53.05,53.92,53.635000000000005]}}],"error":null}}}