{"update_time":"2025-11-04 13:30:50.124142","data":{"esgChart":{"result":[{"peerGroup":"US CE High Yield Bond","symbolSeries":{"timestamp":[1517443200,1519862400,1522540800,1525132800,1527811200,1530403200],"esgScore":[45.24,43.98,43.86,43.57,43.48,43.48],"governanceScore":[49.1,48.88,48.36,48.23,48.55,48.55],"environmentScore":[48.92,48.12,47.98,47.38,47.69,47.69],"socialScore":[47.36,47.13,47.16,46.69,46.79,46.79]},"peerSeries":{"timestamp":[1517443200,1519862400,1522540800,1525132800,1527811200,1530403200],"esgScore":[40.36571428571428,40.28285714285715,40.465,40.46666666666667,40.33,39.878571428571426],"governanceScore":[49.434285714285714,49.44571428571429,49.801249999999996,49.410000000000004,49.32888888888889,48.99142857142857],"environmentScore":[48.43714285714285,48.49999999999999,48.88625,49.143333333333324,48.962222222222216,48.468571428571444],"socialScore":[48.17,48.21,48.4,48.138888888888886,48.191111111111105,47.042857142857144]}}],"error":null}}}