{"update_time":"2024-10-03 17:34:14.767766","data":{"esgChart":{"result":[{"peerGroup":"Insurance","symbolSeries":{"timestamp":[1569888000,1572566400,1575158400,1577836800,1580515200,1583020800,1585699200,1588291200,1590969600,1593561600,1596240000,1598918400,1601510400,1604188800,1606780800,1609459200,1612137600,1614556800,1617235200,1619827200,1622505600,1625097600,1627776000,1630454400,1633046400,1635724800,1638316800,1640995200,1643673600,1646092800,1648771200,1651363200,1654041600,1656633600,1659312000,1661990400,1664582400,1667260800,1669852800,1672531200,1675209600,1677628800,1680307200,1682899200,1685577600,1688169600,1690848000,1693526400],"esgScore":[47.87,48.21,48.31,26.51,26.51,26.51,null,null,null,26.51,26.22,null,22.98,null,null,22.98,22.98,22.98,null,22.98,null,null,null,20.85,null,null,null,null,20.85,null,null,20.85,null,null,20.76,null,null,null,null,20.25,null,null,null,null,null,null,null,20.35],"governanceScore":[50.95,51.84,51.95,15.55,15.55,15.55,null,null,null,15.55,15.26,null,12.27,null,null,12.27,12.27,12.27,null,12.27,null,null,null,11.37,null,null,null,null,11.37,null,null,11.37,null,null,11.57,null,null,null,null,10.51,null,null,null,null,null,null,null,10.49],"environmentScore":[35.42,35.42,35.61,2.28,2.28,2.28,null,null,null,2.28,2.28,null,2.09,null,null,2.09,2.09,2.09,null,2.09,null,null,null,1.56,null,null,null,null,1.56,null,null,1.56,null,null,1.56,null,null,null,null,1.58,null,null,null,null,null,null,null,1.58],"socialScore":[55.89,55.89,55.89,8.68,8.68,8.68,null,null,null,8.68,8.68,null,8.61,null,null,8.61,8.61,8.61,null,8.61,null,null,null,7.92,null,null,null,null,7.92,null,null,7.92,null,null,7.64,null,null,null,null,8.16,null,null,null,null,null,null,null,8.28]},"peerSeries":{"timestamp":[1569888000,1572566400,1575158400,1577836800,1580515200,1583020800,1585699200,1588291200,1590969600,1593561600,1596240000,1598918400,1601510400,1604188800,1606780800,1609459200,1612137600,1614556800,1617235200,1619827200,1622505600,1625097600,1627776000,1630454400,1633046400,1635724800,1638316800,1640995200,1643673600,1646092800,1648771200,1651363200,1654041600,1656633600,1659312000,1661990400,1664582400,1667260800,1669852800,1672531200,1675209600,1677628800,1680307200,1682899200,1685577600,1688169600,1690848000,1693526400],"esgScore":[60.903711340206215,61.51041237113403,55.51765306122448,24.39051020408163,24.207040816326526,24.200204081632656,null,null,null,24.21572916666666,24.119583333333324,23.90302083333333,23.886354166666663,null,null,23.463298969072166,23.263571428571424,23.06224489795918,null,22.566020408163272,null,null,null,22.375164835164842,null,null,null,null,21.719072164948457,null,null,21.296770833333333,null,null,21.185416666666665,21.903888888888897,21.846527777777784,21.87333333333334,21.25055555555555,21.8876388888889,21.230740740740742,21.237777777777776,21.262222222222228,null,null,null,null,21.16371134020618],"governanceScore":[60.176701030927816,60.943298969072174,54.52783505154641,13.265567010309274,13.1541237113402,13.125979381443292,null,null,null,12.988842105263156,12.895789473684209,12.787578947368424,12.741789473684209,null,null,12.446458333333334,12.16572916666667,12.083437500000002,null,11.766421052631578,null,null,null,11.64465909090909,null,null,null,null,11.35053191489362,null,null,11.01308510638298,null,null,10.650425531914896,10.896521739130435,10.826956521739131,10.77289855072464,10.782830188679247,10.791884057971016,10.781509433962265,10.737547169811323,10.67490566037736,null,null,null,null,10.208510638297872],"environmentScore":[57.30463917525774,58.04226804123713,47.716907216494874,1.6473195876288653,1.6285567010309272,1.616907216494845,null,null,null,1.6047368421052637,1.6042105263157902,1.5767368421052639,1.6301052631578954,null,null,1.5914583333333336,1.6028125,1.590729166666667,null,1.603473684210527,null,null,null,1.6537500000000003,null,null,null,null,1.5435106382978727,null,null,1.5008510638297876,null,null,1.4494680851063833,1.533913043478261,1.514202898550725,1.4963768115942035,1.4409433962264158,1.4947826086956528,1.4277358490566046,1.4249056603773593,1.4224528301886799,null,null,null,null,1.3230851063829796],"socialScore":[65.14350515463917,65.43546391752577,58.13113402061856,9.481443298969072,9.426288659793814,9.459278350515465,null,null,null,9.587789473684213,9.584736842105263,9.50031578947368,9.476526315789473,null,null,9.378854166666665,9.28614583333333,9.17520833333333,null,8.875473684210526,null,null,null,8.752500000000005,null,null,null,null,8.462659574468088,null,null,8.466382978723406,null,null,8.766702127659576,9.021739130434781,9.046666666666665,9.141594202898553,8.967358490566037,9.172318840579711,8.961886792452828,9.01566037735849,9.10566037735849,null,null,null,null,9.341170212765958]}}],"error":null}}}