{"update_time":"2025-02-11 12:30:28.694934","data":{"esgChart":{"result":[{"peerGroup":"Retailing","symbolSeries":{"timestamp":[1727740800,1730419200,1733011200,1735689600,1738368000],"esgScore":[24.94,24.94,24.94,24.94,24.94],"governanceScore":[5.4,5.4,5.4,5.4,5.4],"environmentScore":[9.7,9.7,9.7,9.7,9.7],"socialScore":[9.83,9.83,9.83,9.83,9.83]},"peerSeries":{"timestamp":[1727740800,1730419200,1733011200,1735689600,1738368000],"esgScore":[20.056984126984123,17.983197026022317,18.017666666666678,18.09100000000001,18.190970149253744],"governanceScore":[4.686111111111111,4.282136752136752,4.2823076923076915,4.274017094017093,4.269145299145298],"environmentScore":[4.739999999999998,3.7912820512820513,3.7893162393162396,3.79974358974359,3.7909401709401704],"socialScore":[9.368888888888891,9.143760683760691,9.142820512820517,9.120769230769236,9.102820512820516]}}],"error":null}}}