{"update_time":"2024-12-08 14:14:12.105568","data":{"esgChart":{"result":[{"peerGroup":"Retailing","symbolSeries":{"timestamp":[1727740800,1730419200],"esgScore":[24.94,24.94],"governanceScore":[5.4,5.4],"environmentScore":[9.7,9.7],"socialScore":[9.83,9.83]},"peerSeries":{"timestamp":[1727740800,1730419200],"esgScore":[20.056984126984123,17.983197026022317],"governanceScore":[4.686111111111111,4.282136752136752],"environmentScore":[4.739999999999998,3.7912820512820513],"socialScore":[9.368888888888891,9.143760683760691]}}],"error":null}}}