{"update_time":"2024-12-08 14:14:21.056582","data":{"esgChart":{"result":[{"peerGroup":"Refiners & Pipelines","symbolSeries":{"timestamp":[1727740800,1730419200],"esgScore":[29.07,29.07],"governanceScore":[0.0,0.0],"environmentScore":[0.0,0.0],"socialScore":[0.0,0.0]},"peerSeries":{"timestamp":[1727740800,1730419200],"esgScore":[36.9925,32.28977528089889],"governanceScore":[4.4350000000000005,3.317317073170732],"environmentScore":[15.975000000000001,15.065365853658536],"socialScore":[13.120000000000001,9.36048780487805]}}],"error":null}}}