{"update_time":"2025-11-04 13:31:45.167724","data":{"esgChart":{"result":[{"peerGroup":"US CE Tactical Allocation","symbolSeries":{"timestamp":[1517443200,1519862400,1522540800,1525132800,1527811200,1530403200,1533081600,1535760000,1538352000,1541030400,1543622400,1546300800,1548979200,1551398400,1554076800,1556668800,1559347200,1561939200,1564617600,1567296000,1569888000,1572566400,1575158400,1577836800,1580515200,1583020800,1585699200,1588291200,1590969600,1593561600,1596240000,1598918400,1601510400,1604188800,1606780800],"esgScore":[48.79,49.64,49.91,49.2,49.26,49.26,49.04,49.08,49.08,49.65,48.83,47.61,null,null,null,null,null,null,null,null,null,null,null,null,null,null,null,null,null,25.29,25.39,24.96,24.64,24.89,24.49],"governanceScore":[48.42,48.09,49.12,48.39,48.76,48.76,48.81,49.57,49.57,50.23,50.28,47.31,null,null,null,null,null,null,null,null,null,null,null,null,null,null,null,null,null,6.45,6.06,6.09,6.19,6.39,6.32],"environmentScore":[52.55,53.29,53.38,52.93,53.26,53.26,53.24,53.26,53.26,53.31,53.09,50.71,null,null,null,null,null,null,null,null,null,null,null,null,null,null,null,null,null,3.14,2.87,2.57,2.38,3.08,3.19],"socialScore":[48.93,50.05,49.98,49.08,48.42,48.42,48.65,48.05,48.05,48.53,49.12,48.9,null,null,null,null,null,null,null,null,null,null,null,null,null,null,null,null,null,8.18,7.8,8.14,7.93,7.8,7.59]},"peerSeries":{"timestamp":[1517443200,1519862400,1522540800,1525132800,1527811200,1530403200,1533081600,1535760000,1538352000,1541030400,1543622400,1546300800,1548979200,1551398400,1554076800,1556668800,1559347200,1561939200,1564617600,1567296000,1569888000,1572566400,1575158400,1577836800,1580515200,1583020800,1585699200,1588291200,1590969600,1593561600,1596240000,1598918400,1601510400,1604188800,1606780800],"esgScore":[44.33,44.5375,44.815,44.277499999999996,44.34,44.34,43.9925,44.3325,44.3425,44.474999999999994,43.946,43.496,null,null,null,null,null,null,null,23.773333333333337,23.972499999999997,24.2425,24.3475,25.025,24.752499999999998,24.376666666666665,24.433333333333337,24.470000000000002,24.55333333333333,24.4025,24.512500000000003,24.25,24.003333333333334,24.113333333333333,23.883333333333336],"governanceScore":[51.006,50.575,51.2975,50.855000000000004,50.8775,50.8775,50.9875,51.467499999999994,51.57749999999999,51.9175,51.83200000000001,50.60000000000001,null,null,null,null,null,null,null,7.423333333333333,7.745000000000001,7.14,7.14,7.154999999999999,7.1225,6.846666666666667,6.946666666666666,6.77,6.746666666666666,6.7875000000000005,6.5975,6.489999999999999,6.496666666666666,6.636666666666667,6.623333333333334],"environmentScore":[50.80800000000001,52.075,52.4075,52.167500000000004,52.147499999999994,52.147499999999994,52.25,52.7375,52.692499999999995,52.682500000000005,51.402,50.332,null,null,null,null,null,null,null,4.553333333333334,4.5025,4.205,4.215,4.185,4.0,4.18,4.346666666666667,4.19,4.140000000000001,3.8875,3.9225000000000003,3.263333333333333,3.0966666666666662,3.4233333333333333,3.33],"socialScore":[50.45400000000001,50.74999999999999,50.82,50.22,49.8175,49.8175,48.94499999999999,49.147499999999994,49.1325,49.3775,49.376,48.974000000000004,null,null,null,null,null,null,null,8.576666666666666,8.6175,9.0975,8.9875,9.135,9.290000000000001,9.163333333333334,9.106666666666667,8.926666666666668,8.736666666666666,8.65,8.5075,8.436666666666667,8.216666666666667,8.02,7.9433333333333325]}}],"error":null}}}