{"update_time":"2024-12-04 12:12:48.425929","data":{"esgChart":{"result":[{"peerGroup":"Retailing","symbolSeries":{"timestamp":[1730419200],"esgScore":[19.41],"governanceScore":[4.23],"environmentScore":[4.97],"socialScore":[10.22]},"peerSeries":{"timestamp":[1730419200],"esgScore":[17.983197026022317],"governanceScore":[4.282136752136752],"environmentScore":[3.7912820512820513],"socialScore":[9.143760683760691]}}],"error":null}}}