{"update_time":"2025-11-04 13:32:57.777949","data":{"esgChart":{"result":[{"peerGroup":"US CE Options-based","symbolSeries":{"timestamp":[1517443200,1519862400,1522540800,1525132800,1527811200,1530403200,1533081600,1535760000,1538352000],"esgScore":[51.23,51.23,51.49,51.49,51.42,51.42,51.42,51.92,51.92],"governanceScore":[52.6,52.6,52.34,52.34,52.57,52.57,52.57,52.47,52.47],"environmentScore":[49.65,49.65,50.43,50.43,50.24,50.24,50.24,50.93,50.93],"socialScore":[51.34,51.34,51.41,51.41,51.4,51.4,51.4,51.92,51.92]},"peerSeries":{"timestamp":[1517443200,1519862400,1522540800,1525132800,1527811200,1530403200,1533081600,1535760000,1538352000],"esgScore":[46.5046875,46.50937499999999,46.48656249999999,46.87937499999999,46.92562499999999,46.96156249999999,46.915625,47.0271875,47.415555555555564],"governanceScore":[51.386562500000004,51.4128125,51.306875000000005,51.6128125,51.63624999999999,51.65249999999999,51.725,51.78187499999999,52.3236111111111],"environmentScore":[54.78031249999999,54.787499999999994,54.83781249999999,54.98593750000001,54.995937500000004,55.04625,54.98406250000001,55.078125000000014,55.395833333333364],"socialScore":[53.67374999999999,53.646875,53.68,53.9953125,54.094999999999985,54.12906249999999,53.96656249999999,54.07781249999999,54.34249999999999]}}],"error":null}}}