{"update_time":"2024-12-04 12:12:52.732706","data":{"esgChart":{"result":[{"peerGroup":"Insurance","symbolSeries":{"timestamp":[1730419200],"esgScore":[24.9],"governanceScore":[0.0],"environmentScore":[0.0],"socialScore":[0.0]},"peerSeries":{"timestamp":[1730419200],"esgScore":[23.217486033519574],"governanceScore":[9.244173913043477],"environmentScore":[1.3306956521739126],"socialScore":[9.86895652173913]}}],"error":null}}}