{"update_time":"2024-10-22 12:40:21.463565","data":{"esgChart":{"result":[{"peerGroup":"Food Retailers","symbolSeries":{"timestamp":[1727740800],"esgScore":[33.81],"governanceScore":[5.56],"environmentScore":[13.06],"socialScore":[15.19]},"peerSeries":{"timestamp":[1727740800],"esgScore":[22.578181818181818],"governanceScore":[5.233333333333333],"environmentScore":[7.876666666666668],"socialScore":[13.106666666666667]}}],"error":null}}}