{"update_time":"2025-11-04 13:33:04.603571","data":{"esgChart":{"result":[{"peerGroup":"Food Retailers","symbolSeries":{"timestamp":[1727740800,1730419200,1733011200,1735689600,1738368000,1740787200,1743465600,1746057600,1748736000,1751328000,1754006400,1756684800,1759276800],"esgScore":[33.81,33.81,33.81,33.81,33.81,33.81,33.81,32.27,32.27,32.43,32.43,32.43,32.24],"governanceScore":[5.56,5.56,5.56,5.56,5.56,5.56,5.56,5.72,5.72,5.72,5.72,5.72,5.72],"environmentScore":[13.06,13.06,13.06,13.06,13.06,13.06,13.06,12.21,12.21,12.21,12.21,12.21,12.21],"socialScore":[15.19,15.19,15.19,15.19,15.19,15.19,15.19,14.35,14.35,14.51,14.51,14.51,14.32]},"peerSeries":{"timestamp":[1727740800,1730419200,1733011200,1735689600,1738368000,1740787200,1743465600,1746057600,1748736000,1751328000,1754006400,1756684800,1759276800],"esgScore":[22.578181818181818,21.42108108108108,21.799054054054057,22.322465753424655,22.561232876712328,22.730138888888884,22.752777777777776,23.106086956521743,23.019857142857145,23.094428571428573,23.095000000000006,23.22231884057971,22.29294117647059],"governanceScore":[5.233333333333333,4.581666666666668,4.586904761904763,4.587142857142857,4.5706976744186045,4.545813953488372,4.491627906976744,4.586904761904761,4.548333333333333,4.5528571428571425,4.543255813953488,4.521904761904762,4.203488372093024],"environmentScore":[7.876666666666668,6.4678571428571425,6.465714285714284,6.567857142857142,6.683488372093023,6.7553488372093025,6.872790697674418,6.901666666666666,6.966666666666667,6.968333333333334,7.079069767441862,7.284761904761904,7.2448837209302335],"socialScore":[13.106666666666667,10.541904761904762,10.531904761904762,10.677380952380952,10.739302325581393,10.716511627906975,10.790000000000003,10.66595238095238,10.64547619047619,10.67142857142857,10.636976744186047,10.62190476190476,10.054651162790694]}}],"error":null}}}