{"update_time":"2024-12-08 14:17:04.604036","data":{"esgChart":{"result":[{"peerGroup":"Food Retailers","symbolSeries":{"timestamp":[1727740800,1730419200],"esgScore":[33.81,33.81],"governanceScore":[5.56,5.56],"environmentScore":[13.06,13.06],"socialScore":[15.19,15.19]},"peerSeries":{"timestamp":[1727740800,1730419200],"esgScore":[22.578181818181818,21.42108108108108],"governanceScore":[5.233333333333333,4.581666666666668],"environmentScore":[7.876666666666668,6.4678571428571425],"socialScore":[13.106666666666667,10.541904761904762]}}],"error":null}}}