{"update_time":"2024-12-08 14:17:10.138413","data":{"esgChart":{"result":[{"peerGroup":"Automobiles","symbolSeries":{"timestamp":[1727740800,1730419200],"esgScore":[24.15,24.15],"governanceScore":[0.0,0.0],"environmentScore":[0.0,0.0],"socialScore":[0.0,0.0]},"peerSeries":{"timestamp":[1727740800,1730419200],"esgScore":[26.13,23.875208333333333],"governanceScore":[6.7075,7.018750000000002],"environmentScore":[5.2975,6.434],"socialScore":[12.562500000000002,10.81]}}],"error":null}}}