{"update_time":"2025-05-14 12:49:39.255849","data":{"esgChart":{"result":[{"peerGroup":"Automobiles","symbolSeries":{"timestamp":[1727740800,1730419200,1733011200,1735689600,1738368000,1740787200,1743465600],"esgScore":[24.15,24.15,39.22,39.22,39.22,39.22,39.22],"governanceScore":[0.0,0.0,0.0,0.0,0.0,0.0,0.0],"environmentScore":[0.0,0.0,0.0,0.0,0.0,0.0,0.0],"socialScore":[0.0,0.0,0.0,0.0,0.0,0.0,0.0]},"peerSeries":{"timestamp":[1727740800,1730419200,1733011200,1735689600,1738368000,1740787200,1743465600],"esgScore":[26.13,23.875208333333333,24.749387755102045,24.88520833333334,25.166458333333342,25.390000000000004,25.433541666666674],"governanceScore":[6.7075,7.018750000000002,7.063000000000001,6.995750000000001,6.901538461538462,6.8612820512820525,6.862564102564104],"environmentScore":[5.2975,6.434,6.541000000000001,6.8855,7.076153846153847,7.405897435897437,7.485641025641027],"socialScore":[12.562500000000002,10.81,10.7895,10.8445,10.853846153846154,10.82897435897436,10.801538461538463]}}],"error":null}}}