{"update_time":"2024-12-08 14:17:15.455197","data":{"esgChart":{"result":[{"peerGroup":"Transportation","symbolSeries":{"timestamp":[1727740800,1730419200],"esgScore":[23.29,23.29],"governanceScore":[5.49,5.49],"environmentScore":[10.54,10.54],"socialScore":[7.27,7.27]},"peerSeries":{"timestamp":[1727740800,1730419200],"esgScore":[24.091428571428565,22.98057471264368],"governanceScore":[4.704000000000001,5.127553191489362],"environmentScore":[6.514,7.5640425531914905],"socialScore":[8.556000000000001,9.61404255319149]}}],"error":null}}}