{"update_time":"2025-11-04 13:33:16.278505","data":{"esgChart":{"result":[{"peerGroup":"Canada Fund Precious Metals Equity","symbolSeries":{"timestamp":[1517443200,1519862400,1522540800,1525132800,1527811200,1530403200,1533081600,1535760000,1538352000,1541030400],"esgScore":[47.6,48.04,47.16,47.16,49.83,50.13,50.5,49.35,49.18,47.34],"governanceScore":[49.25,47.82,47.49,47.47,48.89,48.81,49.23,49.95,49.7,46.79],"environmentScore":[49.51,49.51,49.11,48.96,50.86,50.85,52.61,52.01,52.0,51.07],"socialScore":[48.91,50.02,49.25,49.07,50.74,50.9,50.12,49.05,48.83,48.07]},"peerSeries":{"timestamp":[1517443200,1519862400,1522540800,1525132800,1527811200,1530403200,1533081600,1535760000,1538352000,1541030400],"esgScore":[43.635,43.48,43.20100000000001,43.312,43.778999999999996,43.852,45.64888888888889,45.68124999999999,44.72333333333333,44.967777777777776],"governanceScore":[50.766999999999996,50.754000000000005,50.63000000000001,50.440000000000005,50.076,50.092,51.55777777777777,51.68625,51.15555555555556,51.33111111111111],"environmentScore":[48.19500000000001,47.89,47.546,47.583,48.101000000000006,48.144999999999996,50.43333333333333,50.55125,49.958888888888886,50.236666666666665],"socialScore":[49.745999999999995,49.535000000000004,48.948,49.124,50.010999999999996,50.105999999999995,51.36555555555555,51.56999999999999,50.96666666666667,50.75555555555556]}}],"error":null}}}