{"update_time":"2024-12-19 12:16:06.669663","data":{"esgChart":{"result":[{"peerGroup":"Textiles & Apparel","symbolSeries":{"timestamp":[1730419200,1733011200],"esgScore":[16.39,16.39],"governanceScore":[6.56,6.56],"environmentScore":[1.4,1.4],"socialScore":[8.42,8.42]},"peerSeries":{"timestamp":[1730419200,1733011200],"esgScore":[16.093466666666668,16.19173333333334],"governanceScore":[4.6753125,4.675000000000001],"environmentScore":[2.2481250000000004,2.2396875],"socialScore":[7.761562499999998,7.741562499999999]}}],"error":null}}}