{"update_time":"2024-12-04 12:12:52.962841","data":{"esgChart":{"result":[{"peerGroup":"Textiles & Apparel","symbolSeries":{"timestamp":[1730419200],"esgScore":[16.39],"governanceScore":[6.56],"environmentScore":[1.4],"socialScore":[8.42]},"peerSeries":{"timestamp":[1730419200],"esgScore":[16.093466666666668],"governanceScore":[4.6753125],"environmentScore":[2.2481250000000004],"socialScore":[7.761562499999998]}}],"error":null}}}