{"update_time":"2024-12-19 12:16:07.570545","data":{"esgChart":{"result":[{"peerGroup":"Containers & Packaging","symbolSeries":{"timestamp":[1730419200,1733011200],"esgScore":[15.96,15.96],"governanceScore":[1.51,1.51],"environmentScore":[12.53,12.53],"socialScore":[1.92,1.92]},"peerSeries":{"timestamp":[1730419200,1733011200],"esgScore":[17.53909090909091,17.616136363636368],"governanceScore":[2.822000000000001,2.8063333333333342],"environmentScore":[11.943666666666667,11.930333333333332],"socialScore":[1.2806666666666666,1.2846666666666664]}}],"error":null}}}