{"update_time":"2024-10-22 12:45:08.740235","data":{"esgChart":{"result":[{"peerGroup":"Chemicals","symbolSeries":{"timestamp":[1727740800],"esgScore":[23.37],"governanceScore":[4.03],"environmentScore":[17.13],"socialScore":[2.21]},"peerSeries":{"timestamp":[1727740800],"esgScore":[29.223333333333336],"governanceScore":[2.8466666666666662],"environmentScore":[14.14333333333333],"socialScore":[1.83]}}],"error":null}}}