{"update_time":"2025-05-14 12:50:33.145618","data":{"esgChart":{"result":[{"peerGroup":"Software & Services","symbolSeries":{"timestamp":[1743465600,1746057600],"esgScore":[23.19,23.19],"governanceScore":[7.01,7.01],"environmentScore":[5.7,5.7],"socialScore":[10.48,10.48]},"peerSeries":{"timestamp":[1743465600,1746057600],"esgScore":[20.904713804713804,20.931663778162918],"governanceScore":[5.64171875,5.605],"environmentScore":[3.11140625,3.160079365079365],"socialScore":[9.911718749999991,9.94333333333333]}}],"error":null}}}