{"update_time":"2025-11-04 13:34:17.361249","data":{"esgChart":{"result":[{"peerGroup":"Homebuilders","symbolSeries":{"timestamp":[1730419200,1733011200,1735689600,1738368000,1740787200,1743465600,1746057600,1748736000,1751328000,1754006400,1756684800,1759276800],"esgScore":[24.43,24.43,24.43,24.43,24.43,24.43,24.43,24.43,24.43,24.43,24.43,24.43],"governanceScore":[0.0,0.0,0.0,0.0,0.0,0.0,0.0,0.0,0.0,0.0,0.0,0.0],"environmentScore":[0.0,0.0,0.0,0.0,0.0,0.0,0.0,0.0,0.0,0.0,0.0,0.0],"socialScore":[0.0,0.0,0.0,0.0,0.0,0.0,0.0,0.0,0.0,0.0,0.0,0.0]},"peerSeries":{"timestamp":[1730419200,1733011200,1735689600,1738368000,1740787200,1743465600,1746057600,1748736000,1751328000,1754006400,1756684800,1759276800],"esgScore":[19.33073170731707,19.78609756097561,19.718292682926826,19.798536585365852,19.838780487804875,19.894146341463415,19.94073170731707,20.176341463414634,20.495121951219513,20.56325,20.53875,20.346999999999998],"governanceScore":[4.013888888888888,4.009444444444444,4.009444444444444,4.009444444444444,4.009444444444444,3.981666666666666,3.9183333333333326,3.9716666666666662,4.029444444444444,4.088333333333334,4.088333333333334,4.02],"environmentScore":[8.293333333333331,8.407777777777776,8.407777777777776,8.407777777777776,8.395555555555553,8.360555555555555,8.365,8.502222222222223,8.187777777777777,8.035555555555554,8.035555555555554,8.00722222222222],"socialScore":[5.917777777777777,5.919444444444444,5.919444444444444,5.919444444444444,6.027222222222222,6.002222222222222,6.022222222222222,6.0761111111111115,6.156666666666668,6.315,6.315,6.163333333333334]}}],"error":null}}}