{"update_time":"2024-12-04 12:12:55.172855","data":{"esgChart":{"result":[{"peerGroup":"Homebuilders","symbolSeries":{"timestamp":[1730419200],"esgScore":[24.43],"governanceScore":[0.0],"environmentScore":[0.0],"socialScore":[0.0]},"peerSeries":{"timestamp":[1730419200],"esgScore":[19.33073170731707],"governanceScore":[4.013888888888888],"environmentScore":[8.293333333333331],"socialScore":[5.917777777777777]}}],"error":null}}}