{"update_time":"2024-12-19 12:16:12.222458","data":{"esgChart":{"result":[{"peerGroup":"Oil & Gas Producers","symbolSeries":{"timestamp":[1730419200,1733011200],"esgScore":[50.48,50.48],"governanceScore":[0.0,0.0],"environmentScore":[0.0,0.0],"socialScore":[0.0,0.0]},"peerSeries":{"timestamp":[1730419200,1733011200],"esgScore":[40.66664670658685,41.38915662650605],"governanceScore":[6.480229885057474,6.490000000000001],"environmentScore":[21.059310344827583,21.17788235294117],"socialScore":[9.211034482758624,9.294705882352947]}}],"error":null}}}