{"update_time":"2024-12-08 14:20:12.683851","data":{"esgChart":{"result":[{"peerGroup":"Traders & Distributors","symbolSeries":{"timestamp":[1727740800,1730419200],"esgScore":[30.16,30.16],"governanceScore":[0.0,0.0],"environmentScore":[0.0,0.0],"socialScore":[0.0,0.0]},"peerSeries":{"timestamp":[1727740800,1730419200],"esgScore":[25.728947368421053,21.603894736842104],"governanceScore":[7.17,4.988823529411765],"environmentScore":[9.51,6.743235294117646],"socialScore":[8.36,6.840294117647059]}}],"error":null}}}