{"update_time":"2025-02-11 12:32:49.029432","data":{"esgChart":{"result":[{"peerGroup":"Telecommunication Services","symbolSeries":{"timestamp":[1727740800,1730419200,1733011200,1735689600,1738368000],"esgScore":[35.56,33.35,33.35,33.35,33.35],"governanceScore":[0.0,0.0,0.0,0.0,0.0],"environmentScore":[0.0,0.0,0.0,0.0,0.0],"socialScore":[0.0,0.0,0.0,0.0,0.0]},"peerSeries":{"timestamp":[1727740800,1730419200,1733011200,1735689600,1738368000],"esgScore":[30.16263157894737,24.555,24.7564,24.688999999999997,24.485656565656566],"governanceScore":[6.055,5.281896551724136,5.3772881355932185,5.321355932203388,5.34310344827586],"environmentScore":[5.7316666666666665,4.940172413793102,5.01322033898305,5.045593220338982,5.000689655172414],"socialScore":[12.553333333333335,10.787413793103452,10.901016949152545,11.034576271186442,11.131551724137932]}}],"error":null}}}