{"update_time":"2024-12-19 12:16:14.269582","data":{"esgChart":{"result":[{"peerGroup":"Machinery","symbolSeries":{"timestamp":[1730419200,1733011200],"esgScore":[28.52,28.52],"governanceScore":[4.66,4.66],"environmentScore":[9.58,9.58],"socialScore":[14.28,14.28]},"peerSeries":{"timestamp":[1730419200,1733011200],"esgScore":[26.047604562737625,26.77321969696968],"governanceScore":[5.495258620689656,5.507777777777777],"environmentScore":[7.634913793103447,7.945811965811965],"socialScore":[10.773534482758619,10.801965811965811]}}],"error":null}}}