{"update_time":"2024-12-08 14:20:59.933959","data":{"esgChart":{"result":[{"peerGroup":"Auto Components","symbolSeries":{"timestamp":[1727740800,1730419200],"esgScore":[11.05,11.05],"governanceScore":[0.0,0.0],"environmentScore":[0.0,0.0],"socialScore":[0.0,0.0]},"peerSeries":{"timestamp":[1727740800,1730419200],"esgScore":[17.445333333333334,16.850116279069763],"governanceScore":[7.44,5.755588235294116],"environmentScore":[4.695,4.439117647058823],"socialScore":[5.470000000000001,5.920588235294117]}}],"error":null}}}