{"update_time":"2025-05-14 12:51:52.619249","data":{"esgChart":{"result":[{"peerGroup":"Electrical Equipment","symbolSeries":{"timestamp":[1730419200,1733011200,1735689600,1738368000,1740787200,1743465600,1746057600],"esgScore":[27.67,27.67,27.67,27.67,27.67,27.67,27.67],"governanceScore":[0.0,0.0,0.0,0.0,0.0,0.0,0.0],"environmentScore":[0.0,0.0,0.0,0.0,0.0,0.0,0.0],"socialScore":[0.0,0.0,0.0,0.0,0.0,0.0,0.0]},"peerSeries":{"timestamp":[1730419200,1733011200,1735689600,1738368000,1740787200,1743465600,1746057600],"esgScore":[22.866637168141594,23.67621621621622,24.19872727272728,24.303944954128447,24.565779816513768,24.861891891891894,24.563636363636366],"governanceScore":[5.423589743589744,5.416666666666667,5.417894736842106,5.4360526315789475,5.4360526315789475,5.434358974358975,5.436410256410257],"environmentScore":[6.308974358974358,6.957692307692305,6.953157894736841,6.953157894736841,6.953157894736841,7.316153846153846,7.488717948717949],"socialScore":[8.199487179487178,8.22205128205128,8.21,8.21,8.21,8.226666666666667,8.223333333333333]}}],"error":null}}}