{"update_time":"2024-12-19 12:16:17.324933","data":{"esgChart":{"result":[{"peerGroup":"Software & Services","symbolSeries":{"timestamp":[1730419200,1733011200],"esgScore":[13.39,13.39],"governanceScore":[4.62,4.62],"environmentScore":[0.98,0.98],"socialScore":[7.78,7.78]},"peerSeries":{"timestamp":[1730419200,1733011200],"esgScore":[20.749752066115704,20.741456953642388],"governanceScore":[5.80553435114504,5.763629343629346],"environmentScore":[2.9668320610687022,2.974131274131274],"socialScore":[9.796335877862584,9.807606177606166]}}],"error":null}}}