{"update_time":"2024-12-04 12:12:58.141004","data":{"esgChart":{"result":[{"peerGroup":"Transportation","symbolSeries":{"timestamp":[1730419200],"esgScore":[19.81],"governanceScore":[3.41],"environmentScore":[5.77],"socialScore":[10.63]},"peerSeries":{"timestamp":[1730419200],"esgScore":[22.98057471264368],"governanceScore":[5.127553191489362],"environmentScore":[7.5640425531914905],"socialScore":[9.61404255319149]}}],"error":null}}}