{"update_time":"2024-12-19 12:16:17.493418","data":{"esgChart":{"result":[{"peerGroup":"Transportation","symbolSeries":{"timestamp":[1730419200,1733011200],"esgScore":[19.81,19.81],"governanceScore":[3.41,3.41],"environmentScore":[5.77,5.77],"socialScore":[10.63,10.63]},"peerSeries":{"timestamp":[1730419200,1733011200],"esgScore":[22.98057471264368,23.052080924855492],"governanceScore":[5.127553191489362,5.114893617021278],"environmentScore":[7.5640425531914905,7.58648936170213],"socialScore":[9.61404255319149,9.621063829787236]}}],"error":null}}}