{"update_time":"2025-05-14 12:52:23.701775","data":{"esgChart":{"result":[{"peerGroup":"US Fund China Region","symbolSeries":{"timestamp":[1517443200,1519862400,1522540800,1525132800,1527811200,1530403200,1533081600,1535760000,1538352000,1541030400,1543622400,1546300800],"esgScore":[39.25,39.11,39.0,38.91,39.02,39.01,38.86,38.82,39.26,39.28,39.58,39.61],"governanceScore":[39.63,39.27,38.93,38.8,38.79,38.79,38.99,38.3,38.75,38.78,39.72,39.82],"environmentScore":[43.82,43.17,43.61,43.12,43.15,43.15,43.3,43.87,45.07,45.16,44.47,44.57],"socialScore":[44.6,44.04,44.06,43.75,43.72,43.7,43.3,43.42,44.79,44.83,44.59,44.75]},"peerSeries":{"timestamp":[1517443200,1519862400,1522540800,1525132800,1527811200,1530403200,1533081600,1535760000,1538352000,1541030400,1543622400,1546300800],"esgScore":[42.07333333333333,41.75137931034482,41.69448275862068,41.60386363636363,41.46584269662922,41.29741935483872,41.76284090909092,42.082650602409664,42.4405194805195,42.10285714285719,41.734468085106414,41.73829787234042],"governanceScore":[44.50482758620689,44.31068965517241,44.31597701149424,44.275568181818194,44.15404494382022,43.11741935483869,43.363181818181815,44.24096385542169,44.45012987012987,44.056428571428576,43.61074468085107,43.44734042553192],"environmentScore":[47.67149425287357,47.5293103448276,47.35103448275863,47.30181818181818,47.210674157303394,46.168064516129064,46.534772727272745,47.90397590361445,48.20415584415585,47.96869047619049,47.40404255319147,47.17159574468084],"socialScore":[46.786666666666676,46.5009195402299,46.31666666666667,46.21022727272726,46.08438202247189,45.06182795698924,45.49488636363637,46.787349397590376,47.03025974025977,46.751071428571464,46.51446808510638,46.46468085106381]}}],"error":null}}}