{"update_time":"2025-05-14 12:52:30.077733","data":{"esgChart":{"result":[{"peerGroup":"Steel","symbolSeries":{"timestamp":[1727740800,1730419200],"esgScore":[34.97,34.97],"governanceScore":[0.0,0.0],"environmentScore":[0.0,0.0],"socialScore":[0.0,0.0]},"peerSeries":{"timestamp":[1727740800,1730419200],"esgScore":[37.468,34.34549019607843],"governanceScore":[7.57,5.75],"environmentScore":[9.21,12.178181818181816],"socialScore":[14.69,11.872727272727275]}}],"error":null}}}