{"update_time":"2024-12-04 12:12:59.934988","data":{"esgChart":{"result":[{"peerGroup":"Consumer Durables","symbolSeries":{"timestamp":[1730419200],"esgScore":[13.67],"governanceScore":[4.79],"environmentScore":[1.78],"socialScore":[7.1]},"peerSeries":{"timestamp":[1730419200],"esgScore":[16.831734693877547],"governanceScore":[4.296571428571428],"environmentScore":[4.137428571428571],"socialScore":[7.659428571428571]}}],"error":null}}}