{"update_time":"2025-03-28 13:57:15.614731","data":{"esgChart":{"result":[{"peerGroup":"Consumer Durables","symbolSeries":{"timestamp":[1730419200,1733011200,1735689600,1738368000,1740787200],"esgScore":[13.67,13.67,13.67,13.67,13.67],"governanceScore":[4.79,4.79,4.79,4.79,4.79],"environmentScore":[1.78,1.78,1.78,1.78,1.78],"socialScore":[7.1,7.1,7.1,7.1,7.1]},"peerSeries":{"timestamp":[1730419200,1733011200,1735689600,1738368000,1740787200],"esgScore":[16.831734693877547,17.01587628865979,17.242315789473675,17.331157894736837,17.3198947368421],"governanceScore":[4.296571428571428,4.228571428571429,4.231142857142856,4.251142857142857,4.325277777777777],"environmentScore":[4.137428571428571,4.166857142857142,4.2137142857142855,4.2137142857142855,4.33138888888889],"socialScore":[7.659428571428571,7.660857142857143,7.6902857142857135,7.680285714285713,7.765833333333331]}}],"error":null}}}