{"update_time":"2024-12-19 12:16:20.931778","data":{"esgChart":{"result":[{"peerGroup":"Consumer Durables","symbolSeries":{"timestamp":[1730419200,1733011200],"esgScore":[13.67,13.67],"governanceScore":[4.79,4.79],"environmentScore":[1.78,1.78],"socialScore":[7.1,7.1]},"peerSeries":{"timestamp":[1730419200,1733011200],"esgScore":[16.831734693877547,17.01587628865979],"governanceScore":[4.296571428571428,4.228571428571429],"environmentScore":[4.137428571428571,4.166857142857142],"socialScore":[7.659428571428571,7.660857142857143]}}],"error":null}}}