{"update_time":"2024-12-19 12:16:21.083394","data":{"esgChart":{"result":[{"peerGroup":"Diversified Metals","symbolSeries":{"timestamp":[1730419200,1733011200],"esgScore":[26.3,26.3],"governanceScore":[3.11,3.11],"environmentScore":[12.35,12.35],"socialScore":[10.84,10.84]},"peerSeries":{"timestamp":[1730419200,1733011200],"esgScore":[37.42411764705881,37.63224999999998],"governanceScore":[5.9679629629629645,5.966607142857144],"environmentScore":[14.932962962962959,15.219285714285713],"socialScore":[11.432592592592588,11.48892857142857]}}],"error":null}}}