{"update_time":"2024-12-04 12:12:59.980627","data":{"esgChart":{"result":[{"peerGroup":"Diversified Metals","symbolSeries":{"timestamp":[1730419200],"esgScore":[26.3],"governanceScore":[3.11],"environmentScore":[12.35],"socialScore":[10.84]},"peerSeries":{"timestamp":[1730419200],"esgScore":[37.42411764705881],"governanceScore":[5.9679629629629645],"environmentScore":[14.932962962962959],"socialScore":[11.432592592592588]}}],"error":null}}}