{"update_time":"2025-11-04 13:37:22.785410","data":{"esgChart":{"result":[{"peerGroup":"Commercial Services","symbolSeries":{"timestamp":[1727740800,1730419200,1733011200,1735689600,1738368000,1740787200,1743465600,1746057600,1748736000,1751328000,1754006400,1756684800,1759276800],"esgScore":[23.73,23.76,23.76,23.76,23.76,23.76,23.76,23.76,23.76,23.76,23.76,23.76,23.76],"governanceScore":[0.0,0.0,0.0,0.0,0.0,0.0,0.0,0.0,0.0,0.0,0.0,0.0,0.0],"environmentScore":[0.0,0.0,0.0,0.0,0.0,0.0,0.0,0.0,0.0,0.0,0.0,0.0,0.0],"socialScore":[0.0,0.0,0.0,0.0,0.0,0.0,0.0,0.0,0.0,0.0,0.0,0.0,0.0]},"peerSeries":{"timestamp":[1727740800,1730419200,1733011200,1735689600,1738368000,1740787200,1743465600,1746057600,1748736000,1751328000,1754006400,1756684800,1759276800],"esgScore":[20.166000000000007,17.10367441860465,17.402232558139538,17.466572769953054,17.53452830188679,17.5382380952381,17.553636363636365,17.590000000000007,17.58570048309179,17.76891625615764,17.633197969543147,17.667727272727276,17.46777777777778],"governanceScore":[3.901666666666667,4.026956521739131,3.9688405797101454,3.9461764705882367,4.001304347826087,3.9895652173913048,3.9695652173913047,3.9497101449275367,3.943188405797102,3.9414925373134326,3.9499999999999997,3.9440298507462677,3.8127941176470594],"environmentScore":[4.173333333333333,2.467971014492754,2.640724637681159,2.7095588235294112,2.678115942028985,2.6424637681159413,2.6079710144927533,2.5500000000000003,2.521159420289855,2.416268656716418,2.4188059701492537,2.411492537313433,2.4804411764705874],"socialScore":[9.865,9.374637681159424,9.410289855072467,9.39720588235294,9.450724637681159,9.450724637681159,9.41463768115942,9.358840579710145,9.430434782608694,9.480447761194029,9.599104477611938,9.617910447761192,9.362205882352939]}}],"error":null}}}