{"update_time":"2023-12-04 14:50:51.453576","data":{"esgChart":{"result":[{"peerGroup":"Canada Fund Precious Metals Equity","symbolSeries":{"timestamp":[1517443200,1519862400,1522540800,1525132800,1527811200,1530403200,1533081600,1535760000,1538352000,1541030400],"esgScore":[51.38,51.32,50.72,50.5,51.07,51.07,51.53,51.63,51.63,51.3],"governanceScore":[52.66,52.87,52.62,52.17,51.54,51.54,52.47,52.66,52.66,52.55],"environmentScore":[50.01,49.72,49.41,49.33,49.89,49.89,50.86,50.86,50.86,51.44],"socialScore":[51.55,51.56,50.65,50.54,51.7,51.7,51.28,51.46,51.46,50.17]},"peerSeries":{"timestamp":[1517443200,1519862400,1522540800,1525132800,1527811200,1530403200,1533081600,1535760000,1538352000,1541030400],"esgScore":[43.635,43.48,43.20100000000001,43.312,43.778999999999996,43.852,45.64888888888889,45.68124999999999,44.72333333333333,44.967777777777776],"governanceScore":[50.766999999999996,50.754000000000005,50.63000000000001,50.440000000000005,50.076,50.092,51.55777777777777,51.68625,51.15555555555556,51.33111111111111],"environmentScore":[48.19500000000001,47.89,47.546,47.583,48.101000000000006,48.144999999999996,50.43333333333333,50.55125,49.958888888888886,50.236666666666665],"socialScore":[49.745999999999995,49.535000000000004,48.948,49.124,50.010999999999996,50.105999999999995,51.36555555555555,51.56999999999999,50.96666666666667,50.75555555555556]}}],"error":null}}}