{"update_time":"2023-12-26 17:42:53.750967","data":{"esgChart":{"result":[{"peerGroup":"US CE World Large Stock","symbolSeries":{"timestamp":[1517443200,1519862400,1522540800,1525132800,1527811200,1530403200,1533081600,1535760000,1538352000,1541030400,1543622400,1546300800],"esgScore":[56.15,56.44,56.02,56.64,56.59,56.27,55.91,55.88,55.79,55.19,55.4,55.39],"governanceScore":[55.25,55.38,55.52,56.01,55.85,55.75,55.2,54.77,55.4,54.67,54.74,55.05],"environmentScore":[56.22,56.49,56.59,57.26,57.15,56.75,56.59,56.42,56.28,55.87,56.21,56.03],"socialScore":[55.75,56.09,55.87,56.23,56.28,56.16,55.85,55.6,55.42,54.8,54.94,54.96]},"peerSeries":{"timestamp":[1517443200,1519862400,1522540800,1525132800,1527811200,1530403200,1533081600,1535760000,1538352000,1541030400,1543622400,1546300800],"esgScore":[47.465,47.432500000000005,47.235,47.1425,46.94,46.94,47.2475,47.542500000000004,47.515,47.51,44.29200000000001,44.288000000000004],"governanceScore":[52.38999999999999,52.2525,52.4925,52.175,52.21,52.21,52.404999999999994,52.75,52.6325,52.7625,50.33200000000001,50.138],"environmentScore":[54.4,54.5475,54.63,54.724999999999994,54.5625,54.5625,55.02,55.305,55.3875,55.394999999999996,53.05800000000001,52.79],"socialScore":[53.387499999999996,53.605,53.637499999999996,53.74249999999999,53.495000000000005,53.495000000000005,53.207499999999996,53.07749999999999,53.115,53.5625,51.926,51.884]}}],"error":null}}}