{"update_time":"2025-05-14 12:53:42.028031","data":{"esgChart":{"result":[{"peerGroup":"Insurance","symbolSeries":{"timestamp":[1746057600],"esgScore":[29.36],"governanceScore":[0.0],"environmentScore":[0.0],"socialScore":[0.0]},"peerSeries":{"timestamp":[1746057600],"esgScore":[23.1463440860215],"governanceScore":[9.23479338842975],"environmentScore":[1.2843801652892561],"socialScore":[9.874049586776861]}}],"error":null}}}