{"update_time":"2025-08-25 20:26:47.367196","data":{"esgChart":{"result":[{"peerGroup":"Insurance","symbolSeries":{"timestamp":[1746057600,1748736000,1751328000,1754006400],"esgScore":[29.36,29.36,29.36,29.36],"governanceScore":[0.0,0.0,0.0,0.0],"environmentScore":[0.0,0.0,0.0,0.0],"socialScore":[0.0,0.0,0.0,0.0]},"peerSeries":{"timestamp":[1746057600,1748736000,1751328000,1754006400],"esgScore":[23.1463440860215,23.198172043010747,23.333369565217392,23.428440860215062],"governanceScore":[9.23479338842975,9.168429752066112,9.231999999999996,9.28183333333333],"environmentScore":[1.2843801652892561,1.2805785123966944,1.304416666666667,1.3116666666666668],"socialScore":[9.874049586776861,9.880661157024798,9.889250000000006,9.911416666666673]}}],"error":null}}}