{"update_time":"2024-12-19 12:16:28.011132","data":{"esgChart":{"result":[{"peerGroup":"Real Estate","symbolSeries":{"timestamp":[1730419200,1733011200],"esgScore":[22.83,22.83],"governanceScore":[6.38,6.38],"environmentScore":[6.41,6.41],"socialScore":[10.05,10.05]},"peerSeries":{"timestamp":[1730419200,1733011200],"esgScore":[15.647762645914394,15.964171539961017],"governanceScore":[5.357873303167427,5.360818181818187],"environmentScore":[3.6234389140271506,3.686590909090909],"socialScore":[3.8858371040723987,3.885545454545455]}}],"error":null}}}