{"update_time":"2025-11-04 13:38:10.019295","data":{"esgChart":{"result":[{"peerGroup":"Canada Fund Canadian Small/Mid Cap Equity","symbolSeries":{"timestamp":[1517443200,1519862400,1522540800,1525132800,1527811200,1530403200,1533081600,1535760000,1538352000,1541030400],"esgScore":[46.73,45.97,45.42,45.37,45.43,45.43,45.18,45.22,45.22,45.74],"governanceScore":[51.61,51.73,49.56,49.75,49.95,49.95,49.79,49.99,49.99,51.34],"environmentScore":[47.15,47.08,47.63,47.43,47.51,47.51,47.43,47.47,47.47,47.02],"socialScore":[46.18,46.2,45.43,45.33,45.31,45.31,45.07,45.05,45.05,46.57]},"peerSeries":{"timestamp":[1517443200,1519862400,1522540800,1525132800,1527811200,1530403200,1533081600,1535760000,1538352000,1541030400],"esgScore":[42.74384615384615,42.886153846153846,42.93615384615385,42.887692307692305,42.92,42.91615384615385,42.69538461538462,42.56923076923077,42.27636363636363,42.462],"governanceScore":[49.082307692307694,49.380769230769225,49.53615384615385,49.70461538461538,49.673846153846156,49.683076923076925,49.62153846153846,49.60307692307693,49.74,49.913],"environmentScore":[43.50615384615384,43.803076923076915,43.966923076923074,43.87538461538462,43.91538461538461,43.881538461538454,43.73846153846154,43.677692307692304,42.660909090909094,43.065999999999995],"socialScore":[44.182307692307695,44.400769230769235,44.48846153846153,44.364615384615384,44.3176923076923,44.301538461538456,44.01923076923077,44.04615384615384,43.77090909090909,44.050000000000004]}}],"error":null}}}