{"update_time":"2025-11-04 13:38:32.838578","data":{"esgChart":{"result":[{"peerGroup":"US CE High Yield Bond","symbolSeries":{"timestamp":[1517443200,1519862400,1522540800,1525132800,1527811200,1530403200,1533081600],"esgScore":[47.75,47.75,47.75,47.75,47.75,47.59,48.31],"governanceScore":[50.0,50.0,50.0,50.0,50.0,49.86,50.17],"environmentScore":[50.45,50.45,50.45,50.45,50.45,50.84,51.02],"socialScore":[50.88,50.88,50.88,50.88,50.88,49.73,50.45]},"peerSeries":{"timestamp":[1517443200,1519862400,1522540800,1525132800,1527811200,1530403200,1533081600],"esgScore":[40.36571428571428,40.28285714285715,40.465,40.46666666666667,40.33,39.878571428571426,40.568],"governanceScore":[49.434285714285714,49.44571428571429,49.801249999999996,49.410000000000004,49.32888888888889,48.99142857142857,49.05400000000001],"environmentScore":[48.43714285714285,48.49999999999999,48.88625,49.143333333333324,48.962222222222216,48.468571428571444,49.622],"socialScore":[48.17,48.21,48.4,48.138888888888886,48.191111111111105,47.042857142857144,48.20399999999999]}}],"error":null}}}