{"update_time":"2024-10-22 13:13:20.293608","data":{"esgChart":{"result":[{"peerGroup":"Banks","symbolSeries":{"timestamp":[1727740800],"esgScore":[27.28],"governanceScore":[0.0],"environmentScore":[0.0],"socialScore":[0.0]},"peerSeries":{"timestamp":[1727740800],"esgScore":[29.565989304812856],"governanceScore":[10.725384615384616],"environmentScore":[2.108461538461538],"socialScore":[10.570000000000002]}}],"error":null}}}