{"update_time":"2024-10-22 13:14:03.608982","data":{"esgChart":{"result":[{"peerGroup":"Oil & Gas Producers","symbolSeries":{"timestamp":[1727740800],"esgScore":[56.81],"governanceScore":[0.0],"environmentScore":[0.0],"socialScore":[0.0]},"peerSeries":{"timestamp":[1727740800],"esgScore":[46.375555555555565],"governanceScore":[7.263333333333333],"environmentScore":[22.41333333333333],"socialScore":[9.233333333333333]}}],"error":null}}}