{"update_time":"2025-11-04 13:39:32.857033","data":{"esgChart":{"result":[{"peerGroup":"Retailing","symbolSeries":{"timestamp":[1754006400,1756684800,1759276800],"esgScore":[27.08,27.08,27.08],"governanceScore":[0.0,0.0,0.0],"environmentScore":[0.0,0.0,0.0],"socialScore":[0.0,0.0,0.0]},"peerSeries":{"timestamp":[1754006400,1756684800,1759276800],"esgScore":[18.53116981132076,18.530265151515152,18.17666666666665],"governanceScore":[4.307416666666665,4.291428571428572,4.2065811965811974],"environmentScore":[3.8180833333333326,3.761764705882353,3.8418803418803424],"socialScore":[8.854333333333331,8.800420168067225,8.4082905982906]}}],"error":null}}}