{"update_time":"2025-08-25 20:28:54.449897","data":{"esgChart":{"result":[{"peerGroup":"Retailing","symbolSeries":{"timestamp":[1754006400],"esgScore":[27.08],"governanceScore":[0.0],"environmentScore":[0.0],"socialScore":[0.0]},"peerSeries":{"timestamp":[1754006400],"esgScore":[18.53116981132076],"governanceScore":[4.307416666666665],"environmentScore":[3.8180833333333326],"socialScore":[8.854333333333331]}}],"error":null}}}