{"update_time":"2025-05-14 12:55:24.677821","data":{"esgChart":{"result":[{"peerGroup":"Diversified Financials","symbolSeries":{"timestamp":[1727740800,1730419200,1733011200,1735689600,1738368000,1740787200,1743465600,1746057600],"esgScore":[26.76,26.76,26.76,26.76,27.09,27.09,27.04,27.04],"governanceScore":[11.22,11.22,11.22,11.22,11.54,11.54,11.71,11.71],"environmentScore":[2.66,2.66,2.66,2.66,2.66,2.66,2.66,2.66],"socialScore":[12.89,12.89,12.89,12.89,12.89,12.89,12.67,12.67]},"peerSeries":{"timestamp":[1727740800,1730419200,1733011200,1735689600,1738368000,1740787200,1743465600,1746057600],"esgScore":[27.30876923076923,23.972808988764058,23.876629213483152,23.837521126760574,23.7646218487395,23.696966292134835,23.842801120448176,23.814844192634563],"governanceScore":[10.350909090909092,9.909254658385091,9.883024691358026,9.851349693251533,9.830545454545454,9.820060240963855,9.915818181818183,9.871058823529411],"environmentScore":[1.6604545454545452,1.5136645962732904,1.5319753086419738,1.536012269938649,1.5576969696969685,1.552108433734939,1.6113939393939383,1.6122352941176457],"socialScore":[10.07090909090909,8.95701863354037,8.920925925925925,8.88687116564417,8.852545454545453,8.899036144578309,8.895939393939388,8.950705882352938]}}],"error":null}}}