{"update_time":"2024-12-08 14:28:15.293044","data":{"esgChart":{"result":[{"peerGroup":"Diversified Financials","symbolSeries":{"timestamp":[1727740800,1730419200],"esgScore":[26.76,26.76],"governanceScore":[11.22,11.22],"environmentScore":[2.66,2.66],"socialScore":[12.89,12.89]},"peerSeries":{"timestamp":[1727740800,1730419200],"esgScore":[27.30876923076923,23.972808988764058],"governanceScore":[10.350909090909092,9.909254658385091],"environmentScore":[1.6604545454545452,1.5136645962732904],"socialScore":[10.07090909090909,8.95701863354037]}}],"error":null}}}