{"update_time":"2025-05-14 12:55:45.230704","data":{"esgChart":{"result":[{"peerGroup":"US CE Preferred Stock","symbolSeries":{"timestamp":[1517443200,1519862400,1522540800,1525132800,1527811200,1530403200,1533081600,1535760000,1538352000,1541030400,1543622400,1546300800,1548979200,1551398400,1554076800,1556668800,1559347200,1561939200,1564617600,1567296000,1569888000,1572566400,1575158400,1577836800,1580515200,1583020800,1585699200,1588291200,1590969600,1593561600,1596240000,1598918400,1601510400,1604188800,1606780800],"esgScore":[50.82,50.7,51.08,51.35,51.02,51.28,51.16,50.91,50.66,50.49,50.56,50.74,null,null,null,null,null,null,null,null,null,null,null,null,null,null,null,null,null,29.3,29.17,29.14,29.03,29.22,29.21],"governanceScore":[53.02,52.97,53.02,53.24,52.95,53.36,53.35,52.81,52.91,52.95,53.19,53.2,null,null,null,null,null,null,null,null,null,null,null,null,null,null,null,null,null,8.18,8.17,8.16,8.13,7.89,7.84],"environmentScore":[49.55,49.34,49.91,50.46,50.29,50.34,50.04,50.19,50.12,50.02,50.21,50.33,null,null,null,null,null,null,null,null,null,null,null,null,null,null,null,null,null,7.41,7.51,7.35,7.47,7.65,7.63],"socialScore":[48.67,48.64,49.09,49.12,48.82,49.14,49.25,48.77,48.3,47.91,47.82,48.07,null,null,null,null,null,null,null,null,null,null,null,null,null,null,null,null,null,10.53,10.5,10.48,10.45,10.45,10.34]},"peerSeries":{"timestamp":[1517443200,1519862400,1522540800,1525132800,1527811200,1530403200,1533081600,1535760000,1538352000,1541030400,1543622400,1546300800,1548979200,1551398400,1554076800,1556668800,1559347200,1561939200,1564617600,1567296000,1569888000,1572566400,1575158400,1577836800,1580515200,1583020800,1585699200,1588291200,1590969600,1593561600,1596240000,1598918400,1601510400,1604188800,1606780800],"esgScore":[44.64846153846153,44.535384615384615,44.58076923076923,44.59615384615385,44.45615384615385,44.54846153846154,44.27923076923077,44.076923076923066,44.059999999999995,43.86083333333334,43.9925,44.12083333333333,null,null,null,null,null,null,null,27.700000000000003,27.717272727272732,29.306363636363642,29.24727272727273,29.229999999999997,29.216,29.129999999999995,28.868571428571432,28.559999999999995,28.68416666666667,28.550000000000008,28.385,28.31916666666667,28.152500000000003,27.98,27.628461538461544],"governanceScore":[52.34076923076923,52.36,52.42384615384614,52.60615384615385,52.52384615384616,52.633846153846164,52.716923076923074,52.442307692307686,52.47076923076923,52.44083333333334,52.82750000000001,52.9075,null,null,null,null,null,null,null,10.495000000000001,10.700000000000001,9.80181818181818,9.698181818181817,9.594,9.520000000000001,9.469,10.008571428571427,10.161250000000003,9.636666666666668,9.653333333333334,9.595000000000002,9.484166666666667,9.425833333333332,9.221666666666668,9.184615384615386],"environmentScore":[55.20153846153846,55.09307692307691,55.34923076923077,55.93923076923076,55.79384615384615,55.80615384615385,55.587692307692315,55.49769230769232,55.49923076923077,55.17583333333332,55.125,55.07333333333333,null,null,null,null,null,null,null,4.225,4.100909090909091,4.579090909090909,4.5645454545454545,4.768000000000001,4.781000000000001,4.7090000000000005,3.471428571428571,3.3112500000000002,4.409166666666667,4.353333333333333,4.386666666666667,4.339166666666666,4.399166666666667,4.445833333333334,4.360769230769231],"socialScore":[49.50307692307693,49.46307692307693,49.650000000000006,49.82,49.70846153846154,49.801538461538456,49.49538461538462,49.209230769230764,49.063076923076935,48.8775,48.73583333333334,48.83333333333332,null,null,null,null,null,null,null,9.455,9.362727272727273,11.381818181818181,11.247272727272728,11.164000000000001,11.107,11.128000000000002,11.208571428571428,11.39125,11.066666666666665,11.004166666666665,10.935833333333333,10.881666666666668,10.813333333333334,10.676666666666668,10.476153846153846]}}],"error":null}}}