{"update_time":"2024-12-08 14:28:43.441767","data":{"esgChart":{"result":[{"peerGroup":"Energy Services","symbolSeries":{"timestamp":[1727740800,1730419200],"esgScore":[32.6,32.6],"governanceScore":[0.0,0.0],"environmentScore":[0.0,0.0],"socialScore":[0.0,0.0]},"peerSeries":{"timestamp":[1727740800,1730419200],"esgScore":[28.344285714285714,26.053661971830977],"governanceScore":[5.44,6.088333333333332],"environmentScore":[7.3,9.1925],"socialScore":[6.39,7.949583333333333]}}],"error":null}}}