{"update_time":"2025-11-04 13:40:31.964974","data":{"esgChart":{"result":[{"peerGroup":"US CE Health","symbolSeries":{"timestamp":[1517443200,1519862400,1522540800,1525132800,1527811200,1530403200,1533081600,1535760000,1538352000,1541030400,1543622400,1546300800,1548979200,1551398400,1554076800,1556668800,1559347200,1561939200,1564617600,1567296000,1569888000,1572566400,1575158400,1577836800,1580515200,1583020800,1585699200,1588291200,1590969600,1593561600,1596240000,1598918400,1601510400,1604188800,1606780800],"esgScore":[50.22,50.22,48.63,48.63,48.63,49.16,49.16,49.16,49.98,49.98,50.47,50.47,null,null,null,null,null,null,null,null,null,null,null,null,null,null,null,null,null,26.64,27.39,27.5,27.33,27.59,27.45],"governanceScore":[50.74,50.74,49.7,49.7,49.7,49.76,49.76,49.76,50.1,50.1,52.35,52.35,null,null,null,null,null,null,null,null,null,null,null,null,null,null,null,null,null,6.38,6.16,6.11,6.12,5.99,5.86],"environmentScore":[53.68,53.68,52.64,52.64,52.64,53.43,53.43,53.43,55.44,55.44,54.72,54.72,null,null,null,null,null,null,null,null,null,null,null,null,null,null,null,null,null,0.31,0.31,0.31,0.31,0.34,0.32],"socialScore":[52.32,52.32,51.41,51.41,51.41,51.61,51.61,51.61,52.19,52.19,52.1,52.1,null,null,null,null,null,null,null,null,null,null,null,null,null,null,null,null,null,12.63,12.49,12.4,12.21,11.93,11.84]},"peerSeries":{"timestamp":[1517443200,1519862400,1522540800,1525132800,1527811200,1530403200,1533081600,1535760000,1538352000,1541030400,1543622400,1546300800,1548979200,1551398400,1554076800,1556668800,1559347200,1561939200,1564617600,1567296000,1569888000,1572566400,1575158400,1577836800,1580515200,1583020800,1585699200,1588291200,1590969600,1593561600,1596240000,1598918400,1601510400,1604188800,1606780800],"esgScore":[46.278333333333336,46.373333333333335,45.36333333333334,45.35333333333333,45.416666666666664,45.788333333333334,45.788333333333334,45.71666666666667,46.11428571428571,46.11428571428571,45.917142857142856,45.74714285714286,null,null,null,null,null,null,null,28.71666666666667,28.305714285714288,27.722857142857144,27.58142857142857,27.442857142857143,27.684285714285718,27.797142857142855,27.24285714285714,27.140000000000004,26.907142857142855,26.59,26.981428571428573,26.832,26.648000000000003,26.53,26.297999999999995],"governanceScore":[51.94166666666666,52.00333333333333,51.56,51.58166666666667,51.553333333333335,51.55833333333334,51.55833333333334,51.59166666666667,52.15571428571429,52.15571428571429,53.21142857142858,53.04571428571429,null,null,null,null,null,null,null,8.236666666666666,7.831428571428573,7.611428571428571,7.574285714285714,7.521428571428572,7.724285714285713,7.1414285714285715,7.250000000000001,7.292857142857143,7.264285714285714,7.147142857142858,6.991428571428571,7.176,7.144,7.1579999999999995,7.008],"environmentScore":[54.505,54.59666666666667,54.21333333333334,54.205000000000005,54.19,54.73500000000001,54.73500000000001,54.78666666666666,56.065714285714286,56.065714285714286,55.49571428571429,55.284285714285716,null,null,null,null,null,null,null,1.1333333333333333,1.4800000000000002,1.5114285714285713,1.5057142857142858,1.4471428571428573,1.5057142857142856,1.3914285714285717,1.3985714285714288,1.395714285714286,1.4057142857142857,1.4071428571428573,1.4028571428571428,1.7719999999999998,1.704,1.714,1.6800000000000002],"socialScore":[52.17666666666667,52.203333333333326,51.85833333333333,51.76333333333334,51.80500000000001,52.38166666666666,52.38166666666666,52.346666666666664,52.29,52.29,52.135714285714286,52.24571428571429,null,null,null,null,null,null,null,14.823333333333332,14.171428571428569,13.950000000000001,13.877142857142857,13.761428571428569,13.774285714285714,13.004285714285714,13.185714285714287,13.377142857142857,13.23857142857143,13.012857142857143,12.895714285714286,12.886000000000001,12.66,12.552,12.468]}}],"error":null}}}