{"update_time":"2024-12-04 12:13:10.957008","data":{"esgChart":{"result":[{"peerGroup":"Real Estate","symbolSeries":{"timestamp":[1730419200],"esgScore":[17.82],"governanceScore":[7.37],"environmentScore":[4.08],"socialScore":[6.36]},"peerSeries":{"timestamp":[1730419200],"esgScore":[15.647762645914394],"governanceScore":[5.357873303167427],"environmentScore":[3.6234389140271506],"socialScore":[3.8858371040723987]}}],"error":null}}}