{"update_time":"2024-12-04 12:13:11.005188","data":{"esgChart":{"result":[{"peerGroup":"Consumer Services","symbolSeries":{"timestamp":[1730419200],"esgScore":[14.94],"governanceScore":[5.0],"environmentScore":[0.31],"socialScore":[9.63]},"peerSeries":{"timestamp":[1730419200],"esgScore":[24.887383177570083],"governanceScore":[5.635421686746988],"environmentScore":[6.204698795180725],"socialScore":[10.488795180722889]}}],"error":null}}}