{"update_time":"2025-03-28 13:59:36.958716","data":{"esgChart":{"result":[{"peerGroup":"Consumer Services","symbolSeries":{"timestamp":[1730419200,1733011200,1735689600,1738368000,1740787200],"esgScore":[14.94,14.94,14.94,14.94,14.12],"governanceScore":[5.0,5.0,5.0,5.0,5.16],"environmentScore":[0.31,0.31,0.31,0.31,0.28],"socialScore":[9.63,9.63,9.63,9.63,8.68]},"peerSeries":{"timestamp":[1730419200,1733011200,1735689600,1738368000,1740787200],"esgScore":[24.887383177570083,24.813474178403748,24.84778301886792,24.926009389671357,24.957393364928908],"governanceScore":[5.635421686746988,5.629277108433734,5.584698795180722,5.5863855421686734,5.577831325301204],"environmentScore":[6.204698795180725,6.255542168674702,6.29132530120482,6.294096385542169,6.397469879518073],"socialScore":[10.488795180722889,10.500722891566262,10.521807228915662,10.51879518072289,10.529277108433732]}}],"error":null}}}