{"update_time":"2025-11-04 13:40:51.851129","data":{"esgChart":{"result":[{"peerGroup":"Insurance","symbolSeries":{"timestamp":[1754006400,1756684800,1759276800],"esgScore":[39.38,39.38,39.0],"governanceScore":[0.0,0.0,0.0],"environmentScore":[0.0,0.0,0.0],"socialScore":[0.0,0.0,0.0]},"peerSeries":{"timestamp":[1754006400,1756684800,1759276800],"esgScore":[23.428440860215062,23.28612903225807,22.75733695652173],"governanceScore":[9.28183333333333,9.196583333333331,9.076280991735537],"environmentScore":[1.3116666666666668,1.2845000000000002,1.2428925619834714],"socialScore":[9.911416666666673,9.807583333333337,9.45115702479339]}}],"error":null}}}