{"update_time":"2025-09-02 13:51:08.590060","data":{"esgChart":{"result":[{"peerGroup":"Insurance","symbolSeries":{"timestamp":[1754006400],"esgScore":[39.38],"governanceScore":[0.0],"environmentScore":[0.0],"socialScore":[0.0]},"peerSeries":{"timestamp":[1754006400],"esgScore":[23.428440860215062],"governanceScore":[9.28183333333333],"environmentScore":[1.3116666666666668],"socialScore":[9.911416666666673]}}],"error":null}}}