{"update_time":"2024-10-22 13:25:15.156365","data":{"esgChart":{"result":[{"peerGroup":"Consumer Services","symbolSeries":{"timestamp":[1727740800],"esgScore":[29.79],"governanceScore":[6.89],"environmentScore":[13.25],"socialScore":[9.65]},"peerSeries":{"timestamp":[1727740800],"esgScore":[26.535555555555558],"governanceScore":[7.6383333333333345],"environmentScore":[4.8025],"socialScore":[11.341666666666667]}}],"error":null}}}