{"update_time":"2025-05-14 12:57:02.502936","data":{"esgChart":{"result":[{"peerGroup":"Banks","symbolSeries":{"timestamp":[1727740800,1730419200,1733011200,1735689600],"esgScore":[28.57,28.57,28.21,28.21],"governanceScore":[0.0,0.0,0.0,0.0],"environmentScore":[0.0,0.0,0.0,0.0],"socialScore":[0.0,0.0,0.0,0.0]},"peerSeries":{"timestamp":[1727740800,1730419200,1733011200,1735689600],"esgScore":[29.64186528497411,26.026034858387803,26.028449781659383,26.076557017543845],"governanceScore":[10.725384615384616,9.488187134502924,9.40505882352941,9.388411764705879],"environmentScore":[2.108461538461538,1.3997660818713453,1.3817058823529411,1.362764705882353],"socialScore":[10.570000000000002,9.820935672514619,9.813294117647057,10.01094117647059]}}],"error":null}}}