{"update_time":"2025-11-04 13:41:42.262814","data":{"esgChart":{"result":[{"peerGroup":"Utilities","symbolSeries":{"timestamp":[1743465600,1746057600,1748736000,1751328000,1754006400,1756684800,1759276800],"esgScore":[35.13,35.13,35.13,35.13,35.13,35.13,34.7],"governanceScore":[0.0,0.0,0.0,0.0,0.0,0.0,0.0],"environmentScore":[0.0,0.0,0.0,0.0,0.0,0.0,0.0],"socialScore":[0.0,0.0,0.0,0.0,0.0,0.0,0.0]},"peerSeries":{"timestamp":[1743465600,1746057600,1748736000,1751328000,1754006400,1756684800,1759276800],"esgScore":[28.96453389830507,29.118777292576418,29.460256410256402,29.324999999999996,29.53952789699569,29.604444444444443,29.10236051502146],"governanceScore":[5.010584415584414,5.0200657894736835,5.034834437086091,5.011788079470196,5.0571523178807904,5.078552631578942,4.834266666666665],"environmentScore":[10.688831168831172,10.732105263157898,10.87476821192053,10.701589403973506,10.751258278145691,10.88151315789473,10.884199999999993],"socialScore":[10.491103896103898,10.604539473684207,10.677880794701986,10.766357615894037,10.868807947019862,10.994013157894733,10.773200000000003]}}],"error":null}}}