{"update_time":"2024-06-26 15:19:44.336477","data":{"esgChart":{"result":[{"peerGroup":"US CE World Large Stock","symbolSeries":{"timestamp":[1517443200,1519862400,1522540800,1525132800,1527811200,1530403200,1533081600,1535760000,1538352000],"esgScore":[59.76,60.17,60.31,59.41,59.73,59.61,59.03,58.84,58.64],"governanceScore":[59.09,59.29,59.31,58.43,58.38,58.45,57.92,58.19,58.04],"environmentScore":[58.19,58.68,58.56,57.9,58.23,58.05,57.52,57.28,57.09],"socialScore":[58.5,58.85,59.26,58.37,58.7,58.66,58.04,57.64,57.53]},"peerSeries":{"timestamp":[1517443200,1519862400,1522540800,1525132800,1527811200,1530403200,1533081600,1535760000,1538352000],"esgScore":[47.465,47.432500000000005,47.235,47.1425,46.94,46.94,47.2475,47.542500000000004,47.515],"governanceScore":[52.38999999999999,52.2525,52.4925,52.175,52.21,52.21,52.404999999999994,52.75,52.6325],"environmentScore":[54.4,54.5475,54.63,54.724999999999994,54.5625,54.5625,55.02,55.305,55.3875],"socialScore":[53.387499999999996,53.605,53.637499999999996,53.74249999999999,53.495000000000005,53.495000000000005,53.207499999999996,53.07749999999999,53.115]}}],"error":null}}}