{"update_time":"2025-02-12 12:26:13.085614","data":{"esgChart":{"result":[{"peerGroup":"Transportation","symbolSeries":{"timestamp":[1727740800,1730419200,1733011200,1735689600,1738368000],"esgScore":[17.31,17.31,17.31,17.31,17.31],"governanceScore":[6.1,6.1,6.1,6.1,6.1],"environmentScore":[5.54,5.54,5.54,5.54,5.54],"socialScore":[5.67,5.67,5.67,5.67,5.67]},"peerSeries":{"timestamp":[1727740800,1730419200,1733011200,1735689600,1738368000],"esgScore":[24.091428571428565,22.98057471264368,23.052080924855492,23.016358381502894,22.978430232558143],"governanceScore":[4.704000000000001,5.127553191489362,5.114893617021278,5.092021276595745,5.082315789473685],"environmentScore":[6.514,7.5640425531914905,7.58648936170213,7.490957446808512,7.454526315789474],"socialScore":[8.556000000000001,9.61404255319149,9.621063829787236,9.630212765957449,9.688421052631579]}}],"error":null}}}