{"update_time":"2024-12-08 14:31:38.193787","data":{"esgChart":{"result":[{"peerGroup":"Transportation","symbolSeries":{"timestamp":[1727740800,1730419200],"esgScore":[17.31,17.31],"governanceScore":[6.1,6.1],"environmentScore":[5.54,5.54],"socialScore":[5.67,5.67]},"peerSeries":{"timestamp":[1727740800,1730419200],"esgScore":[24.091428571428565,22.98057471264368],"governanceScore":[4.704000000000001,5.127553191489362],"environmentScore":[6.514,7.5640425531914905],"socialScore":[8.556000000000001,9.61404255319149]}}],"error":null}}}