{"update_time":"2024-12-04 12:13:17.409350","data":{"esgChart":{"result":[{"peerGroup":"Aerospace & Defense","symbolSeries":{"timestamp":[1730419200],"esgScore":[23.62],"governanceScore":[3.37],"environmentScore":[7.69],"socialScore":[12.56]},"peerSeries":{"timestamp":[1730419200],"esgScore":[32.22622950819671],"governanceScore":[5.868750000000001],"environmentScore":[8.670999999999998],"socialScore":[14.9845]}}],"error":null}}}