{"update_time":"2024-12-19 12:16:46.749100","data":{"esgChart":{"result":[{"peerGroup":"Aerospace & Defense","symbolSeries":{"timestamp":[1730419200,1733011200],"esgScore":[23.62,23.62],"governanceScore":[3.37,3.37],"environmentScore":[7.69,7.69],"socialScore":[12.56,12.56]},"peerSeries":{"timestamp":[1730419200,1733011200],"esgScore":[32.22622950819671,32.6855737704918],"governanceScore":[5.868750000000001,5.837500000000001],"environmentScore":[8.670999999999998,8.938999999999998],"socialScore":[14.9845,15.023999999999997]}}],"error":null}}}