{"update_time":"2025-03-04 17:19:33.342142","data":{"esgChart":{"result":[{"peerGroup":"Aerospace & Defense","symbolSeries":{"timestamp":[1730419200,1733011200,1735689600,1738368000],"esgScore":[23.62,23.62,23.62,23.62],"governanceScore":[3.37,3.37,3.37,3.37],"environmentScore":[7.69,7.69,7.69,7.69],"socialScore":[12.56,12.56,12.56,12.56]},"peerSeries":{"timestamp":[1730419200,1733011200,1735689600,1738368000],"esgScore":[32.22622950819671,32.6855737704918,32.90704918032787,32.91213114754098],"governanceScore":[5.868750000000001,5.837500000000001,5.791,5.7844999999999995],"environmentScore":[8.670999999999998,8.938999999999998,9.24225,9.24225],"socialScore":[14.9845,15.023999999999997,15.104999999999999,15.105249999999998]}}],"error":null}}}