{"update_time":"2024-12-04 12:13:17.455944","data":{"esgChart":{"result":[{"peerGroup":"Aerospace & Defense","symbolSeries":{"timestamp":[1730419200],"esgScore":[28.75],"governanceScore":[7.3],"environmentScore":[8.02],"socialScore":[13.43]},"peerSeries":{"timestamp":[1730419200],"esgScore":[32.22622950819671],"governanceScore":[5.868750000000001],"environmentScore":[8.670999999999998],"socialScore":[14.9845]}}],"error":null}}}