{"update_time":"2024-06-26 15:24:27.082688","data":{"esgChart":{"result":[{"peerGroup":"Canada Fund High Yield Fixed Income","symbolSeries":{"timestamp":[1522540800,1525132800],"esgScore":[46.41,46.41],"governanceScore":[49.52,49.52],"environmentScore":[52.27,52.27],"socialScore":[48.12,48.12]},"peerSeries":{"timestamp":[1522540800,1525132800],"esgScore":[39.67,40.23666666666667],"governanceScore":[47.62555555555556,48.474444444444444],"environmentScore":[45.397777777777776,46.01222222222223],"socialScore":[45.34,45.467777777777776]}}],"error":null}}}