{"update_time":"2025-05-14 12:58:01.163595","data":{"esgChart":{"result":[{"peerGroup":"Precious Metals","symbolSeries":{"timestamp":[1730419200,1733011200,1735689600,1738368000,1740787200,1743465600,1746057600],"esgScore":[29.45,29.45,29.45,29.45,29.45,29.45,23.08],"governanceScore":[2.87,2.87,2.87,2.87,2.87,2.87,2.84],"environmentScore":[17.84,17.84,17.84,17.84,17.84,17.84,11.83],"socialScore":[8.74,8.74,8.74,8.74,8.74,8.74,8.42]},"peerSeries":{"timestamp":[1730419200,1733011200,1735689600,1738368000,1740787200,1743465600,1746057600],"esgScore":[32.06808988764045,32.26561797752808,32.322471910112334,32.2235227272727,32.41873563218388,33.10055555555553,32.858295454545434],"governanceScore":[5.057090909090908,5.0992592592592585,5.1285185185185185,5.004339622641509,5.039107142857142,5.182758620689653,5.266271186440679],"environmentScore":[12.458909090909087,12.408888888888885,12.468888888888886,12.378490566037735,12.730178571428567,13.011034482758621,13.201186440677967],"socialScore":[10.650909090909089,10.789814814814811,10.858518518518515,10.744905660377352,11.07839285714285,11.195517241379305,11.597288135593212]}}],"error":null}}}