{"update_time":"2024-12-04 12:13:17.870649","data":{"esgChart":{"result":[{"peerGroup":"Precious Metals","symbolSeries":{"timestamp":[1730419200],"esgScore":[29.45],"governanceScore":[2.87],"environmentScore":[17.84],"socialScore":[8.74]},"peerSeries":{"timestamp":[1730419200],"esgScore":[32.06808988764045],"governanceScore":[5.057090909090908],"environmentScore":[12.458909090909087],"socialScore":[10.650909090909089]}}],"error":null}}}