{"update_time":"2024-10-22 13:33:21.723322","data":{"esgChart":{"result":[{"peerGroup":"Diversified Financials","symbolSeries":{"timestamp":[1727740800],"esgScore":[26.86],"governanceScore":[12.79],"environmentScore":[2.53],"socialScore":[11.54]},"peerSeries":{"timestamp":[1727740800],"esgScore":[27.207460317460317],"governanceScore":[10.350909090909092],"environmentScore":[1.6604545454545452],"socialScore":[10.07090909090909]}}],"error":null}}}