{"update_time":"2025-05-14 12:58:24.323627","data":{"esgChart":{"result":[{"peerGroup":"Homebuilders","symbolSeries":{"timestamp":[1730419200,1733011200,1735689600,1738368000,1740787200,1743465600,1746057600],"esgScore":[20.26,20.26,20.26,20.26,20.26,20.26,22.64],"governanceScore":[0.0,0.0,0.0,0.0,0.0,0.0,0.0],"environmentScore":[0.0,0.0,0.0,0.0,0.0,0.0,0.0],"socialScore":[0.0,0.0,0.0,0.0,0.0,0.0,0.0]},"peerSeries":{"timestamp":[1730419200,1733011200,1735689600,1738368000,1740787200,1743465600,1746057600],"esgScore":[19.33073170731707,19.78609756097561,19.718292682926826,19.798536585365852,19.838780487804875,19.894146341463415,19.94073170731707],"governanceScore":[4.013888888888888,4.009444444444444,4.009444444444444,4.009444444444444,4.009444444444444,3.981666666666666,3.9183333333333326],"environmentScore":[8.293333333333331,8.407777777777776,8.407777777777776,8.407777777777776,8.395555555555553,8.360555555555555,8.365],"socialScore":[5.917777777777777,5.919444444444444,5.919444444444444,5.919444444444444,6.027222222222222,6.002222222222222,6.022222222222222]}}],"error":null}}}