{"update_time":"2024-12-08 14:37:20.220537","data":{"esgChart":{"result":[{"peerGroup":"Industrial Conglomerates","symbolSeries":{"timestamp":[1727740800,1730419200],"esgScore":[56.3,56.3],"governanceScore":[0.0,0.0],"environmentScore":[0.0,0.0],"socialScore":[0.0,0.0]},"peerSeries":{"timestamp":[1727740800,1730419200],"esgScore":[39.72,37.3240625],"governanceScore":[7.16,7.343488372093021],"environmentScore":[10.26,15.374186046511626],"socialScore":[9.71,13.69418604651163]}}],"error":null}}}