{"update_time":"2024-12-17 14:42:23.995515","data":{"esgChart":{"result":[{"peerGroup":"Industrial Conglomerates","symbolSeries":{"timestamp":[1727740800,1730419200,1733011200],"esgScore":[56.3,56.3,56.3],"governanceScore":[0.0,0.0,0.0],"environmentScore":[0.0,0.0,0.0],"socialScore":[0.0,0.0,0.0]},"peerSeries":{"timestamp":[1727740800,1730419200,1733011200],"esgScore":[39.72,37.3240625,37.758593749999996],"governanceScore":[7.16,7.343488372093021,7.357906976744184],"environmentScore":[10.26,15.374186046511626,15.443255813953485],"socialScore":[9.71,13.69418604651163,13.64139534883721]}}],"error":null}}}