{"update_time":"2024-12-08 14:37:22.872370","data":{"esgChart":{"result":[{"peerGroup":"Construction & Engineering","symbolSeries":{"timestamp":[1727740800,1730419200],"esgScore":[37.71,37.71],"governanceScore":[0.0,0.0],"environmentScore":[0.0,0.0],"socialScore":[0.0,0.0]},"peerSeries":{"timestamp":[1727740800,1730419200],"esgScore":[37.54333333333333,33.4324060150376],"governanceScore":[8.24,7.260208333333332],"environmentScore":[11.23,10.69041666666667],"socialScore":[11.32,12.61125]}}],"error":null}}}