{"update_time":"2025-11-04 13:44:30.820060","data":{"esgChart":{"result":[{"peerGroup":"US CE India Equity","symbolSeries":{"timestamp":[1517443200,1519862400,1522540800,1525132800,1527811200,1530403200,1533081600,1535760000,1538352000,1541030400,1543622400,1546300800,1548979200,1551398400,1554076800,1556668800,1559347200,1561939200,1564617600,1567296000,1569888000,1572566400,1575158400,1577836800,1580515200,1583020800,1585699200,1588291200,1590969600,1593561600,1596240000,1598918400,1601510400,1604188800,1606780800],"esgScore":[51.72,51.56,51.56,51.56,51.56,51.56,51.92,51.62,51.4,51.27,51.68,51.66,null,null,null,null,null,null,null,null,null,null,null,null,null,null,null,null,null,26.35,26.46,26.54,26.16,25.64,25.49],"governanceScore":[49.15,49.04,49.04,49.04,49.04,49.04,49.68,49.87,49.83,49.83,51.34,51.72,null,null,null,null,null,null,null,null,null,null,null,null,null,null,null,null,null,7.06,7.06,6.9,6.9,7.02,7.13],"environmentScore":[53.74,53.38,53.38,53.38,53.38,53.38,54.1,53.88,53.83,53.83,55.3,55.34,null,null,null,null,null,null,null,null,null,null,null,null,null,null,null,null,null,4.36,4.25,4.29,4.32,4.15,4.19],"socialScore":[51.47,51.85,51.85,51.85,51.85,51.85,52.7,52.79,52.1,52.33,53.44,53.29,null,null,null,null,null,null,null,null,null,null,null,null,null,null,null,null,null,7.67,7.6,7.37,7.28,6.94,6.99]},"peerSeries":{"timestamp":[1517443200,1519862400,1522540800,1525132800,1527811200,1530403200,1533081600,1535760000,1538352000,1541030400,1543622400,1546300800,1548979200,1551398400,1554076800,1556668800,1559347200,1561939200,1564617600,1567296000,1569888000,1572566400,1575158400,1577836800,1580515200,1583020800,1585699200,1588291200,1590969600,1593561600,1596240000,1598918400,1601510400,1604188800,1606780800],"esgScore":[45.575,45.305,45.305,45.305,44.394999999999996,44.394999999999996,44.67,44.82,44.685,44.519999999999996,44.85,44.945,null,null,null,null,null,null,null,null,27.715,28.705,28.445,28.755,28.595,28.525,27.61,27.48,27.37,27.25,27.27,27.38,27.055,26.825000000000003,26.854999999999997],"governanceScore":[48.915,48.935,48.935,48.935,47.7,47.7,48.019999999999996,48.730000000000004,48.71,48.71,49.695,49.885,null,null,null,null,null,null,null,null,6.73,6.37,6.43,6.38,6.47,6.55,7.33,7.23,7.23,6.83,6.85,6.745,6.9,7.02,7.13],"environmentScore":[51.235,50.900000000000006,50.900000000000006,50.900000000000006,50.965,50.965,51.325,52.465,52.44,52.44,53.11,53.13,null,null,null,null,null,null,null,null,4.29,4.69,4.69,4.65,4.74,4.72,4.6,4.73,4.71,4.4350000000000005,4.35,4.365,4.32,4.15,4.19],"socialScore":[49.32,49.465,49.465,49.465,48.655,48.655,49.08,49.715,49.370000000000005,49.485,49.815,49.739999999999995,null,null,null,null,null,null,null,null,6.7,7.74,7.83,7.77,7.6,7.76,8.05,7.9,7.9,7.42,7.335,7.3149999999999995,7.28,6.94,6.99]}}],"error":null}}}