{"update_time":"2025-03-04 17:23:11.300317","data":{"esgChart":{"result":[{"peerGroup":"Telecommunication Services","symbolSeries":{"timestamp":[1730419200,1733011200,1735689600,1738368000],"esgScore":[18.31,18.31,18.31,20.45],"governanceScore":[3.98,3.98,3.98,0.0],"environmentScore":[6.88,6.88,6.88,0.0],"socialScore":[7.45,7.45,7.45,0.0]},"peerSeries":{"timestamp":[1730419200,1733011200,1735689600,1738368000],"esgScore":[24.555,24.7564,24.688999999999997,24.582277227722766],"governanceScore":[5.281896551724136,5.3772881355932185,5.321355932203388,5.381525423728813],"environmentScore":[4.940172413793102,5.01322033898305,5.045593220338982,5.03593220338983],"socialScore":[10.787413793103452,10.901016949152545,11.034576271186442,11.12406779661017]}}],"error":null}}}