{"update_time":"2025-05-14 12:59:55.873653","data":{"esgChart":{"result":[{"peerGroup":"Pharmaceuticals","symbolSeries":{"timestamp":[1727740800,1730419200,1733011200,1735689600,1738368000,1740787200,1743465600,1746057600],"esgScore":[32.38,32.38,32.38,32.38,32.38,32.38,32.38,32.38],"governanceScore":[0.0,0.0,0.0,0.0,0.0,0.0,0.0,0.0],"environmentScore":[0.0,0.0,0.0,0.0,0.0,0.0,0.0,0.0],"socialScore":[0.0,0.0,0.0,0.0,0.0,0.0,0.0,0.0]},"peerSeries":{"timestamp":[1727740800,1730419200,1733011200,1735689600,1738368000,1740787200,1743465600,1746057600],"esgScore":[28.313461538461517,27.172400793650795,27.936449704142003,28.057075098814227,28.16109126984127,28.43976047904193,28.698548707753503,28.735040485829977],"governanceScore":[6.1897222222222235,6.379929577464789,6.366111111111112,6.294027777777778,6.281608391608393,6.212430555555556,6.198620689655174,6.1139864864864855],"environmentScore":[1.6988888888888891,2.1654929577464794,2.2250000000000005,2.303958333333333,2.3278321678321676,2.4882638888888904,2.527034482758622,2.629797297297298],"socialScore":[15.03638888888889,13.70514084507042,13.6425,13.576944444444445,13.622237762237766,13.517708333333339,13.53889655172414,13.485945945945947]}}],"error":null}}}