{"update_time":"2025-11-04 13:45:41.174800","data":{"esgChart":{"result":[{"peerGroup":"Real Estate","symbolSeries":{"timestamp":[1754006400,1756684800,1759276800],"esgScore":[19.45,19.45,19.23],"governanceScore":[0.0,0.0,0.0],"environmentScore":[0.0,0.0,0.0],"socialScore":[0.0,0.0,0.0]},"peerSeries":{"timestamp":[1754006400,1756684800,1759276800],"esgScore":[16.264880000000012,16.33265873015875,16.27384920634922],"governanceScore":[5.48933035714286,5.479821428571431,5.472711111111112],"environmentScore":[3.9323214285714276,3.938973214285713,3.9696888888888884],"socialScore":[3.7790624999999984,3.768392857142854,3.756577777777775]}}],"error":null}}}