{"update_time":"2025-09-02 13:56:06.264198","data":{"esgChart":{"result":[{"peerGroup":"Real Estate","symbolSeries":{"timestamp":[1754006400],"esgScore":[19.45],"governanceScore":[0.0],"environmentScore":[0.0],"socialScore":[0.0]},"peerSeries":{"timestamp":[1754006400],"esgScore":[16.264880000000012],"governanceScore":[5.48933035714286],"environmentScore":[3.9323214285714276],"socialScore":[3.7790624999999984]}}],"error":null}}}