{"update_time":"2024-12-04 12:13:18.753528","data":{"esgChart":{"result":[{"peerGroup":"Media","symbolSeries":{"timestamp":[1730419200],"esgScore":[18.26],"governanceScore":[0.0],"environmentScore":[0.0],"socialScore":[0.0]},"peerSeries":{"timestamp":[1730419200],"esgScore":[15.739136690647493],"governanceScore":[6.172542372881355],"environmentScore":[0.5149152542372882],"socialScore":[7.319830508474575]}}],"error":null}}}