{"update_time":"2025-08-25 20:37:04.824652","data":{"esgChart":{"result":[{"peerGroup":"Pharmaceuticals","symbolSeries":{"timestamp":[1748736000,1751328000,1754006400],"esgScore":[38.47,38.47,38.47],"governanceScore":[0.0,0.0,0.0],"environmentScore":[0.0,0.0,0.0],"socialScore":[0.0,0.0,0.0]},"peerSeries":{"timestamp":[1748736000,1751328000,1754006400],"esgScore":[28.985785288270392,29.375306930693093,29.51563492063495],"governanceScore":[6.1419999999999995,6.09472972972973,6.0218367346938795],"environmentScore":[2.6907333333333336,2.778108108108109,2.8656462585034013],"socialScore":[13.452733333333335,13.475810810810813,13.43047619047619]}}],"error":null}}}