{"update_time":"2025-09-02 13:56:54.545433","data":{"esgChart":{"result":[{"peerGroup":"Banks","symbolSeries":{"timestamp":[1754006400],"esgScore":[36.11],"governanceScore":[0.0],"environmentScore":[0.0],"socialScore":[0.0]},"peerSeries":{"timestamp":[1754006400],"esgScore":[26.718928571428563],"governanceScore":[9.04630952380952],"environmentScore":[1.243690476190476],"socialScore":[10.260654761904764]}}],"error":null}}}