{"update_time":"2025-11-04 13:46:27.165657","data":{"esgChart":{"result":[{"peerGroup":"Banks","symbolSeries":{"timestamp":[1754006400,1756684800,1759276800],"esgScore":[36.11,36.11,36.11],"governanceScore":[0.0,0.0,0.0],"environmentScore":[0.0,0.0,0.0],"socialScore":[0.0,0.0,0.0]},"peerSeries":{"timestamp":[1754006400,1756684800,1759276800],"esgScore":[26.718928571428563,26.631636771300446,26.003497757847516],"governanceScore":[9.04630952380952,8.972366863905322,8.46464705882353],"environmentScore":[1.243690476190476,1.2340828402366861,1.1572941176470588],"socialScore":[10.260654761904764,10.24011834319527,9.60611764705882]}}],"error":null}}}