{"update_time":"2024-12-04 12:13:24.101469","data":{"esgChart":{"result":[{"peerGroup":"Software & Services","symbolSeries":{"timestamp":[1730419200],"esgScore":[17.5],"governanceScore":[5.15],"environmentScore":[1.21],"socialScore":[11.15]},"peerSeries":{"timestamp":[1730419200],"esgScore":[20.749752066115704],"governanceScore":[5.80553435114504],"environmentScore":[2.9668320610687022],"socialScore":[9.796335877862584]}}],"error":null}}}