{"update_time":"2025-05-14 13:00:59.692367","data":{"esgChart":{"result":[{"peerGroup":"Technology Hardware","symbolSeries":{"timestamp":[1727740800,1730419200,1733011200,1735689600,1738368000],"esgScore":[17.89,17.33,17.33,17.33,17.33],"governanceScore":[0.0,0.0,0.0,0.0,0.0],"environmentScore":[0.0,0.0,0.0,0.0,0.0],"socialScore":[0.0,0.0,0.0,0.0,0.0]},"peerSeries":{"timestamp":[1727740800,1730419200,1733011200,1735689600,1738368000],"esgScore":[15.827105263157902,15.839243697478981,15.97586497890294,16.079411764705867,16.28644067796609],"governanceScore":[4.245,4.913255813953486,4.916235294117645,4.899999999999998,4.933218390804596],"environmentScore":[1.957222222222222,3.148139534883721,3.251882352941176,3.3526744186046504,3.5152873563218376],"socialScore":[4.912222222222223,5.26174418604651,5.219764705882351,5.197325581395348,5.23896551724138]}}],"error":null}}}