{"update_time":"2025-11-04 13:47:29.332683","data":{"esgChart":{"result":[{"peerGroup":"Technology Hardware","symbolSeries":{"timestamp":[1754006400,1756684800,1759276800],"esgScore":[25.06,28.53,28.53],"governanceScore":[0.0,0.0,0.0],"environmentScore":[0.0,0.0,0.0],"socialScore":[0.0,0.0,0.0]},"peerSeries":{"timestamp":[1754006400,1756684800,1759276800],"esgScore":[17.055041666666668,17.075850622406637,16.85983333333333],"governanceScore":[4.765543478260867,4.759560439560437,4.490111111111109],"environmentScore":[4.501956521739129,4.678351648351648,4.706111111111111],"socialScore":[5.3193478260869576,5.285824175824177,5.064111111111114]}}],"error":null}}}