{"update_time":"2025-09-02 13:58:01.303423","data":{"esgChart":{"result":[{"peerGroup":"Technology Hardware","symbolSeries":{"timestamp":[1754006400],"esgScore":[25.06],"governanceScore":[0.0],"environmentScore":[0.0],"socialScore":[0.0]},"peerSeries":{"timestamp":[1754006400],"esgScore":[17.055041666666668],"governanceScore":[4.765543478260867],"environmentScore":[4.501956521739129],"socialScore":[5.3193478260869576]}}],"error":null}}}