{"update_time":"2024-12-04 12:13:24.461674","data":{"esgChart":{"result":[{"peerGroup":"Healthcare","symbolSeries":{"timestamp":[1730419200],"esgScore":[33.47],"governanceScore":[0.0],"environmentScore":[0.0],"socialScore":[0.0]},"peerSeries":{"timestamp":[1730419200],"esgScore":[23.63607142857143],"governanceScore":[6.38878260869565],"environmentScore":[2.653217391304347],"socialScore":[12.468869565217396]}}],"error":null}}}