{"update_time":"2025-08-25 20:39:11.896725","data":{"esgChart":{"result":[{"peerGroup":"Diversified Financials","symbolSeries":{"timestamp":[1751328000,1754006400],"esgScore":[23.26,23.26],"governanceScore":[9.67,9.67],"environmentScore":[0.24,0.24],"socialScore":[13.35,13.35]},"peerSeries":{"timestamp":[1751328000,1754006400],"esgScore":[23.62831932773108,23.593249999999994],"governanceScore":[9.711705882352943,9.717816091954022],"environmentScore":[1.6129411764705868,1.659195402298849],"socialScore":[8.897882352941176,8.971666666666666]}}],"error":null}}}