{"update_time":"2024-12-19 12:18:21.803887","data":{"esgChart":{"result":[{"peerGroup":"Real Estate","symbolSeries":{"timestamp":[1730419200,1733011200],"esgScore":[16.01,16.01],"governanceScore":[4.59,4.59],"environmentScore":[6.45,6.45],"socialScore":[4.97,4.97]},"peerSeries":{"timestamp":[1730419200,1733011200],"esgScore":[15.647762645914394,15.964171539961017],"governanceScore":[5.357873303167427,5.360818181818187],"environmentScore":[3.6234389140271506,3.686590909090909],"socialScore":[3.8858371040723987,3.885545454545455]}}],"error":null}}}