{"update_time":"2024-12-17 14:58:20.195020","data":{"esgChart":{"result":[{"peerGroup":"Media","symbolSeries":{"timestamp":[1727740800,1730419200,1733011200],"esgScore":[19.68,20.07,20.07],"governanceScore":[10.59,10.86,10.86],"environmentScore":[0.43,0.43,0.43],"socialScore":[8.66,8.78,8.78]},"peerSeries":{"timestamp":[1727740800,1730419200,1733011200],"esgScore":[17.343111111111114,15.739136690647493,15.70535714285715],"governanceScore":[7.385999999999999,6.172542372881355,6.1804999999999986],"environmentScore":[0.6713333333333332,0.5149152542372882,0.5151666666666668],"socialScore":[8.384666666666666,7.319830508474575,7.3501666666666665]}}],"error":null}}}