{"update_time":"2024-12-08 14:45:44.578825","data":{"esgChart":{"result":[{"peerGroup":"Media","symbolSeries":{"timestamp":[1727740800,1730419200],"esgScore":[19.68,20.07],"governanceScore":[10.59,10.86],"environmentScore":[0.43,0.43],"socialScore":[8.66,8.78]},"peerSeries":{"timestamp":[1727740800,1730419200],"esgScore":[17.343111111111114,15.739136690647493],"governanceScore":[7.385999999999999,6.172542372881355],"environmentScore":[0.6713333333333332,0.5149152542372882],"socialScore":[8.384666666666666,7.319830508474575]}}],"error":null}}}