{"update_time":"2025-05-14 13:02:45.737082","data":{"esgChart":{"result":[{"peerGroup":"Telecommunication Services","symbolSeries":{"timestamp":[1727740800,1730419200,1733011200,1735689600,1738368000,1740787200,1743465600,1746057600],"esgScore":[24.86,24.86,24.86,24.86,24.86,24.86,24.86,24.86],"governanceScore":[5.68,5.68,5.68,5.68,5.68,5.68,5.68,5.68],"environmentScore":[6.76,6.76,6.76,6.76,6.76,6.76,6.76,6.76],"socialScore":[12.42,12.42,12.42,12.42,12.42,12.42,12.42,12.42]},"peerSeries":{"timestamp":[1727740800,1730419200,1733011200,1735689600,1738368000,1740787200,1743465600,1746057600],"esgScore":[30.16263157894737,24.555,24.7564,24.688999999999997,24.582277227722766,24.56039603960395,24.65169999999999,24.385204081632647],"governanceScore":[6.055,5.281896551724136,5.3772881355932185,5.321355932203388,5.381525423728813,5.36050847457627,5.29017543859649,5.283448275862068],"environmentScore":[5.7316666666666665,4.940172413793102,5.01322033898305,5.045593220338982,5.03593220338983,5.000338983050847,4.977894736842106,4.956724137931034],"socialScore":[12.553333333333335,10.787413793103452,10.901016949152545,11.034576271186442,11.12406779661017,11.132372881355932,11.177368421052632,11.2651724137931]}}],"error":null}}}