{"update_time":"2024-12-08 14:45:58.116161","data":{"esgChart":{"result":[{"peerGroup":"Telecommunication Services","symbolSeries":{"timestamp":[1727740800,1730419200],"esgScore":[24.86,24.86],"governanceScore":[5.68,5.68],"environmentScore":[6.76,6.76],"socialScore":[12.42,12.42]},"peerSeries":{"timestamp":[1727740800,1730419200],"esgScore":[30.16263157894737,24.555],"governanceScore":[6.055,5.281896551724136],"environmentScore":[5.7316666666666665,4.940172413793102],"socialScore":[12.553333333333335,10.787413793103452]}}],"error":null}}}