{"update_time":"2025-03-04 17:27:09.677162","data":{"esgChart":{"result":[{"peerGroup":"Machinery","symbolSeries":{"timestamp":[1730419200,1733011200,1735689600,1738368000],"esgScore":[22.53,22.53,22.53,22.53],"governanceScore":[3.59,3.59,3.59,3.59],"environmentScore":[7.56,7.56,7.56,7.56],"socialScore":[11.38,11.38,11.38,11.38]},"peerSeries":{"timestamp":[1730419200,1733011200,1735689600,1738368000],"esgScore":[26.047604562737625,26.77321969696968,27.151791044776107,27.391152416356864],"governanceScore":[5.495258620689656,5.507777777777777,5.537226890756303,5.534033613445378],"environmentScore":[7.634913793103447,7.945811965811965,8.234453781512604,8.474705882352943],"socialScore":[10.773534482758619,10.801965811965811,10.77210084033613,10.717226890756297]}}],"error":null}}}