{"update_time":"2024-12-04 12:13:26.300997","data":{"esgChart":{"result":[{"peerGroup":"Machinery","symbolSeries":{"timestamp":[1730419200],"esgScore":[22.53],"governanceScore":[3.59],"environmentScore":[7.56],"socialScore":[11.38]},"peerSeries":{"timestamp":[1730419200],"esgScore":[26.047604562737625],"governanceScore":[5.495258620689656],"environmentScore":[7.634913793103447],"socialScore":[10.773534482758619]}}],"error":null}}}