{"update_time":"2025-09-02 14:01:12.719266","data":{"esgChart":{"result":[{"peerGroup":"Pharmaceuticals","symbolSeries":{"timestamp":[1754006400],"esgScore":[37.77],"governanceScore":[0.0],"environmentScore":[0.0],"socialScore":[0.0]},"peerSeries":{"timestamp":[1754006400],"esgScore":[29.51563492063495],"governanceScore":[6.0218367346938795],"environmentScore":[2.8656462585034013],"socialScore":[13.43047619047619]}}],"error":null}}}