{"update_time":"2025-11-04 13:50:38.274251","data":{"esgChart":{"result":[{"peerGroup":"US Fund Japan Stock","symbolSeries":{"timestamp":[1517443200,1519862400,1522540800,1525132800,1527811200,1530403200,1533081600,1535760000,1538352000,1541030400,1543622400,1546300800],"esgScore":[51.67,51.73,51.83,51.76,51.81,51.84,51.81,51.82,51.75,51.88,51.72,51.72],"governanceScore":[47.32,47.46,47.56,47.42,47.45,47.46,47.35,47.17,46.94,46.99,46.93,47.05],"environmentScore":[55.39,55.49,55.54,55.48,55.55,55.56,55.82,55.91,55.94,56.09,55.97,55.81],"socialScore":[52.66,52.67,52.7,52.79,52.76,52.8,52.72,52.72,52.72,52.81,52.69,52.61]},"peerSeries":{"timestamp":[1517443200,1519862400,1522540800,1525132800,1527811200,1530403200,1533081600,1535760000,1538352000,1541030400,1543622400,1546300800],"esgScore":[47.388250000000006,47.25261904761907,47.14674418604651,46.82866666666666,46.83869565217389,46.81260869565216,46.86111111111112,46.811176470588244,46.73981132075473,46.5945283018868,46.66773584905658,46.66509433962264],"governanceScore":[44.46674999999998,44.70928571428572,44.81232558139535,44.65733333333335,44.6445652173913,44.63630434782608,44.474666666666664,44.77882352941175,44.763396226415075,44.86905660377357,44.95188679245283,45.01905660377359],"environmentScore":[52.99499999999999,53.08285714285712,53.13232558139535,52.975777777777786,53.04108695652174,53.02326086956521,53.327777777777776,53.46980392156862,53.408301886792465,53.59773584905659,53.62773584905661,53.61924528301886],"socialScore":[50.01025,49.969761904761896,50.023488372093006,50.1082222222222,50.175000000000004,50.15065217391305,50.24355555555556,50.317647058823496,50.29735849056602,50.40226415094338,50.44264150943396,50.453396226415066]}}],"error":null}}}