{"update_time":"2025-03-28 14:11:53.333671","data":{"esgChart":{"result":[{"peerGroup":"Technology Hardware","symbolSeries":{"timestamp":[1730419200,1733011200,1735689600,1738368000,1740787200],"esgScore":[9.53,9.45,9.45,9.45,9.14],"governanceScore":[3.44,3.47,3.47,3.47,3.15],"environmentScore":[2.8,2.8,2.8,2.8,3.23],"socialScore":[3.29,3.18,3.18,3.18,2.76]},"peerSeries":{"timestamp":[1730419200,1733011200,1735689600,1738368000,1740787200],"esgScore":[15.839243697478981,15.97586497890294,16.079411764705867,16.28644067796609,16.447021276595734],"governanceScore":[4.913255813953486,4.916235294117645,4.899999999999998,4.933218390804596,4.838977272727271],"environmentScore":[3.148139534883721,3.251882352941176,3.3526744186046504,3.5152873563218376,3.7848863636363643],"socialScore":[5.26174418604651,5.219764705882351,5.197325581395348,5.23896551724138,5.298295454545454]}}],"error":null}}}