{"update_time":"2024-12-04 12:13:26.720593","data":{"esgChart":{"result":[{"peerGroup":"Technology Hardware","symbolSeries":{"timestamp":[1730419200],"esgScore":[9.53],"governanceScore":[3.44],"environmentScore":[2.8],"socialScore":[3.29]},"peerSeries":{"timestamp":[1730419200],"esgScore":[15.839243697478981],"governanceScore":[4.913255813953486],"environmentScore":[3.148139534883721],"socialScore":[5.26174418604651]}}],"error":null}}}