{"update_time":"2024-06-26 16:05:31.961849","data":{"esgChart":{"result":[{"peerGroup":"Retailing","symbolSeries":{"timestamp":[1488326400,1491004800,1493596800,1496275200,1498867200,1501545600,1504224000,1506816000,1509494400,1512086400,1514764800,1517443200,1519862400,1522540800,1525132800,1527811200,1530403200,1533081600,1535760000,1538352000,1541030400,1543622400,1546300800,1548979200,1551398400,1554076800,1556668800,1559347200,1561939200,1564617600,1567296000,1569888000,1572566400,1575158400,1577836800,1580515200,1583020800],"esgScore":[43.67,43.67,43.17,43.17,43.17,43.17,43.17,44.63,44.63,44.63,44.63,44.63,44.63,44.63,44.63,44.63,44.63,44.63,44.63,43.02,43.02,43.02,42.02,41.74,41.74,41.74,41.74,41.74,41.74,41.74,41.74,41.74,41.74,24.88,24.91,24.91,24.71],"governanceScore":[54.29,54.29,54.29,54.29,54.29,54.29,54.29,55.99,55.99,55.99,55.99,55.99,55.99,55.99,55.99,55.99,55.99,55.99,55.99,49.55,49.55,49.55,49.55,48.45,48.45,48.45,48.45,48.45,48.45,48.45,48.45,48.45,48.45,8.84,8.87,8.87,8.67],"environmentScore":[38.57,38.57,37.14,37.14,37.14,37.14,37.14,38.0,38.0,38.0,38.0,38.0,38.0,38.0,38.0,38.0,38.0,38.0,38.0,38.0,38.0,38.0,38.0,38.0,38.0,38.0,38.0,38.0,38.0,38.0,38.0,38.0,38.0,7.26,7.26,7.26,7.26],"socialScore":[41.5,41.5,41.5,41.5,41.5,41.5,41.5,43.33,43.33,43.33,43.33,43.33,43.33,43.33,43.33,43.33,43.33,43.33,43.33,43.33,43.33,43.33,40.83,40.83,40.83,40.83,40.83,40.83,40.83,40.83,40.83,40.83,40.83,8.79,8.79,8.79,8.79]},"peerSeries":{"timestamp":[1488326400,1491004800,1493596800,1496275200,1498867200,1501545600,1504224000,1506816000,1509494400,1512086400,1514764800,1517443200,1519862400,1522540800,1525132800,1527811200,1530403200,1533081600,1535760000,1538352000,1541030400,1543622400,1546300800,1548979200,1551398400,1554076800,1556668800,1559347200,1561939200,1564617600,1567296000,1569888000,1572566400,1575158400,1577836800,1580515200,1583020800],"esgScore":[55.284354838709675,55.10935483870968,54.90241935483871,54.90241935483871,54.839516129032255,55.155967741935484,55.01290322580647,54.6283870967742,54.69416666666666,54.6675,54.55850000000001,54.84016666666668,55.26150000000002,55.27916666666668,55.36116666666668,55.51566666666668,54.99676470588238,55.39433333333337,55.6405,55.57899999999998,55.54616666666665,55.37966666666664,55.43066666666664,55.393050847457594,55.41254237288132,55.44916666666665,55.42666666666664,55.4303333333333,55.42499999999996,55.6152542372881,55.67542372881354,55.66389830508472,56.17728813559321,49.937936507936485,17.4965625,17.315079365079363,17.290000000000003],"governanceScore":[64.6358064516129,64.66564516129031,64.45951612903224,64.4448387096774,64.38999999999999,64.89161290322579,64.85919354838708,61.85983870967741,61.98716666666666,61.9355,61.9955,62.10133333333333,62.22599999999999,62.29933333333333,62.38083333333332,62.58333333333333,61.9470588235294,62.47983333333333,62.754999999999995,62.976333333333336,62.828,62.639833333333314,62.67816666666665,62.67457627118642,62.54406779661015,62.25216666666665,62.21983333333333,62.1115,62.086499999999994,62.11033898305084,62.102542372881345,62.060169491525414,62.10830508474575,53.55813559322035,6.206333333333334,6.128813559322034,6.124915254237287],"environmentScore":[51.35532258064516,51.19903225806452,51.171935483870975,51.34241935483872,51.22032258064517,51.50032258064516,51.17806451612903,51.85467741935485,51.87716666666668,51.83900000000002,51.767500000000005,52.1475,52.970499999999994,53.004999999999995,53.21566666666667,53.3455,52.55279411764705,53.13833333333333,53.31283333333333,53.096166666666676,53.081833333333336,53.06116666666667,53.1315,53.03322033898306,53.1406779661017,53.00983333333333,53.06333333333334,53.06333333333334,53.065000000000005,53.49338983050848,53.54915254237288,53.54915254237288,54.38745762711864,44.30118644067795,3.3055,3.2374576271186437,3.232881355932203],"socialScore":[52.87580645161289,52.5566129032258,52.190967741935474,52.05112903225806,52.03516129032258,52.26774193548387,52.21225806451613,52.537419354838676,52.60299999999997,52.60133333333331,52.35333333333332,52.65883333333331,52.91416666666665,52.881666666666646,52.851333333333315,52.99749999999998,52.791470588235285,52.93966666666666,53.230666666666664,53.12916666666667,53.15166666666666,52.87116666666666,52.913666666666664,52.90728813559321,52.9435593220339,53.332333333333345,53.24966666666667,53.32716666666667,53.32716666666667,53.413050847457626,53.519322033898305,53.51711864406779,54.03745762711863,46.539999999999985,8.043833333333335,7.997627118644071,7.979491525423734]}}],"error":null}}}