{"update_time":"2025-11-04 13:51:25.080900","data":{"esgChart":{"result":[{"peerGroup":"US CE High Yield Bond","symbolSeries":{"timestamp":[1522540800,1525132800,1527811200,1530403200],"esgScore":[40.94,41.03,40.5,40.5],"governanceScore":[51.47,51.4,51.06,51.06],"environmentScore":[50.39,50.26,49.87,49.87],"socialScore":[48.59,48.47,48.51,48.51]},"peerSeries":{"timestamp":[1522540800,1525132800,1527811200,1530403200],"esgScore":[40.465,40.46666666666667,40.33,39.878571428571426],"governanceScore":[49.801249999999996,49.410000000000004,49.32888888888889,48.99142857142857],"environmentScore":[48.88625,49.143333333333324,48.962222222222216,48.468571428571444],"socialScore":[48.4,48.138888888888886,48.191111111111105,47.042857142857144]}}],"error":null}}}