{"update_time":"2024-12-04 12:13:26.905426","data":{"esgChart":{"result":[{"peerGroup":"Diversified Financials","symbolSeries":{"timestamp":[1730419200],"esgScore":[16.82],"governanceScore":[4.99],"environmentScore":[2.38],"socialScore":[9.45]},"peerSeries":{"timestamp":[1730419200],"esgScore":[23.972808988764058],"governanceScore":[9.909254658385091],"environmentScore":[1.5136645962732904],"socialScore":[8.95701863354037]}}],"error":null}}}