{"update_time":"2025-11-04 13:52:02.691059","data":{"esgChart":{"result":[{"peerGroup":"US Fund Industrials","symbolSeries":{"timestamp":[1575158400,1577836800,1580515200,1583020800,1585699200,1588291200,1590969600,1593561600,1596240000,1598918400,1601510400,1604188800,1606780800],"esgScore":[23.9,23.94,23.71,23.83,23.79,23.67,23.89,23.83,23.17,23.19,23.19,21.89,21.69],"governanceScore":[8.49,8.51,8.51,8.49,8.5,8.43,8.4,8.43,8.32,8.06,8.06,7.78,7.83],"environmentScore":[3.74,3.75,3.61,3.76,3.68,3.6,3.7,3.58,3.39,3.52,3.53,3.33,3.21],"socialScore":[11.54,11.55,11.44,11.42,11.42,11.45,11.45,11.52,11.18,10.88,10.85,9.97,9.92]},"peerSeries":{"timestamp":[1575158400,1577836800,1580515200,1583020800,1585699200,1588291200,1590969600,1593561600,1596240000,1598918400,1601510400,1604188800,1606780800],"esgScore":[29.118695652173916,29.222826086956523,28.972391304347816,28.18956521739131,28.03565217391305,27.728043478260876,27.71478260869566,27.47,27.414565217391306,27.419318181818177,27.23863636363636,27.520000000000003,27.576222222222224],"governanceScore":[6.808684210526315,6.761749999999997,6.844736842105262,6.568205128205126,6.538157894736841,6.465526315789476,6.486052631578947,6.505000000000001,6.487105263157896,6.381052631578946,6.3980555555555565,6.48810810810811,6.421578947368424],"environmentScore":[7.215263157894737,7.215000000000002,7.2815789473684225,6.675384615384616,6.557631578947367,6.497105263157896,6.474473684210526,6.388947368421052,6.338157894736841,6.406578947368422,6.473333333333334,6.470540540540539,6.38078947368421],"socialScore":[11.777631578947368,11.82675,11.839736842105262,11.510000000000002,11.450000000000003,11.219736842105261,11.190263157894735,11.202368421052633,11.115526315789477,10.930263157894736,10.931944444444445,11.117027027027026,11.067368421052633]}}],"error":null}}}