{"update_time":"2024-06-26 16:10:08.029807","data":{"esgChart":{"result":[{"peerGroup":"US CE Preferred Stock","symbolSeries":{"timestamp":[1517443200,1519862400,1522540800,1525132800,1527811200,1530403200,1533081600,1535760000,1538352000],"esgScore":[56.3,55.51,55.88,56.01,55.73,55.73,56.22,56.05,55.57],"governanceScore":[53.61,53.69,53.87,53.68,53.68,53.68,53.64,53.51,53.45],"environmentScore":[59.86,59.32,59.89,60.3,59.96,59.96,60.21,59.86,60.09],"socialScore":[53.12,53.12,53.4,53.45,53.06,53.06,52.48,52.32,52.08]},"peerSeries":{"timestamp":[1517443200,1519862400,1522540800,1525132800,1527811200,1530403200,1533081600,1535760000,1538352000],"esgScore":[44.64846153846153,44.535384615384615,44.58076923076923,44.59615384615385,44.45615384615385,44.54846153846154,44.27923076923077,44.076923076923066,44.059999999999995],"governanceScore":[52.34076923076923,52.36,52.42384615384614,52.60615384615385,52.52384615384616,52.633846153846164,52.716923076923074,52.442307692307686,52.47076923076923],"environmentScore":[55.20153846153846,55.09307692307691,55.34923076923077,55.93923076923076,55.79384615384615,55.80615384615385,55.587692307692315,55.49769230769232,55.49923076923077],"socialScore":[49.50307692307693,49.46307692307693,49.650000000000006,49.82,49.70846153846154,49.801538461538456,49.49538461538462,49.209230769230764,49.063076923076935]}}],"error":null}}}