{"update_time":"2025-11-04 13:52:15.063187","data":{"esgChart":{"result":[{"peerGroup":"US CE Allocation--50% to 70% Equity","symbolSeries":{"timestamp":[1517443200,1519862400,1522540800,1525132800,1527811200,1530403200,1533081600,1535760000,1538352000],"esgScore":[45.55,45.54,45.6,45.19,45.33,45.33,45.07,44.54,44.44],"governanceScore":[52.91,53.5,53.63,53.55,53.75,53.75,54.0,53.25,52.83],"environmentScore":[48.93,49.27,49.39,49.38,49.57,49.57,49.47,48.48,48.45],"socialScore":[48.44,49.31,49.42,48.92,48.86,48.86,48.4,47.28,46.92]},"peerSeries":{"timestamp":[1517443200,1519862400,1522540800,1525132800,1527811200,1530403200,1533081600,1535760000,1538352000],"esgScore":[47.81,47.77,48.358000000000004,48.06,47.954,48.001999999999995,47.800000000000004,47.148,46.55400000000001],"governanceScore":[53.462,53.474000000000004,53.402,52.89,53.370000000000005,53.448,53.072,52.59799999999999,52.242],"environmentScore":[51.751999999999995,51.742,52.424,52.25599999999999,52.306000000000004,52.288,51.96,51.75,51.31600000000001],"socialScore":[51.46199999999999,51.428,52.11,51.970000000000006,52.294,52.35,51.931999999999995,51.35,50.958]}}],"error":null}}}