{"update_time":"2024-10-22 13:49:40.550897","data":{"esgChart":{"result":[{"peerGroup":"Insurance","symbolSeries":{"timestamp":[1727740800],"esgScore":[38.43],"governanceScore":[0.0],"environmentScore":[0.0],"socialScore":[0.0]},"peerSeries":{"timestamp":[1727740800],"esgScore":[26.80785714285714],"governanceScore":[9.563333333333333],"environmentScore":[1.3683333333333334],"socialScore":[9.084999999999999]}}],"error":null}}}