{"update_time":"2024-12-19 12:18:34.514503","data":{"esgChart":{"result":[{"peerGroup":"Software & Services","symbolSeries":{"timestamp":[1730419200,1733011200],"esgScore":[18.48,18.0],"governanceScore":[4.33,4.33],"environmentScore":[4.0,4.0],"socialScore":[10.15,9.67]},"peerSeries":{"timestamp":[1730419200,1733011200],"esgScore":[20.749752066115704,20.741456953642388],"governanceScore":[5.80553435114504,5.763629343629346],"environmentScore":[2.9668320610687022,2.974131274131274],"socialScore":[9.796335877862584,9.807606177606166]}}],"error":null}}}