{"update_time":"2025-02-13 13:54:32.523379","data":{"esgChart":{"result":[{"peerGroup":"Food Products","symbolSeries":{"timestamp":[1727740800,1730419200,1733011200,1735689600,1738368000],"esgScore":[23.97,23.97,24.29,24.29,24.29],"governanceScore":[4.42,4.42,4.42,4.42,4.42],"environmentScore":[8.95,8.95,8.95,8.95,8.95],"socialScore":[10.6,10.6,10.92,10.92,10.92]},"peerSeries":{"timestamp":[1727740800,1730419200,1733011200,1735689600,1738368000],"esgScore":[34.80869565217392,30.339107142857163,30.482500000000005,30.68071428571428,30.74915178571428],"governanceScore":[4.9390909090909085,5.0987068965517235,5.083448275862067,5.082695652173912,5.087456140350875],"environmentScore":[12.838181818181818,11.703275862068962,11.85215517241379,12.050086956521739,12.077192982456141],"socialScore":[12.215454545454547,11.015603448275856,11.06922413793103,11.020347826086955,10.992456140350876]}}],"error":null}}}