{"update_time":"2024-12-19 12:18:34.956212","data":{"esgChart":{"result":[{"peerGroup":"Transportation","symbolSeries":{"timestamp":[1730419200,1733011200],"esgScore":[21.02,20.35],"governanceScore":[4.8,4.8],"environmentScore":[10.17,9.81],"socialScore":[6.04,5.74]},"peerSeries":{"timestamp":[1730419200,1733011200],"esgScore":[22.98057471264368,23.052080924855492],"governanceScore":[5.127553191489362,5.114893617021278],"environmentScore":[7.5640425531914905,7.58648936170213],"socialScore":[9.61404255319149,9.621063829787236]}}],"error":null}}}