{"update_time":"2024-12-04 12:13:33.083251","data":{"esgChart":{"result":[{"peerGroup":"Diversified Financials","symbolSeries":{"timestamp":[1730419200],"esgScore":[22.02],"governanceScore":[11.9],"environmentScore":[0.75],"socialScore":[9.37]},"peerSeries":{"timestamp":[1730419200],"esgScore":[23.972808988764058],"governanceScore":[9.909254658385091],"environmentScore":[1.5136645962732904],"socialScore":[8.95701863354037]}}],"error":null}}}