{"update_time":"2024-12-19 12:18:36.937329","data":{"esgChart":{"result":[{"peerGroup":"Diversified Financials","symbolSeries":{"timestamp":[1730419200,1733011200],"esgScore":[22.02,22.02],"governanceScore":[11.9,11.9],"environmentScore":[0.75,0.75],"socialScore":[9.37,9.37]},"peerSeries":{"timestamp":[1730419200,1733011200],"esgScore":[23.972808988764058,23.876629213483152],"governanceScore":[9.909254658385091,9.883024691358026],"environmentScore":[1.5136645962732904,1.5319753086419738],"socialScore":[8.95701863354037,8.920925925925925]}}],"error":null}}}