{"update_time":"2024-12-18 12:18:41.690185","data":{"esgChart":{"result":[{"peerGroup":"Food Products","symbolSeries":{"timestamp":[1733011200],"esgScore":[39.24],"governanceScore":[4.35],"environmentScore":[21.13],"socialScore":[13.76]},"peerSeries":{"timestamp":[1733011200],"esgScore":[30.482500000000005],"governanceScore":[5.083448275862067],"environmentScore":[11.85215517241379],"socialScore":[11.06922413793103]}}],"error":null}}}