{"update_time":"2025-05-14 13:06:50.149248","data":{"esgChart":{"result":[{"peerGroup":"Food Products","symbolSeries":{"timestamp":[1733011200,1735689600,1738368000,1740787200,1743465600,1746057600],"esgScore":[39.24,39.28,39.28,39.28,39.34,39.4],"governanceScore":[4.35,4.35,4.35,4.35,4.35,4.35],"environmentScore":[21.13,20.98,20.98,20.98,20.98,20.98],"socialScore":[13.76,13.95,13.95,13.95,14.01,14.07]},"peerSeries":{"timestamp":[1733011200,1735689600,1738368000,1740787200,1743465600,1746057600],"esgScore":[30.482500000000005,30.68071428571428,30.71929203539823,30.78102678571428,30.838616071428568,30.90580357142857],"governanceScore":[5.083448275862067,5.082695652173912,5.075130434782607,5.057894736842104,5.038596491228069,4.982857142857141],"environmentScore":[11.85215517241379,12.050086956521739,12.073652173913045,12.191842105263163,12.355000000000004,12.524453781512607],"socialScore":[11.06922413793103,11.020347826086955,10.983565217391304,10.947631578947366,10.894473684210528,10.712184873949578]}}],"error":null}}}