{"update_time":"2025-02-13 13:55:24.696998","data":{"esgChart":{"result":[{"peerGroup":"Food Products","symbolSeries":{"timestamp":[1733011200,1735689600,1738368000],"esgScore":[39.24,39.28,39.28],"governanceScore":[4.35,4.35,4.35],"environmentScore":[21.13,20.98,20.98],"socialScore":[13.76,13.95,13.95]},"peerSeries":{"timestamp":[1733011200,1735689600,1738368000],"esgScore":[30.482500000000005,30.68071428571428,30.74915178571428],"governanceScore":[5.083448275862067,5.082695652173912,5.087456140350875],"environmentScore":[11.85215517241379,12.050086956521739,12.077192982456141],"socialScore":[11.06922413793103,11.020347826086955,10.992456140350876]}}],"error":null}}}