{"update_time":"2024-12-19 12:18:37.099085","data":{"esgChart":{"result":[{"peerGroup":"Insurance","symbolSeries":{"timestamp":[1730419200,1733011200],"esgScore":[27.69,27.54],"governanceScore":[12.45,12.45],"environmentScore":[2.55,2.55],"socialScore":[12.68,12.54]},"peerSeries":{"timestamp":[1730419200,1733011200],"esgScore":[23.217486033519574,23.19050000000001],"governanceScore":[9.244173913043477,9.231565217391301],"environmentScore":[1.3306956521739126,1.327478260869565],"socialScore":[9.86895652173913,9.862086956521741]}}],"error":null}}}