{"update_time":"2024-12-19 12:18:38.502400","data":{"esgChart":{"result":[{"peerGroup":"Transportation","symbolSeries":{"timestamp":[1730419200,1733011200],"esgScore":[18.13,18.13],"governanceScore":[4.38,4.38],"environmentScore":[4.53,4.53],"socialScore":[9.22,9.22]},"peerSeries":{"timestamp":[1730419200,1733011200],"esgScore":[22.98057471264368,23.052080924855492],"governanceScore":[5.127553191489362,5.114893617021278],"environmentScore":[7.5640425531914905,7.58648936170213],"socialScore":[9.61404255319149,9.621063829787236]}}],"error":null}}}