{"update_time":"2025-02-13 13:56:09.926634","data":{"esgChart":{"result":[{"peerGroup":"Transportation","symbolSeries":{"timestamp":[1730419200,1733011200,1735689600,1738368000],"esgScore":[18.13,18.13,18.13,18.13],"governanceScore":[4.38,4.38,4.38,4.38],"environmentScore":[4.53,4.53,4.53,4.53],"socialScore":[9.22,9.22,9.22,9.22]},"peerSeries":{"timestamp":[1730419200,1733011200,1735689600,1738368000],"esgScore":[22.98057471264368,23.052080924855492,23.016358381502894,22.978430232558143],"governanceScore":[5.127553191489362,5.114893617021278,5.092021276595745,5.082315789473685],"environmentScore":[7.5640425531914905,7.58648936170213,7.490957446808512,7.454526315789474],"socialScore":[9.61404255319149,9.621063829787236,9.630212765957449,9.688421052631579]}}],"error":null}}}