{"update_time":"2024-12-04 12:13:33.568666","data":{"esgChart":{"result":[{"peerGroup":"Transportation","symbolSeries":{"timestamp":[1730419200],"esgScore":[18.13],"governanceScore":[4.38],"environmentScore":[4.53],"socialScore":[9.22]},"peerSeries":{"timestamp":[1730419200],"esgScore":[22.98057471264368],"governanceScore":[5.127553191489362],"environmentScore":[7.5640425531914905],"socialScore":[9.61404255319149]}}],"error":null}}}