{"update_time":"2024-12-04 12:17:44.301007","data":{"esgChart":{"result":[{"peerGroup":"Diversified Metals","symbolSeries":{"timestamp":[1730419200],"esgScore":[52.21],"governanceScore":[6.95],"environmentScore":[25.25],"socialScore":[20.01]},"peerSeries":{"timestamp":[1730419200],"esgScore":[37.42411764705881],"governanceScore":[5.9679629629629645],"environmentScore":[14.932962962962959],"socialScore":[11.432592592592588]}}],"error":null}}}