{"update_time":"2025-02-13 13:58:17.307377","data":{"esgChart":{"result":[{"peerGroup":"Pharmaceuticals","symbolSeries":{"timestamp":[1733011200,1735689600,1738368000],"esgScore":[22.96,22.96,22.96],"governanceScore":[0.0,0.0,0.0],"environmentScore":[0.0,0.0,0.0],"socialScore":[0.0,0.0,0.0]},"peerSeries":{"timestamp":[1733011200,1735689600,1738368000],"esgScore":[27.936449704142003,28.057075098814227,28.159501992031867],"governanceScore":[6.366111111111112,6.294027777777778,6.281608391608393],"environmentScore":[2.2250000000000005,2.303958333333333,2.3278321678321676],"socialScore":[13.6425,13.576944444444445,13.622237762237766]}}],"error":null}}}