{"update_time":"2025-08-25 20:55:41.431787","data":{"esgChart":{"result":[{"peerGroup":"Diversified Metals","symbolSeries":{"timestamp":[1735689600,1738368000,1740787200,1743465600,1746057600,1748736000,1751328000,1754006400],"esgScore":[52.21,52.21,52.21,52.21,52.21,52.21,52.21,52.21],"governanceScore":[6.95,6.95,6.95,6.95,6.95,6.95,6.95,6.95],"environmentScore":[25.25,25.25,25.25,25.25,25.25,25.25,25.25,25.25],"socialScore":[20.01,20.01,20.01,20.01,20.01,20.01,20.01,20.01]},"peerSeries":{"timestamp":[1735689600,1738368000,1740787200,1743465600,1746057600,1748736000,1751328000,1754006400],"esgScore":[37.825289256198324,37.922644628099135,37.87749999999997,37.63624999999997,37.454336283185825,37.430434782608685,37.54635593220336,37.41779661016948],"governanceScore":[5.989824561403509,6.003571428571429,5.984,5.812641509433962,5.854705882352941,5.639423076923077,5.678113207547171,5.5649056603773595],"environmentScore":[15.47017543859649,15.322142857142854,15.007454545454543,14.789245283018866,15.071764705882355,15.07384615384615,14.988490566037731,15.09075471698113],"socialScore":[11.67017543859649,11.539107142857143,11.37290909090909,11.141698113207546,11.268039215686276,11.183269230769232,11.353773584905658,11.457547169811319]}}],"error":null}}}