{"update_time":"2024-06-26 16:37:36.048136","data":{"esgChart":{"result":[{"peerGroup":"Media","symbolSeries":{"timestamp":[1522540800,1525132800,1527811200,1530403200,1533081600,1535760000,1538352000,1541030400,1543622400,1546300800,1548979200,1551398400,1554076800,1556668800,1559347200,1561939200,1564617600,1567296000],"esgScore":[46.25,46.25,46.25,46.25,46.25,46.25,46.25,46.25,46.61,46.61,46.61,46.61,46.61,46.61,46.61,46.61,46.61,46.61],"governanceScore":[68.32,68.32,68.32,68.32,68.32,68.32,68.32,68.32,69.76,69.76,69.76,69.76,69.76,69.76,69.76,69.76,69.76,69.76],"environmentScore":[40.0,40.0,40.0,40.0,40.0,40.0,40.0,40.0,40.0,40.0,40.0,40.0,40.0,40.0,40.0,40.0,40.0,40.0],"socialScore":[38.35,38.35,38.35,38.35,38.35,38.35,38.35,38.35,38.35,38.35,38.35,38.35,38.35,38.35,38.35,38.35,38.35,38.35]},"peerSeries":{"timestamp":[1522540800,1525132800,1527811200,1530403200,1533081600,1535760000,1538352000,1541030400,1543622400,1546300800,1548979200,1551398400,1554076800,1556668800,1559347200,1561939200,1564617600,1567296000],"esgScore":[57.78826086956522,57.91108695652174,57.990652173913055,57.268039215686265,58.13434782608697,58.134347826086966,58.56391304347826,58.72999999999999,58.49282608695651,58.493695652173905,58.49555555555555,58.517333333333326,58.73068181818182,58.882954545454545,59.51090909090909,59.463409090909096,59.460000000000015,59.25159090909092],"governanceScore":[65.65326086956522,65.75934782608697,65.90369565217392,65.56313725490196,66.03978260869566,66.10782608695654,66.74804347826088,66.48891304347829,66.6171739130435,66.62065217391307,66.70066666666668,66.8028888888889,66.91431818181819,66.9925,67.04431818181818,66.99704545454546,66.92204545454545,66.81272727272727],"environmentScore":[58.07478260869566,58.031739130434794,58.10826086956522,57.087450980392155,58.30021739130436,58.219130434782606,58.61391304347826,58.794347826086955,58.76826086956521,58.76826086956521,58.80288888888888,58.94933333333332,59.25181818181817,59.30249999999999,59.69409090909089,59.686818181818175,59.67409090909089,59.5131818181818],"socialScore":[53.71260869565218,53.92673913043478,53.97521739130435,53.21156862745099,54.09869565217392,54.10478260869566,54.446739130434786,54.81847826086957,54.29217391304348,54.29217391304348,54.23844444444445,54.15822222222222,54.37772727272727,54.6175,55.65159090909089,55.58386363636362,55.62136363636362,55.33954545454544]}}],"error":null}}}