{"update_time":"2025-05-14 13:10:04.200668","data":{"esgChart":{"result":[{"peerGroup":"Automobiles","symbolSeries":{"timestamp":[1727740800,1730419200,1733011200,1735689600,1738368000,1740787200,1743465600,1746057600],"esgScore":[23.94,23.94,23.94,23.94,23.94,23.94,23.94,23.65],"governanceScore":[5.87,5.87,5.87,5.87,5.87,5.87,5.87,5.69],"environmentScore":[5.9,5.9,5.9,5.9,5.9,5.9,5.9,5.9],"socialScore":[12.17,12.17,12.17,12.17,12.17,12.17,12.17,12.06]},"peerSeries":{"timestamp":[1727740800,1730419200,1733011200,1735689600,1738368000,1740787200,1743465600,1746057600],"esgScore":[26.13,23.875208333333333,24.749387755102045,24.88520833333334,25.166458333333342,25.390000000000004,25.433541666666674,25.488222222222223],"governanceScore":[6.7075,7.018750000000002,7.063000000000001,6.995750000000001,6.901538461538462,6.8612820512820525,6.862564102564104,6.923076923076924],"environmentScore":[5.2975,6.434,6.541000000000001,6.8855,7.076153846153847,7.405897435897437,7.485641025641027,7.7379487179487185],"socialScore":[12.562500000000002,10.81,10.7895,10.8445,10.853846153846154,10.82897435897436,10.801538461538463,10.784102564102565]}}],"error":null}}}