{"update_time":"2024-12-08 15:02:02.459654","data":{"esgChart":{"result":[{"peerGroup":"Automobiles","symbolSeries":{"timestamp":[1727740800,1730419200],"esgScore":[23.94,23.94],"governanceScore":[5.87,5.87],"environmentScore":[5.9,5.9],"socialScore":[12.17,12.17]},"peerSeries":{"timestamp":[1727740800,1730419200],"esgScore":[26.13,23.875208333333333],"governanceScore":[6.7075,7.018750000000002],"environmentScore":[5.2975,6.434],"socialScore":[12.562500000000002,10.81]}}],"error":null}}}