{"update_time":"2025-11-07 12:18:48.937950","data":{"esgChart":{"result":[{"peerGroup":"Consumer Durables","symbolSeries":{"timestamp":[1756684800,1759276800],"esgScore":[19.44,19.23],"governanceScore":[0.0,0.0],"environmentScore":[0.0,0.0],"socialScore":[0.0,0.0]},"peerSeries":{"timestamp":[1756684800,1759276800],"esgScore":[17.819890109890103,17.581666666666667],"governanceScore":[4.349428571428571,4.213823529411765],"environmentScore":[4.416571428571429,4.517941176470588],"socialScore":[8.278571428571428,8.024705882352942]}}],"error":null}}}