{"update_time":"2025-02-13 13:59:48.610027","data":{"esgChart":{"result":[{"peerGroup":"Pharmaceuticals","symbolSeries":{"timestamp":[1727740800,1730419200,1733011200,1735689600,1738368000],"esgScore":[34.05,34.99,34.99,34.99,34.99],"governanceScore":[8.15,7.4,7.4,7.4,7.4],"environmentScore":[2.47,5.35,5.35,5.35,5.35],"socialScore":[23.42,22.24,22.24,22.24,22.24]},"peerSeries":{"timestamp":[1727740800,1730419200,1733011200,1735689600,1738368000],"esgScore":[28.313461538461517,27.172400793650795,27.936449704142003,28.057075098814227,28.159501992031867],"governanceScore":[6.1897222222222235,6.379929577464789,6.366111111111112,6.294027777777778,6.281608391608393],"environmentScore":[1.6988888888888891,2.1654929577464794,2.2250000000000005,2.303958333333333,2.3278321678321676],"socialScore":[15.03638888888889,13.70514084507042,13.6425,13.576944444444445,13.622237762237766]}}],"error":null}}}