{"update_time":"2025-05-14 13:10:55.162298","data":{"esgChart":{"result":[{"peerGroup":"Machinery","symbolSeries":{"timestamp":[1730419200,1733011200,1735689600],"esgScore":[25.44,36.8,36.8],"governanceScore":[0.0,0.0,0.0],"environmentScore":[0.0,0.0,0.0],"socialScore":[0.0,0.0,0.0]},"peerSeries":{"timestamp":[1730419200,1733011200,1735689600],"esgScore":[26.047604562737625,26.77321969696968,27.151791044776107],"governanceScore":[5.495258620689656,5.507777777777777,5.537226890756303],"environmentScore":[7.634913793103447,7.945811965811965,8.234453781512604],"socialScore":[10.773534482758619,10.801965811965811,10.77210084033613]}}],"error":null}}}