{"update_time":"2024-12-08 15:04:37.298229","data":{"esgChart":{"result":[{"peerGroup":"Healthcare","symbolSeries":{"timestamp":[1727740800,1730419200],"esgScore":[26.65,26.65],"governanceScore":[8.6,8.6],"environmentScore":[0.43,0.43],"socialScore":[17.62,17.62]},"peerSeries":{"timestamp":[1727740800,1730419200],"esgScore":[25.107839999999985,23.63607142857143],"governanceScore":[6.648181818181819,6.38878260869565],"environmentScore":[3.321818181818181,2.653217391304347],"socialScore":[12.416363636363634,12.468869565217396]}}],"error":null}}}