{"update_time":"2025-11-04 13:59:14.096849","data":{"esgChart":{"result":[{"peerGroup":"US CE World Large Stock","symbolSeries":{"timestamp":[1517443200,1519862400,1522540800,1525132800,1527811200,1530403200,1533081600,1535760000,1538352000,1541030400,1543622400,1546300800,1548979200,1551398400,1554076800,1556668800,1559347200,1561939200,1564617600,1567296000,1569888000,1572566400,1575158400,1577836800,1580515200,1583020800,1585699200,1588291200,1590969600,1593561600,1596240000,1598918400,1601510400,1604188800,1606780800],"esgScore":[56.03,56.03,56.03,55.72,55.72,55.72,55.41,55.41,55.41,56.07,56.07,56.07,null,null,null,null,null,null,null,null,null,null,null,null,null,null,null,null,null,20.26,19.95,19.97,19.73,19.58,19.51],"governanceScore":[53.73,53.73,53.73,53.47,53.47,53.47,52.91,52.91,52.91,52.89,52.89,52.89,null,null,null,null,null,null,null,null,null,null,null,null,null,null,null,null,null,7.42,7.41,7.42,7.34,7.33,7.21],"environmentScore":[56.68,56.68,56.68,56.32,56.32,56.32,56.12,56.12,56.12,56.63,56.63,56.63,null,null,null,null,null,null,null,null,null,null,null,null,null,null,null,null,null,3.32,3.22,3.27,3.21,3.19,3.4],"socialScore":[55.54,55.54,55.54,55.64,55.64,55.64,55.16,55.16,55.16,55.93,55.93,55.93,null,null,null,null,null,null,null,null,null,null,null,null,null,null,null,null,null,9.43,9.23,9.2,9.09,8.96,8.79]},"peerSeries":{"timestamp":[1517443200,1519862400,1522540800,1525132800,1527811200,1530403200,1533081600,1535760000,1538352000,1541030400,1543622400,1546300800,1548979200,1551398400,1554076800,1556668800,1559347200,1561939200,1564617600,1567296000,1569888000,1572566400,1575158400,1577836800,1580515200,1583020800,1585699200,1588291200,1590969600,1593561600,1596240000,1598918400,1601510400,1604188800,1606780800],"esgScore":[47.465,47.432500000000005,47.235,47.1425,46.94,46.94,47.2475,47.542500000000004,47.515,47.51,44.29200000000001,44.288000000000004,null,null,null,null,48.88,null,null,24.91,23.795,24.335,24.222500000000004,24.4375,24.32,24.25,24.2075,24.057499999999997,23.6,23.4925,23.07,22.8875,22.61,22.4425,22.335],"governanceScore":[52.38999999999999,52.2525,52.4925,52.175,52.21,52.21,52.404999999999994,52.75,52.6325,52.7625,50.33200000000001,50.138,null,null,null,null,55.12,null,null,7.88,8.3025,7.862500000000001,7.859999999999999,7.8325000000000005,7.885,7.9225,7.9025,7.74,7.5874999999999995,7.43,7.32,7.33,7.2875,7.295,7.2375],"environmentScore":[54.4,54.5475,54.63,54.724999999999994,54.5625,54.5625,55.02,55.305,55.3875,55.394999999999996,53.05800000000001,52.79,null,null,null,null,56.7,null,null,4.24,4.37,4.3075,4.3175,4.2925,4.1775,4.155,4.375,4.4075,4.2275,4.215,3.9625,3.885,3.825,3.9250000000000003,4.0625],"socialScore":[53.387499999999996,53.605,53.637499999999996,53.74249999999999,53.495000000000005,53.495000000000005,53.207499999999996,53.07749999999999,53.115,53.5625,51.926,51.884,null,null,null,null,55.23,null,null,9.239999999999998,9.48,9.9525,9.8825,9.782499999999999,9.887500000000001,10.15,9.9825,9.7775,9.5825,9.434999999999999,9.1325,9.18,9.120000000000001,8.9325,8.855]}}],"error":null}}}