{"update_time":"2025-08-25 20:58:29.253145","data":{"esgChart":{"result":[{"peerGroup":"Aerospace & Defense","symbolSeries":{"timestamp":[1730419200,1733011200,1735689600,1738368000,1740787200,1743465600,1746057600,1748736000,1751328000,1754006400],"esgScore":[20.1,20.1,24.2,24.2,24.2,24.3,24.3,24.3,24.72,24.72],"governanceScore":[4.15,4.15,4.64,4.64,4.64,4.64,4.64,4.64,5.08,5.08],"environmentScore":[6.78,6.78,10.22,10.22,10.22,10.22,10.22,10.22,10.27,10.27],"socialScore":[9.17,9.17,9.35,9.35,9.35,9.44,9.44,9.44,9.37,9.37]},"peerSeries":{"timestamp":[1730419200,1733011200,1735689600,1738368000,1740787200,1743465600,1746057600,1748736000,1751328000,1754006400],"esgScore":[32.22622950819671,32.6855737704918,32.90704918032787,32.91213114754098,33.336721311475415,33.55688524590164,33.666984126984126,33.54387096774193,33.63629032258064,34.035806451612906],"governanceScore":[5.868750000000001,5.837500000000001,5.791,5.7844999999999995,5.74925,5.793000000000001,5.750750000000001,5.7775,5.715000000000001,5.7387804878048785],"environmentScore":[8.670999999999998,8.938999999999998,9.24225,9.24225,9.505999999999998,9.629499999999998,9.843749999999998,9.93275,10.187999999999999,10.373170731707315],"socialScore":[14.9845,15.023999999999997,15.104999999999999,15.105249999999998,15.255999999999997,15.274249999999995,15.328749999999994,15.181999999999997,15.089499999999996,15.230243902439023]}}],"error":null}}}