{"update_time":"2025-02-13 14:00:50.813546","data":{"esgChart":{"result":[{"peerGroup":"Aerospace & Defense","symbolSeries":{"timestamp":[1730419200,1733011200,1735689600,1738368000],"esgScore":[20.1,20.1,24.2,24.2],"governanceScore":[4.15,4.15,4.64,4.64],"environmentScore":[6.78,6.78,10.22,10.22],"socialScore":[9.17,9.17,9.35,9.35]},"peerSeries":{"timestamp":[1730419200,1733011200,1735689600,1738368000],"esgScore":[32.22622950819671,32.6855737704918,32.90704918032787,32.91213114754098],"governanceScore":[5.868750000000001,5.837500000000001,5.791,5.7844999999999995],"environmentScore":[8.670999999999998,8.938999999999998,9.24225,9.24225],"socialScore":[14.9845,15.023999999999997,15.104999999999999,15.105249999999998]}}],"error":null}}}