{"update_time":"2024-12-08 15:05:11.660982","data":{"esgChart":{"result":[{"peerGroup":"Automobiles","symbolSeries":{"timestamp":[1727740800,1730419200],"esgScore":[19.51,19.51],"governanceScore":[6.47,6.47],"environmentScore":[6.25,6.25],"socialScore":[6.78,6.78]},"peerSeries":{"timestamp":[1727740800,1730419200],"esgScore":[26.13,23.875208333333333],"governanceScore":[6.7075,7.018750000000002],"environmentScore":[5.2975,6.434],"socialScore":[12.562500000000002,10.81]}}],"error":null}}}