{"update_time":"2024-12-18 12:34:28.891712","data":{"esgChart":{"result":[{"peerGroup":"Automobiles","symbolSeries":{"timestamp":[1727740800,1730419200,1733011200],"esgScore":[19.51,19.51,24.03],"governanceScore":[6.47,6.47,7.73],"environmentScore":[6.25,6.25,9.52],"socialScore":[6.78,6.78,6.78]},"peerSeries":{"timestamp":[1727740800,1730419200,1733011200],"esgScore":[26.13,23.875208333333333,24.447916666666668],"governanceScore":[6.7075,7.018750000000002,7.063000000000001],"environmentScore":[5.2975,6.434,6.541000000000001],"socialScore":[12.562500000000002,10.81,10.7895]}}],"error":null}}}