{"update_time":"2025-05-14 13:11:34.336318","data":{"esgChart":{"result":[{"peerGroup":"Chemicals","symbolSeries":{"timestamp":[1730419200,1733011200,1735689600,1738368000],"esgScore":[35.42,35.42,35.42,35.42],"governanceScore":[0.0,0.0,0.0,0.0],"environmentScore":[0.0,0.0,0.0,0.0],"socialScore":[0.0,0.0,0.0,0.0]},"peerSeries":{"timestamp":[1730419200,1733011200,1735689600,1738368000],"esgScore":[28.19076086956522,28.28934426229508,28.305846994535514,28.5408152173913],"governanceScore":[5.159374999999999,5.137083333333332,5.137083333333332,5.101894736842104],"environmentScore":[13.540104166666667,13.74072916666667,13.74072916666667,13.949368421052634],"socialScore":[6.123437499999999,6.130937499999999,6.130937499999999,6.175684210526317]}}],"error":null}}}