{"update_time":"2024-06-26 16:48:07.452923","data":{"esgChart":{"result":[{"peerGroup":"Canada Fund Sector Equity","symbolSeries":{"timestamp":[1519862400,1522540800,1525132800,1527811200,1530403200,1533081600,1535760000,1538352000,1541030400],"esgScore":[62.55,62.53,62.67,63.13,62.87,62.09,62.32,62.32,62.32],"governanceScore":[58.62,58.63,58.5,58.77,58.7,58.53,58.72,58.72,58.72],"environmentScore":[61.44,61.65,61.75,61.99,61.9,61.4,61.35,61.35,61.35],"socialScore":[62.25,62.1,62.29,62.98,62.34,61.24,61.62,61.62,61.62]},"peerSeries":{"timestamp":[1517443200,1519862400,1522540800,1525132800,1527811200,1530403200,1533081600,1535760000,1538352000,1541030400],"esgScore":[47.34399999999999,47.35738095238095,47.157872340425534,47.14625,47.1922,47.18060000000002,46.99686274509804,47.18823529411765,47.0525925925926,47.0390909090909],"governanceScore":[51.83514285714285,51.858095238095245,51.745319148936176,51.604166666666664,51.6572,51.66600000000003,51.50098039215689,51.675098039215676,51.60814814814814,51.662000000000006],"environmentScore":[53.15942857142857,53.18023809523809,52.77936170212765,52.915416666666665,53.2328,53.19159999999999,53.239411764705885,53.42215686274514,53.37037037037039,53.17690909090908],"socialScore":[52.36799999999999,52.90333333333334,52.445106382978715,52.57312499999998,52.819799999999994,52.68639999999998,52.55549019607842,52.7427450980392,52.708333333333336,52.683454545454545]}}],"error":null}}}