{"update_time":"2024-10-22 13:50:24.099884","data":{"esgChart":{"result":[{"peerGroup":"Chemicals","symbolSeries":{"timestamp":[1727740800],"esgScore":[11.63],"governanceScore":[2.09],"environmentScore":[8.24],"socialScore":[1.31]},"peerSeries":{"timestamp":[1727740800],"esgScore":[29.223333333333336],"governanceScore":[2.8466666666666662],"environmentScore":[14.14333333333333],"socialScore":[1.83]}}],"error":null}}}