{"update_time":"2025-02-13 14:10:06.449072","data":{"esgChart":{"result":[{"peerGroup":"Insurance","symbolSeries":{"timestamp":[1730419200,1733011200,1735689600,1738368000],"esgScore":[33.27,33.27,33.27,33.27],"governanceScore":[0.0,0.0,0.0,0.0],"environmentScore":[0.0,0.0,0.0,0.0],"socialScore":[0.0,0.0,0.0,0.0]},"peerSeries":{"timestamp":[1730419200,1733011200,1735689600,1738368000],"esgScore":[23.217486033519574,23.19050000000001,23.16800000000001,23.165111111111113],"governanceScore":[9.244173913043477,9.231565217391301,9.229304347826083,9.226173913043475],"environmentScore":[1.3306956521739126,1.327478260869565,1.3224347826086953,1.3211304347826085],"socialScore":[9.86895652173913,9.862086956521741,9.858608695652178,9.858260869565221]}}],"error":null}}}