{"update_time":"2025-02-13 14:10:28.017792","data":{"esgChart":{"result":[{"peerGroup":"Consumer Services","symbolSeries":{"timestamp":[1727740800,1730419200,1733011200,1735689600,1738368000],"esgScore":[32.09,32.44,32.44,32.44,32.44],"governanceScore":[0.0,0.0,0.0,0.0,0.0],"environmentScore":[0.0,0.0,0.0,0.0,0.0],"socialScore":[0.0,0.0,0.0,0.0,0.0]},"peerSeries":{"timestamp":[1727740800,1730419200,1733011200,1735689600,1738368000],"esgScore":[26.164035087719295,24.887383177570083,24.813474178403748,24.84778301886792,24.90169811320754],"governanceScore":[7.6383333333333345,5.635421686746988,5.629277108433734,5.584698795180722,5.5863855421686734],"environmentScore":[4.8025,6.204698795180725,6.255542168674702,6.29132530120482,6.294096385542169],"socialScore":[11.341666666666667,10.488795180722889,10.500722891566262,10.521807228915662,10.51879518072289]}}],"error":null}}}