{"update_time":"2025-05-14 13:12:42.789912","data":{"esgChart":{"result":[{"peerGroup":"Construction & Engineering","symbolSeries":{"timestamp":[1727740800,1730419200,1733011200,1735689600,1738368000,1740787200,1743465600,1746057600],"esgScore":[36.55,36.55,36.55,36.55,36.55,36.55,36.55,36.55],"governanceScore":[0.0,0.0,0.0,0.0,0.0,0.0,0.0,0.0],"environmentScore":[0.0,0.0,0.0,0.0,0.0,0.0,0.0,0.0],"socialScore":[0.0,0.0,0.0,0.0,0.0,0.0,0.0,0.0]},"peerSeries":{"timestamp":[1727740800,1730419200,1733011200,1735689600,1738368000,1740787200,1743465600,1746057600],"esgScore":[37.54333333333333,33.4324060150376,34.06503759398497,34.166119402985075,34.137481481481494,34.409270072992705,34.65036764705883,35.04091603053434],"governanceScore":[8.24,7.260208333333332,7.246874999999999,7.206666666666666,7.030625,7.02,6.774399999999999,6.5018367346938755],"environmentScore":[11.23,10.69041666666667,10.810416666666669,10.864791666666669,10.897916666666667,10.812083333333334,11.023800000000001,11.461836734693877],"socialScore":[11.32,12.61125,12.567916666666667,12.639999999999999,12.573124999999997,12.576666666666666,12.586400000000001,12.735714285714288]}}],"error":null}}}