{"update_time":"2025-08-25 21:01:56.243518","data":{"esgChart":{"result":[{"peerGroup":"Aerospace & Defense","symbolSeries":{"timestamp":[1754006400],"esgScore":[48.06],"governanceScore":[9.15],"environmentScore":[15.1],"socialScore":[23.82]},"peerSeries":{"timestamp":[1754006400],"esgScore":[34.035806451612906],"governanceScore":[5.7387804878048785],"environmentScore":[10.373170731707315],"socialScore":[15.230243902439023]}}],"error":null}}}