{"update_time":"2025-11-04 14:00:55.211265","data":{"esgChart":{"result":[{"peerGroup":"Aerospace & Defense","symbolSeries":{"timestamp":[1754006400,1756684800,1759276800],"esgScore":[48.06,48.06,48.06],"governanceScore":[9.15,9.15,9.15],"environmentScore":[15.1,15.1,15.1],"socialScore":[23.82,23.82,23.82]},"peerSeries":{"timestamp":[1754006400,1756684800,1759276800],"esgScore":[34.035806451612906,33.79730158730159,33.004374999999996],"governanceScore":[5.7387804878048785,5.7458536585365865,5.15],"environmentScore":[10.373170731707315,10.378780487804878,10.55658536585366],"socialScore":[15.230243902439023,15.157073170731707,14.68414634146341]}}],"error":null}}}