{"update_time":"2024-12-08 15:07:18.857644","data":{"esgChart":{"result":[{"peerGroup":"Technology Hardware","symbolSeries":{"timestamp":[1727740800,1730419200],"esgScore":[8.58,8.58],"governanceScore":[3.01,3.01],"environmentScore":[0.28,0.28],"socialScore":[5.29,5.29]},"peerSeries":{"timestamp":[1727740800,1730419200],"esgScore":[15.827105263157902,15.839243697478981],"governanceScore":[4.245,4.913255813953486],"environmentScore":[1.957222222222222,3.148139534883721],"socialScore":[4.912222222222223,5.26174418604651]}}],"error":null}}}