{"update_time":"2024-12-08 15:07:24.375924","data":{"esgChart":{"result":[{"peerGroup":"Consumer Services","symbolSeries":{"timestamp":[1727740800,1730419200],"esgScore":[13.76,13.76],"governanceScore":[4.91,4.91],"environmentScore":[0.26,0.26],"socialScore":[8.59,8.59]},"peerSeries":{"timestamp":[1727740800,1730419200],"esgScore":[26.164035087719295,24.887383177570083],"governanceScore":[7.6383333333333345,5.635421686746988],"environmentScore":[4.8025,6.204698795180725],"socialScore":[11.341666666666667,10.488795180722889]}}],"error":null}}}