{"update_time":"2024-10-22 13:50:32.619322","data":{"esgChart":{"result":[{"peerGroup":"Consumer Services","symbolSeries":{"timestamp":[1727740800],"esgScore":[13.76],"governanceScore":[4.91],"environmentScore":[0.26],"socialScore":[8.59]},"peerSeries":{"timestamp":[1727740800],"esgScore":[26.535555555555558],"governanceScore":[7.6383333333333345],"environmentScore":[4.8025],"socialScore":[11.341666666666667]}}],"error":null}}}