{"update_time":"2025-03-28 14:28:09.306096","data":{"esgChart":{"result":[{"peerGroup":"Diversified Financials","symbolSeries":{"timestamp":[1727740800,1730419200,1733011200,1735689600,1738368000,1740787200],"esgScore":[24.63,19.66,19.66,19.66,19.66,19.66],"governanceScore":[11.36,8.16,8.16,8.16,8.16,8.16],"environmentScore":[2.66,2.03,2.03,2.03,2.03,2.03],"socialScore":[10.6,9.47,9.47,9.47,9.47,9.47]},"peerSeries":{"timestamp":[1727740800,1730419200,1733011200,1735689600,1738368000,1740787200],"esgScore":[27.30876923076923,23.972808988764058,23.876629213483152,23.837521126760574,23.7646218487395,23.696966292134835],"governanceScore":[10.350909090909092,9.909254658385091,9.883024691358026,9.851349693251533,9.830545454545454,9.820060240963855],"environmentScore":[1.6604545454545452,1.5136645962732904,1.5319753086419738,1.536012269938649,1.5576969696969685,1.552108433734939],"socialScore":[10.07090909090909,8.95701863354037,8.920925925925925,8.88687116564417,8.852545454545453,8.899036144578309]}}],"error":null}}}