{"update_time":"2025-05-14 13:13:31.883944","data":{"esgChart":{"result":[{"peerGroup":"Building Products","symbolSeries":{"timestamp":[1730419200,1733011200,1735689600,1738368000,1740787200,1743465600,1746057600],"esgScore":[20.27,20.27,20.27,20.27,20.27,20.27,20.27],"governanceScore":[4.83,4.83,4.83,4.83,4.83,4.83,4.83],"environmentScore":[10.52,10.52,10.52,10.52,10.52,10.52,10.52],"socialScore":[4.92,4.92,4.92,4.92,4.92,4.92,4.92]},"peerSeries":{"timestamp":[1730419200,1733011200,1735689600,1738368000,1740787200,1743465600,1746057600],"esgScore":[23.676119402985083,23.807462686567177,23.877014925373143,23.89132352941177,24.116911764705886,24.056086956521746,24.116000000000003],"governanceScore":[5.2078125,5.220625000000001,5.196250000000001,5.165937500000001,5.238235294117647,5.212571428571429,5.202285714285714],"environmentScore":[9.87,9.960625,10.0496875,10.219375,10.414705882352942,10.468571428571432,10.515142857142857],"socialScore":[5.682812499999999,5.675624999999999,5.637187499999999,5.644687499999999,5.706176470588235,5.727714285714286,5.677428571428571]}}],"error":null}}}