{"update_time":"2025-11-04 14:02:03.423164","data":{"esgChart":{"result":[{"peerGroup":"EAA Fund USD Corporate Bond","symbolSeries":{"timestamp":[1517443200,1519862400,1522540800,1525132800,1527811200,1530403200,1533081600,1535760000,1538352000,1541030400],"esgScore":[56.84,56.99,57.11,56.96,56.96,56.94,56.66,56.57,56.57,56.41],"governanceScore":[52.97,53.05,53.17,53.11,53.04,53.03,52.92,53.03,53.03,53.01],"environmentScore":[59.37,59.37,59.46,59.41,59.47,59.45,59.06,58.94,58.95,58.83],"socialScore":[53.91,54.17,54.29,54.19,54.18,54.18,53.72,53.74,53.75,53.56]},"peerSeries":{"timestamp":[1517443200,1519862400,1522540800,1525132800,1527811200,1530403200,1533081600,1535760000,1538352000,1541030400],"esgScore":[47.00656779661016,47.19094420600862,47.38023904382473,47.4134117647058,47.15996336996341,47.202382671480166,47.339663865546264,47.17835978835986,47.160326086956545,47.053086419753086],"governanceScore":[53.258177966101684,53.28695278969963,53.59139442231069,53.637058823529394,53.5114652014652,53.5304332129964,53.461134453781504,53.423968253968276,53.57956521739127,53.416666666666686],"environmentScore":[57.40546610169503,57.41626609442063,57.395737051792835,57.47203921568628,57.10728937728939,57.14942238267148,57.234033613445334,57.40645502645501,57.33902173913047,57.125246913580256],"socialScore":[52.602288135593184,52.83965665236054,53.0529083665338,53.058039215686314,52.89846153846146,52.9687364620938,52.95676470588233,52.94857142857147,52.94722826086961,52.74500000000005]}}],"error":null}}}