{"update_time":"2025-05-14 13:13:49.342296","data":{"esgChart":{"result":[{"peerGroup":"Semiconductors","symbolSeries":{"timestamp":[1727740800,1730419200,1733011200,1735689600,1738368000,1740787200,1743465600,1746057600],"esgScore":[16.48,16.48,16.48,16.48,16.48,16.48,15.77,15.77],"governanceScore":[4.96,4.96,4.96,4.96,4.96,4.96,5.1,5.1],"environmentScore":[5.36,5.36,5.36,5.36,5.36,5.36,4.73,4.73],"socialScore":[6.16,6.16,6.16,6.16,6.16,6.16,5.93,5.93]},"peerSeries":{"timestamp":[1727740800,1730419200,1733011200,1735689600,1738368000,1740787200,1743465600,1746057600],"esgScore":[21.88161764705882,23.277606837606847,23.489750000000004,23.415333333333344,23.46866666666667,23.479166666666668,23.422166666666666,23.06491525423729],"governanceScore":[4.9688,5.421799999999999,5.373200000000001,5.332600000000001,5.282941176470589,5.2121153846153865,5.258301886792455,5.318333333333334],"environmentScore":[6.8176,7.5316,7.634000000000001,7.631600000000001,7.960392156862747,8.042115384615387,7.940566037735851,7.885740740740743],"socialScore":[5.646800000000001,6.025,5.9594,5.937200000000001,5.925098039215686,5.854615384615386,5.814905660377359,5.802962962962962]}}],"error":null}}}