{"update_time":"2024-12-18 12:44:32.948054","data":{"esgChart":{"result":[{"peerGroup":"Semiconductors","symbolSeries":{"timestamp":[1727740800,1730419200,1733011200],"esgScore":[16.48,16.48,16.48],"governanceScore":[4.96,4.96,4.96],"environmentScore":[5.36,5.36,5.36],"socialScore":[6.16,6.16,6.16]},"peerSeries":{"timestamp":[1727740800,1730419200,1733011200],"esgScore":[21.88161764705882,23.277606837606847,23.489750000000004],"governanceScore":[4.9688,5.421799999999999,5.373200000000001],"environmentScore":[6.8176,7.5316,7.634000000000001],"socialScore":[5.646800000000001,6.025,5.9594]}}],"error":null}}}