{"update_time":"2024-12-18 12:44:34.795262","data":{"esgChart":{"result":[{"peerGroup":"Homebuilders","symbolSeries":{"timestamp":[1727740800,1730419200,1733011200],"esgScore":[19.71,19.71,19.71],"governanceScore":[0.0,0.0,0.0],"environmentScore":[0.0,0.0,0.0],"socialScore":[0.0,0.0,0.0]},"peerSeries":{"timestamp":[1727740800,1730419200,1733011200],"esgScore":[22.518,19.33073170731707,19.78609756097561],"governanceScore":[null,4.013888888888888,4.009444444444444],"environmentScore":[null,8.293333333333331,8.407777777777776],"socialScore":[null,5.917777777777777,5.919444444444444]}}],"error":null}}}