{"update_time":"2024-12-08 15:11:13.358550","data":{"esgChart":{"result":[{"peerGroup":"Homebuilders","symbolSeries":{"timestamp":[1727740800,1730419200],"esgScore":[19.71,19.71],"governanceScore":[0.0,0.0],"environmentScore":[0.0,0.0],"socialScore":[0.0,0.0]},"peerSeries":{"timestamp":[1727740800,1730419200],"esgScore":[22.518,19.33073170731707],"governanceScore":[null,4.013888888888888],"environmentScore":[null,8.293333333333331],"socialScore":[null,5.917777777777777]}}],"error":null}}}