{"update_time":"2024-12-18 12:44:38.451423","data":{"esgChart":{"result":[{"peerGroup":"Transportation","symbolSeries":{"timestamp":[1727740800,1730419200,1733011200],"esgScore":[19.33,19.33,19.33],"governanceScore":[5.2,5.2,5.2],"environmentScore":[5.08,5.08,5.08],"socialScore":[9.05,9.05,9.05]},"peerSeries":{"timestamp":[1727740800,1730419200,1733011200],"esgScore":[24.091428571428565,22.98057471264368,23.052080924855492],"governanceScore":[4.704000000000001,5.127553191489362,5.114893617021278],"environmentScore":[6.514,7.5640425531914905,7.58648936170213],"socialScore":[8.556000000000001,9.61404255319149,9.621063829787236]}}],"error":null}}}