{"update_time":"2024-12-08 15:11:18.561863","data":{"esgChart":{"result":[{"peerGroup":"Transportation","symbolSeries":{"timestamp":[1727740800,1730419200],"esgScore":[19.33,19.33],"governanceScore":[5.2,5.2],"environmentScore":[5.08,5.08],"socialScore":[9.05,9.05]},"peerSeries":{"timestamp":[1727740800,1730419200],"esgScore":[24.091428571428565,22.98057471264368],"governanceScore":[4.704000000000001,5.127553191489362],"environmentScore":[6.514,7.5640425531914905],"socialScore":[8.556000000000001,9.61404255319149]}}],"error":null}}}