{"update_time":"2025-09-02 14:14:29.634258","data":{"esgChart":{"result":[{"peerGroup":"Media","symbolSeries":{"timestamp":[1733011200,1735689600,1738368000,1740787200,1743465600,1746057600,1748736000,1751328000,1754006400],"esgScore":[18.75,18.75,18.75,18.75,18.75,18.75,17.22,17.22,17.22],"governanceScore":[0.0,0.0,0.0,0.0,0.0,0.0,0.0,0.0,0.0],"environmentScore":[0.0,0.0,0.0,0.0,0.0,0.0,0.0,0.0,0.0],"socialScore":[0.0,0.0,0.0,0.0,0.0,0.0,0.0,0.0,0.0]},"peerSeries":{"timestamp":[1733011200,1735689600,1738368000,1740787200,1743465600,1746057600,1748736000,1751328000,1754006400],"esgScore":[15.70535714285715,15.681500000000009,15.613571428571436,15.537410071942451,15.504609929078018,15.376985294117658,15.392700729927013,15.386642335766432,15.305190839694665],"governanceScore":[6.1804999999999986,6.173999999999999,6.1368333333333345,6.1085,6.1226666666666665,6.135737704918033,6.154590163934428,6.1411475409836065,6.088947368421053],"environmentScore":[0.5151666666666668,0.514,0.4695,0.4708333333333333,0.4718333333333333,0.46327868852459014,0.4618032786885246,0.4624590163934426,0.40228070175438596],"socialScore":[7.3501666666666665,7.3485000000000005,7.353666666666668,7.347833333333335,7.332000000000002,7.232786885245902,7.236065573770493,7.259016393442625,7.114385964912282]}}],"error":null}}}