{"update_time":"2024-10-18 15:01:36.313309","data":{"esgChart":{"result":[{"peerGroup":"Telecommunication Services","symbolSeries":{"timestamp":[1596240000,1598918400,1601510400,1604188800,1606780800,1609459200,1612137600,1614556800,1617235200,1619827200,1622505600,1625097600,1627776000,1630454400,1633046400,1635724800,1638316800,1640995200,1643673600,1646092800,1648771200,1651363200,1654041600,1656633600,1659312000,1661990400,1664582400,1667260800,1669852800,1672531200,1675209600,1677628800,1680307200,1682899200,1685577600,1688169600,1690848000,1693526400],"esgScore":[25.48,null,25.5,null,null,25.5,25.5,25.51,null,25.85,null,null,null,25.85,null,null,null,null,23.68,null,null,23.68,null,null,24.01,null,null,null,null,23.32,null,null,null,null,null,null,null,26.14],"governanceScore":[7.67,null,7.69,null,null,7.69,7.69,7.7,null,7.7,null,null,null,7.7,null,null,null,null,6.72,null,null,6.72,null,null,7.04,null,null,null,null,6.67,null,null,null,null,null,null,null,6.65],"environmentScore":[4.83,null,4.83,null,null,4.83,4.83,4.83,null,5.17,null,null,null,5.17,null,null,null,null,4.93,null,null,4.93,null,null,4.93,null,null,null,null,4.93,null,null,null,null,null,null,null,6.66],"socialScore":[12.97,null,12.97,null,null,12.97,12.97,12.97,null,12.97,null,null,null,12.97,null,null,null,null,12.04,null,null,12.04,null,null,12.04,null,null,null,null,11.72,null,null,null,null,null,null,null,12.83]},"peerSeries":{"timestamp":[1596240000,1598918400,1601510400,1604188800,1606780800,1609459200,1612137600,1614556800,1617235200,1619827200,1622505600,1625097600,1627776000,1630454400,1633046400,1635724800,1638316800,1640995200,1643673600,1646092800,1648771200,1651363200,1654041600,1656633600,1659312000,1661990400,1664582400,1667260800,1669852800,1672531200,1675209600,1677628800,1680307200,1682899200,1685577600,1688169600,1690848000,1693526400],"esgScore":[22.654218749999988,22.615781249999987,22.42796874999999,null,null,22.39257575757575,22.37060606060605,22.42119402985074,null,22.447692307692297,null,null,null,21.99575757575758,null,null,null,null,22.09455882352942,null,null,22.60455882352942,null,null,22.633437499999996,23.099999999999994,23.09682926829268,23.102682926829267,22.4334375,23.118048780487804,22.42290322580645,22.58451612903226,22.72612903225807,null,null,null,null,23.018059701492547],"governanceScore":[7.543278688524592,7.518196721311478,7.469166666666665,null,null,7.380161290322579,7.358225806451612,7.358095238095237,null,7.314590163934425,null,null,null,7.094677419354836,null,null,null,null,6.936774193548387,null,null,6.854262295081966,null,null,6.866271186440678,6.718333333333335,6.714444444444445,6.689722222222223,6.599,6.634166666666667,6.582068965517241,6.607241379310345,6.616551724137932,null,null,null,null,6.662372881355931],"environmentScore":[4.332131147540983,4.328688524590163,4.218333333333333,null,null,4.293548387096774,4.262096774193548,4.267301587301587,null,4.217540983606557,null,null,null,4.057741935483871,null,null,null,null,3.947741935483872,null,null,4.193442622950821,null,null,4.346610169491526,4.753611111111113,4.805555555555557,4.793333333333334,4.729333333333333,4.873055555555556,4.762413793103447,4.842758620689654,4.9637931034482765,null,null,null,null,4.9101694915254255],"socialScore":[10.62327868852459,10.610819672131147,10.535666666666666,null,null,10.532741935483875,10.557741935483874,10.60936507936508,null,10.626885245901644,null,null,null,10.579032258064517,null,null,null,null,10.598870967741936,null,null,10.681475409836064,null,null,10.711694915254238,10.573611111111111,10.521944444444445,10.564722222222223,10.266,10.577777777777778,10.249655172413794,10.31655172413793,10.299999999999999,null,null,null,null,10.716440677966103]}}],"error":null}}}