{"update_time":"2024-12-08 15:11:44.633115","data":{"esgChart":{"result":[{"peerGroup":"Commercial Services","symbolSeries":{"timestamp":[1727740800,1730419200],"esgScore":[22.32,22.32],"governanceScore":[0.0,0.0],"environmentScore":[0.0,0.0],"socialScore":[0.0,0.0]},"peerSeries":{"timestamp":[1727740800,1730419200],"esgScore":[20.095000000000006,17.10367441860465],"governanceScore":[3.901666666666667,4.026956521739131],"environmentScore":[4.173333333333333,2.467971014492754],"socialScore":[9.865,9.374637681159424]}}],"error":null}}}