{"update_time":"2025-11-04 14:04:40.356776","data":{"esgChart":{"result":[{"peerGroup":"US Fund Consumer Cyclical","symbolSeries":{"timestamp":[1606780800],"esgScore":[18.96],"governanceScore":[7.25],"environmentScore":[3.69],"socialScore":[7.02]},"peerSeries":{"timestamp":[1606780800],"esgScore":[21.30571428571429],"governanceScore":[6.323170731707315],"environmentScore":[3.5465853658536592],"socialScore":[8.924634146341468]}}],"error":null}}}