{"update_time":"2024-12-04 12:18:00.194940","data":{"esgChart":{"result":[{"peerGroup":"Food Products","symbolSeries":{"timestamp":[1730419200],"esgScore":[22.51],"governanceScore":[2.32],"environmentScore":[11.46],"socialScore":[8.73]},"peerSeries":{"timestamp":[1730419200],"esgScore":[30.339107142857163],"governanceScore":[5.0987068965517235],"environmentScore":[11.703275862068962],"socialScore":[11.015603448275856]}}],"error":null}}}