{"update_time":"2024-12-19 12:19:11.718240","data":{"esgChart":{"result":[{"peerGroup":"Food Products","symbolSeries":{"timestamp":[1730419200,1733011200],"esgScore":[22.51,22.75],"governanceScore":[2.32,2.56],"environmentScore":[11.46,11.46],"socialScore":[8.73,8.73]},"peerSeries":{"timestamp":[1730419200,1733011200],"esgScore":[30.339107142857163,30.482500000000005],"governanceScore":[5.0987068965517235,5.083448275862067],"environmentScore":[11.703275862068962,11.85215517241379],"socialScore":[11.015603448275856,11.06922413793103]}}],"error":null}}}