{"update_time":"2024-12-18 12:49:14.306042","data":{"esgChart":{"result":[{"peerGroup":"Chemicals","symbolSeries":{"timestamp":[1727740800,1730419200,1733011200],"esgScore":[33.39,33.39,33.39],"governanceScore":[0.0,0.0,0.0],"environmentScore":[0.0,0.0,0.0],"socialScore":[0.0,0.0,0.0]},"peerSeries":{"timestamp":[1727740800,1730419200,1733011200],"esgScore":[29.48428571428571,28.19076086956522,28.28934426229508],"governanceScore":[2.8466666666666662,5.159374999999999,5.137083333333332],"environmentScore":[14.14333333333333,13.540104166666667,13.74072916666667],"socialScore":[1.83,6.123437499999999,6.130937499999999]}}],"error":null}}}