{"update_time":"2025-02-13 14:14:10.778880","data":{"esgChart":{"result":[{"peerGroup":"Diversified Financials","symbolSeries":{"timestamp":[1727740800,1730419200,1733011200,1735689600,1738368000],"esgScore":[27.58,23.87,23.87,23.87,23.87],"governanceScore":[0.0,0.0,0.0,0.0,0.0],"environmentScore":[0.0,0.0,0.0,0.0,0.0],"socialScore":[0.0,0.0,0.0,0.0,0.0]},"peerSeries":{"timestamp":[1727740800,1730419200,1733011200,1735689600,1738368000],"esgScore":[27.30876923076923,23.972808988764058,23.876629213483152,23.837521126760574,23.7646218487395],"governanceScore":[10.350909090909092,9.909254658385091,9.883024691358026,9.851349693251533,9.830545454545454],"environmentScore":[1.6604545454545452,1.5136645962732904,1.5319753086419738,1.536012269938649,1.5576969696969685],"socialScore":[10.07090909090909,8.95701863354037,8.920925925925925,8.88687116564417,8.852545454545453]}}],"error":null}}}