{"update_time":"2024-12-08 15:12:37.711276","data":{"esgChart":{"result":[{"peerGroup":"Software & Services","symbolSeries":{"timestamp":[1727740800,1730419200],"esgScore":[21.11,21.11],"governanceScore":[6.3,6.3],"environmentScore":[1.9,1.9],"socialScore":[12.91,12.91]},"peerSeries":{"timestamp":[1727740800,1730419200],"esgScore":[21.91875,20.749752066115704],"governanceScore":[6.047160493827162,5.80553435114504],"environmentScore":[2.80037037037037,2.9668320610687022],"socialScore":[9.712592592592593,9.796335877862584]}}],"error":null}}}