{"update_time":"2025-02-13 14:14:43.304369","data":{"esgChart":{"result":[{"peerGroup":"Media","symbolSeries":{"timestamp":[1730419200,1733011200,1735689600,1738368000],"esgScore":[17.33,17.33,17.33,17.24],"governanceScore":[8.57,8.57,8.57,8.47],"environmentScore":[0.34,0.34,0.34,0.34],"socialScore":[8.42,8.42,8.42,8.42]},"peerSeries":{"timestamp":[1730419200,1733011200,1735689600,1738368000],"esgScore":[15.739136690647493,15.70535714285715,15.681500000000009,15.613571428571436],"governanceScore":[6.172542372881355,6.1804999999999986,6.173999999999999,6.1368333333333345],"environmentScore":[0.5149152542372882,0.5151666666666668,0.514,0.4695],"socialScore":[7.319830508474575,7.3501666666666665,7.3485000000000005,7.353666666666668]}}],"error":null}}}