{"update_time":"2024-12-19 12:19:12.794423","data":{"esgChart":{"result":[{"peerGroup":"Media","symbolSeries":{"timestamp":[1730419200,1733011200],"esgScore":[17.33,17.33],"governanceScore":[8.57,8.57],"environmentScore":[0.34,0.34],"socialScore":[8.42,8.42]},"peerSeries":{"timestamp":[1730419200,1733011200],"esgScore":[15.739136690647493,15.70535714285715],"governanceScore":[6.172542372881355,6.1804999999999986],"environmentScore":[0.5149152542372882,0.5151666666666668],"socialScore":[7.319830508474575,7.3501666666666665]}}],"error":null}}}