{"update_time":"2025-11-04 14:06:08.666942","data":{"esgChart":{"result":[{"peerGroup":"Precious Metals","symbolSeries":{"timestamp":[1727740800,1730419200,1733011200,1735689600,1738368000,1740787200,1743465600,1746057600,1748736000,1751328000,1754006400],"esgScore":[28.57,28.57,28.57,28.57,28.57,28.57,28.57,28.57,28.57,28.57,29.88],"governanceScore":[3.22,3.22,3.22,3.22,3.22,3.22,3.22,3.22,3.22,3.22,3.33],"environmentScore":[15.79,15.79,15.79,15.79,15.79,15.79,15.79,15.79,15.79,15.79,17.08],"socialScore":[9.56,9.56,9.56,9.56,9.56,9.56,9.56,9.56,9.56,9.56,9.47]},"peerSeries":{"timestamp":[1727740800,1730419200,1733011200,1735689600,1738368000,1740787200,1743465600,1746057600,1748736000,1751328000,1754006400],"esgScore":[35.40888888888889,32.06808988764045,32.26561797752808,32.322471910112334,32.2235227272727,32.41873563218388,33.10055555555553,32.79855555555553,33.5632258064516,33.58955555555554,33.43752808988763],"governanceScore":[4.634285714285715,5.057090909090908,5.0992592592592585,5.1285185185185185,5.004339622641509,5.039107142857142,5.182758620689653,5.323333333333334,5.210666666666667,5.228965517241378,5.193275862068965],"environmentScore":[13.620000000000001,12.458909090909087,12.408888888888885,12.468888888888886,12.378490566037735,12.730178571428567,13.011034482758621,12.986166666666668,13.284833333333331,13.386206896551721,13.436034482758616],"socialScore":[9.964285714285714,10.650909090909089,10.789814814814811,10.858518518518515,10.744905660377352,11.07839285714285,11.195517241379305,11.467166666666659,11.709999999999996,11.705517241379306,11.695517241379306]}}],"error":null}}}