{"update_time":"2025-11-04 14:06:11.021220","data":{"esgChart":{"result":[{"peerGroup":"Paper & Forestry","symbolSeries":{"timestamp":[1730419200,1733011200,1735689600,1738368000],"esgScore":[21.33,21.33,21.33,21.33],"governanceScore":[0.0,0.0,0.0,0.0],"environmentScore":[0.0,0.0,0.0,0.0],"socialScore":[0.0,0.0,0.0,0.0]},"peerSeries":{"timestamp":[1730419200,1733011200,1735689600,1738368000],"esgScore":[21.11405405405406,21.284736842105264,21.29657894736842,21.4571052631579],"governanceScore":[3.0974999999999993,2.947894736842105,2.9363157894736838,2.902631578947368],"environmentScore":[10.913999999999998,10.730526315789474,10.748947368421051,10.67],"socialScore":[4.6015,4.444736842105263,4.409473684210526,4.457894736842104]}}],"error":null}}}