{"update_time":"2024-12-08 15:13:42.414775","data":{"esgChart":{"result":[{"peerGroup":"Healthcare","symbolSeries":{"timestamp":[1727740800,1730419200],"esgScore":[31.28,31.28],"governanceScore":[10.56,10.56],"environmentScore":[5.46,5.46],"socialScore":[15.26,15.26]},"peerSeries":{"timestamp":[1727740800,1730419200],"esgScore":[25.107839999999985,23.63607142857143],"governanceScore":[6.648181818181819,6.38878260869565],"environmentScore":[3.321818181818181,2.653217391304347],"socialScore":[12.416363636363634,12.468869565217396]}}],"error":null}}}