{"update_time":"2025-11-04 14:06:55.248353","data":{"esgChart":{"result":[{"peerGroup":"Containers & Packaging","symbolSeries":{"timestamp":[1730419200,1733011200,1735689600,1738368000,1740787200,1743465600,1746057600,1748736000,1751328000,1754006400,1756684800,1759276800],"esgScore":[22.0,22.0,22.0,22.0,21.81,22.44,23.02,23.02,23.02,23.02,23.02,22.75],"governanceScore":[0.0,0.0,0.0,0.0,0.0,0.0,0.0,0.0,0.0,0.0,0.0,0.0],"environmentScore":[0.0,0.0,0.0,0.0,0.0,0.0,0.0,0.0,0.0,0.0,0.0,0.0],"socialScore":[0.0,0.0,0.0,0.0,0.0,0.0,0.0,0.0,0.0,0.0,0.0,0.0]},"peerSeries":{"timestamp":[1730419200,1733011200,1735689600,1738368000,1740787200,1743465600,1746057600,1748736000,1751328000,1754006400,1756684800,1759276800],"esgScore":[17.53909090909091,17.616136363636368,17.663409090909088,17.892558139534884,18.178571428571427,18.21439024390244,17.759736842105262,17.784210526315793,17.68948717948718,17.633333333333333,17.62410256410256,17.499487179487176],"governanceScore":[2.822000000000001,2.8063333333333342,2.785333333333334,2.8224137931034496,2.845172413793104,2.852413793103449,2.8600000000000008,2.81962962962963,2.832592592592593,2.81,2.7725000000000004,2.7746428571428576],"environmentScore":[11.943666666666667,11.930333333333332,11.944999999999999,12.243103448275862,12.665172413793103,12.647241379310346,12.566785714285714,12.805925925925926,12.760370370370369,12.969999999999999,13.001428571428571,12.879285714285713],"socialScore":[1.2806666666666666,1.2846666666666664,1.3259999999999996,1.308620689655172,1.3234482758620687,1.3682758620689652,1.3817857142857137,1.4074074074074068,1.4151851851851847,1.4271428571428573,1.42,1.4067857142857143]}}],"error":null}}}