{"update_time":"2025-11-04 14:07:24.977743","data":{"esgChart":{"result":[{"peerGroup":"Insurance","symbolSeries":{"timestamp":[1730419200,1733011200,1735689600,1738368000,1740787200,1743465600,1746057600,1748736000,1751328000,1754006400,1756684800,1759276800],"esgScore":[33.27,33.27,33.27,33.27,33.27,33.27,33.27,30.57,30.57,30.57,30.57,30.57],"governanceScore":[0.0,0.0,0.0,0.0,0.0,0.0,0.0,0.0,0.0,0.0,0.0,0.0],"environmentScore":[0.0,0.0,0.0,0.0,0.0,0.0,0.0,0.0,0.0,0.0,0.0,0.0],"socialScore":[0.0,0.0,0.0,0.0,0.0,0.0,0.0,0.0,0.0,0.0,0.0,0.0]},"peerSeries":{"timestamp":[1730419200,1733011200,1735689600,1738368000,1740787200,1743465600,1746057600,1748736000,1751328000,1754006400,1756684800,1759276800],"esgScore":[23.217486033519574,23.19050000000001,23.16800000000001,23.144419889502764,23.172513966480448,23.159337016574582,23.1463440860215,23.198172043010747,23.333369565217392,23.428440860215062,23.28612903225807,22.75733695652173],"governanceScore":[9.244173913043477,9.231565217391301,9.229304347826083,9.201120689655168,9.239826086956521,9.246068376068374,9.23479338842975,9.168429752066112,9.231999999999996,9.28183333333333,9.196583333333331,9.076280991735537],"environmentScore":[1.3306956521739126,1.327478260869565,1.3224347826086953,1.319655172413793,1.314260869565217,1.3137606837606834,1.2843801652892561,1.2805785123966944,1.304416666666667,1.3116666666666668,1.2845000000000002,1.2428925619834714],"socialScore":[9.86895652173913,9.862086956521741,9.858608695652178,9.87629310344828,9.866434782608698,9.901282051282054,9.874049586776861,9.880661157024798,9.889250000000006,9.911416666666673,9.807583333333337,9.45115702479339]}}],"error":null}}}