{"update_time":"2024-12-18 12:54:55.017271","data":{"esgChart":{"result":[{"peerGroup":"Machinery","symbolSeries":{"timestamp":[1727740800,1730419200,1733011200],"esgScore":[23.83,29.18,28.73],"governanceScore":[0.0,0.0,0.0],"environmentScore":[0.0,0.0,0.0],"socialScore":[0.0,0.0,0.0]},"peerSeries":{"timestamp":[1727740800,1730419200,1733011200],"esgScore":[28.3,26.047604562737625,26.77321969696968],"governanceScore":[5.4475,5.495258620689656,5.507777777777777],"environmentScore":[7.744999999999999,7.634913793103447,7.945811965811965],"socialScore":[11.945,10.773534482758619,10.801965811965811]}}],"error":null}}}