{"update_time":"2024-12-08 15:17:54.879130","data":{"esgChart":{"result":[{"peerGroup":"Software & Services","symbolSeries":{"timestamp":[1727740800,1730419200],"esgScore":[17.18,17.18],"governanceScore":[6.33,6.33],"environmentScore":[1.42,1.42],"socialScore":[9.44,9.44]},"peerSeries":{"timestamp":[1727740800,1730419200],"esgScore":[21.91875,20.749752066115704],"governanceScore":[6.047160493827162,5.80553435114504],"environmentScore":[2.80037037037037,2.9668320610687022],"socialScore":[9.712592592592593,9.796335877862584]}}],"error":null}}}