{"update_time":"2024-12-19 12:19:30.886111","data":{"esgChart":{"result":[{"peerGroup":"Household Products","symbolSeries":{"timestamp":[1730419200,1733011200],"esgScore":[32.71,32.71],"governanceScore":[0.0,0.0],"environmentScore":[0.0,0.0],"socialScore":[0.0,0.0]},"peerSeries":{"timestamp":[1730419200,1733011200],"esgScore":[26.09235294117646,26.57921568627451],"governanceScore":[5.808387096774195,5.795806451612905],"environmentScore":[9.74548387096774,9.716774193548385],"socialScore":[9.734516129032256,9.688387096774191]}}],"error":null}}}