{"update_time":"2025-11-04 14:08:58.963819","data":{"esgChart":{"result":[{"peerGroup":"Household Products","symbolSeries":{"timestamp":[1730419200,1733011200,1735689600,1738368000,1740787200,1743465600,1746057600,1748736000,1751328000,1754006400,1756684800,1759276800],"esgScore":[32.71,32.71,32.71,34.81,34.81,34.81,34.81,34.81,34.81,34.81,34.81,34.41],"governanceScore":[0.0,0.0,0.0,0.0,0.0,0.0,0.0,0.0,0.0,0.0,0.0,0.0],"environmentScore":[0.0,0.0,0.0,0.0,0.0,0.0,0.0,0.0,0.0,0.0,0.0,0.0],"socialScore":[0.0,0.0,0.0,0.0,0.0,0.0,0.0,0.0,0.0,0.0,0.0,0.0]},"peerSeries":{"timestamp":[1730419200,1733011200,1735689600,1738368000,1740787200,1743465600,1746057600,1748736000,1751328000,1754006400,1756684800,1759276800],"esgScore":[26.09235294117646,26.57921568627451,26.544199999999993,26.662549019607837,26.6313725490196,26.79999999999999,26.554897959183666,26.807450980392144,26.79960784313725,26.567843137254904,26.59078431372549,26.19745098039216],"governanceScore":[5.808387096774195,5.795806451612905,5.872903225806452,5.8403125000000005,5.813125,5.850967741935484,6.010967741935485,6.020937500000002,5.989062500000003,5.8928125000000025,5.861250000000002,5.7134375],"environmentScore":[9.74548387096774,9.716774193548385,9.632580645161289,9.5884375,9.621250000000002,9.62935483870968,9.436129032258066,9.542500000000002,9.3359375,9.246562500000001,9.266562500000001,9.2690625],"socialScore":[9.734516129032256,9.688387096774191,9.623870967741933,9.574375,9.543124999999998,9.53064516129032,9.34354838709677,9.353124999999999,9.296562499999999,9.20125,9.1740625,8.8615625]}}],"error":null}}}