{"update_time":"2024-10-22 13:51:34.321157","data":{"esgChart":{"result":[{"peerGroup":"Chemicals","symbolSeries":{"timestamp":[1727740800],"esgScore":[21.46],"governanceScore":[2.42],"environmentScore":[17.06],"socialScore":[1.97]},"peerSeries":{"timestamp":[1727740800],"esgScore":[29.223333333333336],"governanceScore":[2.8466666666666662],"environmentScore":[14.14333333333333],"socialScore":[1.83]}}],"error":null}}}