{"update_time":"2025-02-13 14:20:57.930548","data":{"esgChart":{"result":[{"peerGroup":"Chemicals","symbolSeries":{"timestamp":[1727740800,1730419200,1733011200,1735689600,1738368000],"esgScore":[21.46,21.46,21.46,21.46,21.46],"governanceScore":[2.42,2.42,2.42,2.42,2.42],"environmentScore":[17.06,17.06,17.06,17.06,17.06],"socialScore":[1.97,1.97,1.97,1.97,1.97]},"peerSeries":{"timestamp":[1727740800,1730419200,1733011200,1735689600,1738368000],"esgScore":[29.48428571428571,28.19076086956522,28.28934426229508,28.305846994535514,28.393461538461533],"governanceScore":[2.8466666666666662,5.159374999999999,5.137083333333332,5.137083333333332,5.101894736842104],"environmentScore":[14.14333333333333,13.540104166666667,13.74072916666667,13.74072916666667,13.949368421052634],"socialScore":[1.83,6.123437499999999,6.130937499999999,6.130937499999999,6.175684210526317]}}],"error":null}}}