{"update_time":"2024-12-08 15:18:50.611327","data":{"esgChart":{"result":[{"peerGroup":"Paper & Forestry","symbolSeries":{"timestamp":[1727740800,1730419200],"esgScore":[17.38,17.62],"governanceScore":[1.33,1.33],"environmentScore":[10.84,11.08],"socialScore":[5.21,5.21]},"peerSeries":{"timestamp":[1727740800,1730419200],"esgScore":[22.203333333333333,21.11405405405406],"governanceScore":[1.695,3.0974999999999993],"environmentScore":[10.379999999999999,10.913999999999998],"socialScore":[4.855,4.6015]}}],"error":null}}}