{"update_time":"2024-12-18 12:59:59.025835","data":{"esgChart":{"result":[{"peerGroup":"Paper & Forestry","symbolSeries":{"timestamp":[1727740800,1730419200,1733011200],"esgScore":[17.38,17.62,17.62],"governanceScore":[1.33,1.33,1.33],"environmentScore":[10.84,11.08,11.08],"socialScore":[5.21,5.21,5.21]},"peerSeries":{"timestamp":[1727740800,1730419200,1733011200],"esgScore":[22.203333333333333,21.11405405405406,21.284736842105264],"governanceScore":[1.695,3.0974999999999993,2.947894736842105],"environmentScore":[10.379999999999999,10.913999999999998,10.730526315789474],"socialScore":[4.855,4.6015,4.444736842105263]}}],"error":null}}}