{"update_time":"2024-12-08 15:19:01.034677","data":{"esgChart":{"result":[{"peerGroup":"Software & Services","symbolSeries":{"timestamp":[1651363200,1654041600,1656633600,1659312000,1661990400,1664582400,1667260800,1669852800,1672531200,1675209600,1677628800,1680307200,1682899200,1685577600,1688169600,1690848000,1693526400,1696118400,1698796800,1701388800,1704067200,1706745600,1709251200,1711929600,1714521600,1717200000,1719792000,1722470400,1725148800,1727740800,1730419200],"esgScore":[32.44,null,null,32.54,null,null,null,null,null,null,null,null,null,null,null,null,34.08,null,null,null,null,null,null,null,null,null,null,null,null,32.73,32.73],"governanceScore":[10.41,null,null,10.51,null,null,null,null,null,null,null,null,null,null,null,null,10.29,null,null,null,null,null,null,null,null,null,null,null,null,8.68,8.68],"environmentScore":[1.02,null,null,1.02,null,null,null,null,null,null,null,null,null,null,null,null,2.71,null,null,null,null,null,null,null,null,null,null,null,null,2.41,2.41],"socialScore":[21.01,null,null,21.01,null,null,null,null,null,null,null,null,null,null,null,null,21.09,null,null,null,null,null,null,null,null,null,null,null,null,21.64,21.64]},"peerSeries":{"timestamp":[1651363200,1654041600,1656633600,1659312000,1661990400,1664582400,1667260800,1669852800,1672531200,1675209600,1677628800,1680307200,1682899200,1685577600,1688169600,1690848000,1693526400,1696118400,1698796800,1701388800,1704067200,1706745600,1709251200,1711929600,1714521600,1717200000,1719792000,1722470400,1725148800,1727740800,1730419200],"esgScore":[18.05320754716981,null,null,17.753523809523806,18.39118421052631,18.436315789473678,18.43315789473684,17.288653846153842,18.43026315789474,17.067999999999998,17.231399999999997,17.387199999999996,null,null,null,null,18.17809523809525,null,null,null,24.93176470588235,null,null,null,null,null,24.493333333333332,null,22.47,21.91875,20.749752066115704],"governanceScore":[6.889615384615387,null,null,6.586407766990292,6.846621621621624,6.807162162162164,6.796081081081083,6.081999999999999,6.773243243243243,6.070208333333331,6.075833333333331,6.103749999999997,null,null,null,null,6.753495145631067,null,null,null,null,null,null,null,null,null,7.005,null,null,6.047160493827162,5.80553435114504],"environmentScore":[1.4834615384615388,null,null,1.6194174757281556,1.7420270270270273,1.8344594594594599,1.9078378378378387,1.9534000000000002,1.9593243243243244,2.1110416666666665,2.3162499999999997,2.412708333333333,null,null,null,null,2.5702912621359224,null,null,null,null,null,null,null,null,null,4.1,null,null,2.80037037037037,2.9668320610687022],"socialScore":[9.684615384615386,null,null,9.547378640776701,9.818513513513516,9.812432432432434,9.746351351351354,9.232999999999999,9.715270270270274,8.873958333333333,8.833749999999998,8.872499999999999,null,null,null,null,8.862038834951454,null,null,null,null,null,null,null,null,null,13.34,null,null,9.712592592592593,9.796335877862584]}}],"error":null}}}