{"update_time":"2024-12-04 12:18:11.537501","data":{"esgChart":{"result":[{"peerGroup":"Oil & Gas Producers","symbolSeries":{"timestamp":[1730419200],"esgScore":[48.8],"governanceScore":[0.0],"environmentScore":[0.0],"socialScore":[0.0]},"peerSeries":{"timestamp":[1730419200],"esgScore":[40.66664670658685],"governanceScore":[6.480229885057474],"environmentScore":[21.059310344827583],"socialScore":[9.211034482758624]}}],"error":null}}}