{"update_time":"2025-11-04 14:10:50.785908","data":{"esgChart":{"result":[{"peerGroup":"EAA CE Other","symbolSeries":{"timestamp":[1517443200,1519862400,1522540800,1525132800,1527811200,1530403200,1533081600,1535760000],"esgScore":[50.64,50.22,50.11,49.14,48.77,48.77,50.36,50.36],"governanceScore":[46.21,45.73,45.36,44.69,43.42,43.42,46.48,46.48],"environmentScore":[54.55,54.42,54.6,54.88,54.21,54.21,55.43,55.43],"socialScore":[51.75,51.12,51.03,51.63,52.03,52.03,52.06,52.06]},"peerSeries":{"timestamp":[1517443200,1519862400,1522540800,1525132800,1527811200,1530403200,1533081600,1535760000],"esgScore":[45.7325,44.327999999999996,44.468,44.382,44.42,45.76166666666666,45.08857142857143,46.416000000000004],"governanceScore":[50.767500000000005,49.102,49.176,49.041999999999994,48.85,50.446666666666665,49.47428571428572,52.525999999999996],"environmentScore":[52.8575,51.46,51.60600000000001,51.672000000000004,51.664,52.97333333333333,50.89714285714285,52.81],"socialScore":[50.8275,49.822,50.004000000000005,50.233999999999995,50.64,52.23166666666666,50.44,51.136]}}],"error":null}}}