{"update_time":"2025-11-04 14:12:27.106857","data":{"esgChart":{"result":[{"peerGroup":"Canada Fund Global Equity","symbolSeries":{"timestamp":[1538352000,1541030400],"esgScore":[53.73,53.35],"governanceScore":[53.08,52.33],"environmentScore":[57.26,56.03],"socialScore":[55.79,54.84]},"peerSeries":{"timestamp":[1538352000,1541030400],"esgScore":[48.31392156862745,48.22891089108911],"governanceScore":[52.78029411764707,52.7558415841584],"environmentScore":[55.57882352941173,55.41435643564356],"socialScore":[53.82392156862744,53.79198019801981]}}],"error":null}}}