{"update_time":"2024-12-08 15:20:50.773280","data":{"esgChart":{"result":[{"peerGroup":"Technology Hardware","symbolSeries":{"timestamp":[1727740800,1730419200],"esgScore":[10.13,10.13],"governanceScore":[3.11,3.11],"environmentScore":[3.63,3.63],"socialScore":[3.39,3.39]},"peerSeries":{"timestamp":[1727740800,1730419200],"esgScore":[15.827105263157902,15.839243697478981],"governanceScore":[4.245,4.913255813953486],"environmentScore":[1.957222222222222,3.148139534883721],"socialScore":[4.912222222222223,5.26174418604651]}}],"error":null}}}