{"update_time":"2024-12-18 13:05:22.054616","data":{"esgChart":{"result":[{"peerGroup":"Technology Hardware","symbolSeries":{"timestamp":[1727740800,1730419200,1733011200],"esgScore":[10.13,10.13,10.13],"governanceScore":[3.11,3.11,3.11],"environmentScore":[3.63,3.63,3.63],"socialScore":[3.39,3.39,3.39]},"peerSeries":{"timestamp":[1727740800,1730419200,1733011200],"esgScore":[15.827105263157902,15.839243697478981,15.97586497890294],"governanceScore":[4.245,4.913255813953486,4.916235294117645],"environmentScore":[1.957222222222222,3.148139534883721,3.251882352941176],"socialScore":[4.912222222222223,5.26174418604651,5.219764705882351]}}],"error":null}}}