{"update_time":"2024-10-22 13:51:40.904796","data":{"esgChart":{"result":[{"peerGroup":"Diversified Financials","symbolSeries":{"timestamp":[1727740800],"esgScore":[13.87],"governanceScore":[6.1],"environmentScore":[1.84],"socialScore":[5.93]},"peerSeries":{"timestamp":[1727740800],"esgScore":[27.207460317460317],"governanceScore":[10.350909090909092],"environmentScore":[1.6604545454545452],"socialScore":[10.07090909090909]}}],"error":null}}}