{"update_time":"2025-05-14 13:20:03.547517","data":{"esgChart":{"result":[{"peerGroup":"Pharmaceuticals","symbolSeries":{"timestamp":[1743465600,1746057600],"esgScore":[41.03,41.03],"governanceScore":[0.0,0.0],"environmentScore":[0.0,0.0],"socialScore":[0.0,0.0]},"peerSeries":{"timestamp":[1743465600,1746057600],"esgScore":[28.698548707753503,28.735040485829977],"governanceScore":[6.198620689655174,6.1139864864864855],"environmentScore":[2.527034482758622,2.629797297297298],"socialScore":[13.53889655172414,13.485945945945947]}}],"error":null}}}