{"update_time":"2025-11-04 14:13:54.363184","data":{"esgChart":{"result":[{"peerGroup":"US CE Multisector Bond","symbolSeries":{"timestamp":[1519862400,1522540800,1525132800,1527811200,1530403200],"esgScore":[47.0,47.51,47.63,47.36,47.36],"governanceScore":[50.43,50.66,50.7,50.65,50.65],"environmentScore":[51.52,51.96,52.26,52.1,52.1],"socialScore":[48.54,49.01,49.12,49.06,49.06]},"peerSeries":{"timestamp":[1519862400,1522540800,1525132800,1527811200,1530403200],"esgScore":[41.995000000000005,42.28,42.504999999999995,42.54,42.54],"governanceScore":[50.655,50.974999999999994,50.92,50.815,50.980000000000004],"environmentScore":[51.05500000000001,51.46,51.67,51.485,51.69],"socialScore":[48.64,49.11,49.315,49.21,49.355000000000004]}}],"error":null}}}