{"update_time":"2025-11-04 14:14:03.194945","data":{"esgChart":{"result":[{"peerGroup":"Consumer Services","symbolSeries":{"timestamp":[1748736000,1751328000,1754006400,1756684800,1759276800],"esgScore":[27.34,27.34,27.34,27.34,26.57],"governanceScore":[0.0,0.0,0.0,0.0,0.0],"environmentScore":[0.0,0.0,0.0,0.0,0.0],"socialScore":[0.0,0.0,0.0,0.0,0.0]},"peerSeries":{"timestamp":[1748736000,1751328000,1754006400,1756684800,1759276800],"esgScore":[24.814019138755974,24.918476190476188,24.84644549763032,24.83966666666666,24.268142857142863],"governanceScore":[5.3396470588235285,5.301264367816091,5.319550561797752,5.238735632183909,5.076363636363639],"environmentScore":[6.736000000000001,6.844022988505746,6.882584269662921,6.896206896551723,6.792386363636364],"socialScore":[10.670117647058822,10.615862068965516,10.569887640449435,10.607471264367815,10.196704545454551]}}],"error":null}}}