{"update_time":"2025-08-25 21:14:24.024968","data":{"esgChart":{"result":[{"peerGroup":"Consumer Services","symbolSeries":{"timestamp":[1748736000,1751328000,1754006400],"esgScore":[27.34,27.34,27.34],"governanceScore":[0.0,0.0,0.0],"environmentScore":[0.0,0.0,0.0],"socialScore":[0.0,0.0,0.0]},"peerSeries":{"timestamp":[1748736000,1751328000,1754006400],"esgScore":[24.814019138755974,24.918476190476188,24.84644549763032],"governanceScore":[5.3396470588235285,5.301264367816091,5.319550561797752],"environmentScore":[6.736000000000001,6.844022988505746,6.882584269662921],"socialScore":[10.670117647058822,10.615862068965516,10.569887640449435]}}],"error":null}}}