{"update_time":"2025-09-02 14:24:23.054245","data":{"esgChart":{"result":[{"peerGroup":"Pharmaceuticals","symbolSeries":{"timestamp":[1751328000,1754006400],"esgScore":[38.81,38.81],"governanceScore":[0.0,0.0],"environmentScore":[0.0,0.0],"socialScore":[0.0,0.0]},"peerSeries":{"timestamp":[1751328000,1754006400],"esgScore":[29.375306930693093,29.51563492063495],"governanceScore":[6.09472972972973,6.0218367346938795],"environmentScore":[2.778108108108109,2.8656462585034013],"socialScore":[13.475810810810813,13.43047619047619]}}],"error":null}}}