{"update_time":"2025-02-13 14:32:49.822476","data":{"esgChart":{"result":[{"peerGroup":"Utilities","symbolSeries":{"timestamp":[1727740800,1730419200,1733011200,1735689600,1738368000],"esgScore":[46.96,46.96,46.96,46.96,46.96],"governanceScore":[0.0,0.0,0.0,0.0,0.0],"environmentScore":[0.0,0.0,0.0,0.0,0.0],"socialScore":[0.0,0.0,0.0,0.0,0.0]},"peerSeries":{"timestamp":[1727740800,1730419200,1733011200,1735689600,1738368000],"esgScore":[33.97648648648649,27.886468085106358,27.956751054852298,28.287038626609416,28.54615384615383],"governanceScore":[4.183333333333334,5.0064968152866225,4.996962025316454,5.023290322580643,5.011548387096774],"environmentScore":[7.165,10.325796178343946,10.282088607594934,10.411677419354838,10.438516129032259],"socialScore":[9.004999999999999,9.850700636942678,9.863291139240507,10.135870967741939,10.331935483870966]}}],"error":null}}}