{"update_time":"2025-03-04 17:45:37.455606","data":{"esgChart":{"result":[{"peerGroup":"Healthcare","symbolSeries":{"timestamp":[1730419200,1733011200,1735689600,1738368000],"esgScore":[23.14,22.84,22.84,22.84],"governanceScore":[5.13,5.09,5.09,5.09],"environmentScore":[0.3,0.28,0.28,0.28],"socialScore":[17.71,17.47,17.47,17.47]},"peerSeries":{"timestamp":[1730419200,1733011200,1735689600,1738368000],"esgScore":[23.63607142857143,23.61544262295082,23.609477124183005,23.636372549019608],"governanceScore":[6.38878260869565,6.38086956521739,6.289572649572649,6.276581196581196],"environmentScore":[2.653217391304347,2.6531304347826072,2.635213675213674,2.6327350427350416],"socialScore":[12.468869565217396,12.473913043478264,12.402136752136753,12.395470085470087]}}],"error":null}}}