{"update_time":"2024-12-04 12:18:15.810540","data":{"esgChart":{"result":[{"peerGroup":"Healthcare","symbolSeries":{"timestamp":[1730419200],"esgScore":[23.14],"governanceScore":[5.13],"environmentScore":[0.3],"socialScore":[17.71]},"peerSeries":{"timestamp":[1730419200],"esgScore":[23.63607142857143],"governanceScore":[6.38878260869565],"environmentScore":[2.653217391304347],"socialScore":[12.468869565217396]}}],"error":null}}}