{"update_time":"2024-12-19 12:19:50.114910","data":{"esgChart":{"result":[{"peerGroup":"Healthcare","symbolSeries":{"timestamp":[1730419200,1733011200],"esgScore":[23.14,22.84],"governanceScore":[5.13,5.09],"environmentScore":[0.3,0.28],"socialScore":[17.71,17.47]},"peerSeries":{"timestamp":[1730419200,1733011200],"esgScore":[23.63607142857143,23.61544262295082],"governanceScore":[6.38878260869565,6.38086956521739],"environmentScore":[2.653217391304347,2.6531304347826072],"socialScore":[12.468869565217396,12.473913043478264]}}],"error":null}}}