{"update_time":"2024-12-04 12:18:18.998194","data":{"esgChart":{"result":[{"peerGroup":"Diversified Metals","symbolSeries":{"timestamp":[1730419200],"esgScore":[47.13],"governanceScore":[8.34],"environmentScore":[22.31],"socialScore":[16.47]},"peerSeries":{"timestamp":[1730419200],"esgScore":[37.42411764705881],"governanceScore":[5.9679629629629645],"environmentScore":[14.932962962962959],"socialScore":[11.432592592592588]}}],"error":null}}}