{"update_time":"2024-12-19 12:19:56.548464","data":{"esgChart":{"result":[{"peerGroup":"Diversified Metals","symbolSeries":{"timestamp":[1730419200,1733011200],"esgScore":[47.13,47.13],"governanceScore":[8.34,8.34],"environmentScore":[22.31,22.31],"socialScore":[16.47,16.47]},"peerSeries":{"timestamp":[1730419200,1733011200],"esgScore":[37.42411764705881,37.63224999999998],"governanceScore":[5.9679629629629645,5.966607142857144],"environmentScore":[14.932962962962959,15.219285714285713],"socialScore":[11.432592592592588,11.48892857142857]}}],"error":null}}}