{"update_time":"2025-11-04 14:15:13.108418","data":{"esgChart":{"result":[{"peerGroup":"Auto Components","symbolSeries":{"timestamp":[1754006400],"esgScore":[18.69],"governanceScore":[0.0],"environmentScore":[0.0],"socialScore":[0.0]},"peerSeries":{"timestamp":[1754006400],"esgScore":[20.589156626506025],"governanceScore":[6.0666666666666655],"environmentScore":[5.647272727272726],"socialScore":[5.860909090909091]}}],"error":null}}}