{"update_time":"2025-11-04 14:15:49.724352","data":{"esgChart":{"result":[{"peerGroup":"EAA CE UK Mid-Cap Equity","symbolSeries":{"timestamp":[1517443200,1519862400,1522540800,1525132800,1527811200,1530403200,1533081600,1535760000,1538352000],"esgScore":[49.19,49.54,49.33,49.41,50.02,50.02,50.08,50.16,50.16],"governanceScore":[48.62,49.28,49.15,49.58,50.13,50.13,49.69,49.63,49.63],"environmentScore":[50.28,50.69,50.55,50.86,51.17,51.17,51.55,51.44,51.44],"socialScore":[49.66,49.71,49.64,49.89,50.58,50.58,51.49,51.63,51.63]},"peerSeries":{"timestamp":[1517443200,1519862400,1522540800,1525132800,1527811200,1530403200,1533081600,1535760000,1538352000],"esgScore":[48.375,48.6225,48.3875,48.4325,48.855000000000004,48.855000000000004,48.8775,48.712500000000006,48.629999999999995],"governanceScore":[49.4125,49.875,49.7125,50.072500000000005,50.4225,50.4225,50.115,49.932500000000005,49.625],"environmentScore":[50.112500000000004,50.417500000000004,50.364999999999995,50.602500000000006,50.6225,50.6225,50.817499999999995,50.6825,50.685],"socialScore":[49.9525,49.9975,49.7175,49.89,50.385000000000005,50.385000000000005,50.95,51.0925,50.96]}}],"error":null}}}