{"update_time":"2024-12-08 15:27:02.856610","data":{"esgChart":{"result":[{"peerGroup":"Pharmaceuticals","symbolSeries":{"timestamp":[1727740800,1730419200],"esgScore":[16.11,16.11],"governanceScore":[5.75,5.75],"environmentScore":[1.63,1.63],"socialScore":[8.74,8.74]},"peerSeries":{"timestamp":[1727740800,1730419200],"esgScore":[28.313461538461517,27.172400793650795],"governanceScore":[6.1897222222222235,6.379929577464789],"environmentScore":[1.6988888888888891,2.1654929577464794],"socialScore":[15.03638888888889,13.70514084507042]}}],"error":null}}}