{"update_time":"2024-12-04 12:18:20.138554","data":{"esgChart":{"result":[{"peerGroup":"Commercial Services","symbolSeries":{"timestamp":[1730419200],"esgScore":[18.45],"governanceScore":[5.71],"environmentScore":[2.66],"socialScore":[10.08]},"peerSeries":{"timestamp":[1730419200],"esgScore":[17.10367441860465],"governanceScore":[4.026956521739131],"environmentScore":[2.467971014492754],"socialScore":[9.374637681159424]}}],"error":null}}}