{"update_time":"2025-11-04 14:17:00.947098","data":{"esgChart":{"result":[{"peerGroup":"EAA Fund Other Equity","symbolSeries":{"timestamp":[1517443200,1519862400,1522540800,1525132800,1527811200,1530403200,1533081600,1535760000,1538352000,1541030400],"esgScore":[65.2,65.2,65.39,65.39,65.39,65.39,65.39,65.44,65.44,65.44],"governanceScore":[61.23,61.23,61.38,61.55,61.55,61.55,61.55,61.07,61.07,61.07],"environmentScore":[64.79,64.79,64.54,64.3,64.3,64.3,64.3,64.11,64.11,64.11],"socialScore":[63.49,63.49,63.76,63.83,63.83,63.83,63.83,64.71,64.71,64.71]},"peerSeries":{"timestamp":[1517443200,1519862400,1522540800,1525132800,1527811200,1530403200,1533081600,1535760000,1538352000,1541030400],"esgScore":[48.59777047522758,48.31474008376461,48.32024609559883,48.34954576580716,48.34711030904578,48.34108210620273,48.3338821719055,48.41879948364909,48.383242959226465,48.30528890763393],"governanceScore":[52.00330637007098,51.74365360926359,51.79258163748272,51.8013649851632,51.81968193097228,51.80399375278888,51.79051220048361,51.92351764199639,51.886176965111254,51.85818220160251],"environmentScore":[54.44168099089997,54.32973638827338,54.312046852815925,54.344608536863745,54.371315136475964,54.38284471218163,54.40582985271494,54.54899096385526,54.546195880622435,54.451933783213995],"socialScore":[53.49698179979738,53.400684897758175,53.42853762423088,53.476386669709896,53.511087299797,53.50395582329332,53.523690921081574,53.6534251290878,53.7073581336696,53.67262758329801]}}],"error":null}}}