{"update_time":"2024-12-04 12:18:20.341819","data":{"esgChart":{"result":[{"peerGroup":"Media","symbolSeries":{"timestamp":[1730419200],"esgScore":[17.38],"governanceScore":[8.81],"environmentScore":[0.36],"socialScore":[8.21]},"peerSeries":{"timestamp":[1730419200],"esgScore":[15.739136690647493],"governanceScore":[6.172542372881355],"environmentScore":[0.5149152542372882],"socialScore":[7.319830508474575]}}],"error":null}}}