{"update_time":"2025-02-13 14:40:22.826347","data":{"esgChart":{"result":[{"peerGroup":"Media","symbolSeries":{"timestamp":[1730419200,1733011200,1735689600,1738368000],"esgScore":[17.38,17.38,17.38,17.38],"governanceScore":[8.81,8.81,8.81,8.81],"environmentScore":[0.36,0.36,0.36,0.36],"socialScore":[8.21,8.21,8.21,8.21]},"peerSeries":{"timestamp":[1730419200,1733011200,1735689600,1738368000],"esgScore":[15.739136690647493,15.70535714285715,15.681500000000009,15.613571428571436],"governanceScore":[6.172542372881355,6.1804999999999986,6.173999999999999,6.1368333333333345],"environmentScore":[0.5149152542372882,0.5151666666666668,0.514,0.4695],"socialScore":[7.319830508474575,7.3501666666666665,7.3485000000000005,7.353666666666668]}}],"error":null}}}