{"update_time":"2024-12-19 12:20:00.912824","data":{"esgChart":{"result":[{"peerGroup":"Consumer Services","symbolSeries":{"timestamp":[1730419200,1733011200],"esgScore":[26.84,26.84],"governanceScore":[5.37,5.37],"environmentScore":[10.85,10.85],"socialScore":[10.61,10.61]},"peerSeries":{"timestamp":[1730419200,1733011200],"esgScore":[24.887383177570083,24.813474178403748],"governanceScore":[5.635421686746988,5.629277108433734],"environmentScore":[6.204698795180725,6.255542168674702],"socialScore":[10.488795180722889,10.500722891566262]}}],"error":null}}}