{"update_time":"2025-03-04 17:48:11.716439","data":{"esgChart":{"result":[{"peerGroup":"Steel","symbolSeries":{"timestamp":[1730419200,1733011200,1735689600,1738368000],"esgScore":[30.67,30.67,30.67,30.67],"governanceScore":[0.0,0.0,0.0,0.0],"environmentScore":[0.0,0.0,0.0,0.0],"socialScore":[0.0,0.0,0.0,0.0]},"peerSeries":{"timestamp":[1730419200,1733011200,1735689600,1738368000],"esgScore":[34.34549019607843,34.5152,34.49100000000001,34.42755102040817],"governanceScore":[5.75,5.6031818181818185,5.44,5.406818181818182],"environmentScore":[12.178181818181816,12.220454545454546,12.509545454545457,12.459545454545458],"socialScore":[11.872727272727275,11.68090909090909,11.500000000000002,11.325]}}],"error":null}}}