{"update_time":"2024-12-19 12:20:01.865048","data":{"esgChart":{"result":[{"peerGroup":"Construction & Engineering","symbolSeries":{"timestamp":[1730419200,1733011200],"esgScore":[38.78,39.02],"governanceScore":[10.88,10.88],"environmentScore":[12.24,12.24],"socialScore":[15.66,15.9]},"peerSeries":{"timestamp":[1730419200,1733011200],"esgScore":[33.4324060150376,34.06503759398497],"governanceScore":[7.260208333333332,7.246874999999999],"environmentScore":[10.69041666666667,10.810416666666669],"socialScore":[12.61125,12.567916666666667]}}],"error":null}}}