{"update_time":"2024-12-04 12:18:21.065126","data":{"esgChart":{"result":[{"peerGroup":"Construction & Engineering","symbolSeries":{"timestamp":[1730419200],"esgScore":[38.78],"governanceScore":[10.88],"environmentScore":[12.24],"socialScore":[15.66]},"peerSeries":{"timestamp":[1730419200],"esgScore":[33.4324060150376],"governanceScore":[7.260208333333332],"environmentScore":[10.69041666666667],"socialScore":[12.61125]}}],"error":null}}}