{"update_time":"2024-12-04 12:18:21.448773","data":{"esgChart":{"result":[{"peerGroup":"Refiners & Pipelines","symbolSeries":{"timestamp":[1730419200],"esgScore":[27.48],"governanceScore":[3.69],"environmentScore":[14.9],"socialScore":[8.89]},"peerSeries":{"timestamp":[1730419200],"esgScore":[32.28977528089889],"governanceScore":[3.317317073170732],"environmentScore":[15.065365853658536],"socialScore":[9.36048780487805]}}],"error":null}}}