{"update_time":"2025-11-04 14:20:44.565360","data":{"esgChart":{"result":[{"peerGroup":"US CE Miscellaneous Region","symbolSeries":{"timestamp":[1517443200,1519862400,1522540800,1525132800,1527811200,1530403200,1533081600,1535760000,1538352000,1541030400,1543622400,1546300800],"esgScore":[50.66,50.66,50.66,50.28,50.28,50.28,51.15,51.15,51.15,51.79,51.79,51.87],"governanceScore":[54.2,54.2,54.2,54.04,54.04,54.04,54.72,54.72,54.72,55.56,55.56,55.9],"environmentScore":[49.78,49.78,49.78,49.13,49.13,49.13,49.35,49.35,49.35,49.46,49.46,49.02],"socialScore":[49.54,49.54,49.54,49.7,49.7,49.7,51.83,51.83,51.83,52.75,52.75,52.51]},"peerSeries":{"timestamp":[1517443200,1519862400,1522540800,1525132800,1527811200,1530403200,1533081600,1535760000,1538352000,1541030400,1543622400,1546300800],"esgScore":[47.032222222222224,47.02875,46.908750000000005,47.42625,47.47625,47.487500000000004,47.60875,47.56500000000001,48.07000000000001,48.048571428571435,47.91571428571429,49.03333333333333],"governanceScore":[51.75222222222223,51.70625,51.55875,51.98125,52.0375,52.04625,52.1975,52.456250000000004,53.056250000000006,53.07142857142857,53.08142857142858,53.818333333333335],"environmentScore":[51.596666666666664,52.660000000000004,52.8025,52.88875,52.75625,52.7975,52.88250000000001,52.878750000000004,53.38250000000001,53.845714285714294,53.91857142857144,54.48500000000001],"socialScore":[52.042222222222215,52.21375,52.246249999999996,52.489999999999995,52.50874999999999,52.537499999999994,53.214999999999996,52.9925,53.44,53.637142857142855,53.78857142857142,54.80166666666667]}}],"error":null}}}