{"update_time":"2025-02-13 14:43:06.183677","data":{"esgChart":{"result":[{"peerGroup":"Containers & Packaging","symbolSeries":{"timestamp":[1730419200,1733011200,1735689600,1738368000],"esgScore":[21.23,20.91,20.91,20.91],"governanceScore":[0.0,0.0,0.0,0.0],"environmentScore":[0.0,0.0,0.0,0.0],"socialScore":[0.0,0.0,0.0,0.0]},"peerSeries":{"timestamp":[1730419200,1733011200,1735689600,1738368000],"esgScore":[17.53909090909091,17.616136363636368,17.663409090909088,17.892558139534884],"governanceScore":[2.822000000000001,2.8063333333333342,2.785333333333334,2.8224137931034496],"environmentScore":[11.943666666666667,11.930333333333332,11.944999999999999,12.243103448275862],"socialScore":[1.2806666666666666,1.2846666666666664,1.3259999999999996,1.308620689655172]}}],"error":null}}}