{"update_time":"2024-10-18 16:04:34.615560","data":{"esgChart":{"result":[{"peerGroup":"EAA CE Global Large-Cap Blend Equity","symbolSeries":{"timestamp":[1517443200,1519862400,1522540800,1525132800,1527811200,1530403200,1533081600,1535760000,1538352000,1541030400],"esgScore":[56.14,55.92,56.24,56.62,56.61,56.61,56.68,56.32,56.32,56.41],"governanceScore":[54.72,54.32,54.94,55.04,55.21,55.21,55.49,55.24,55.24,54.95],"environmentScore":[55.61,55.54,55.68,56.07,55.96,55.96,56.25,56.09,56.09,56.36],"socialScore":[55.46,55.21,55.52,55.87,55.88,55.88,55.46,55.01,55.01,55.1]},"peerSeries":{"timestamp":[1517443200,1519862400,1522540800,1525132800,1527811200,1530403200,1533081600,1535760000,1538352000,1541030400],"esgScore":[50.247,50.311,50.45399999999999,50.053333333333335,49.54800000000001,49.93,50.06583333333333,49.805454545454545,49.71583333333333,49.655],"governanceScore":[53.652,53.67100000000001,53.887,53.725,54.038,53.77,53.70416666666667,53.36454545454546,53.29583333333334,53.29333333333333],"environmentScore":[56.34100000000001,56.464,56.563,56.26500000000001,56.294999999999995,56.1625,56.350833333333334,56.124545454545455,56.02,55.82583333333333],"socialScore":[55.279999999999994,55.294,55.428,55.5325,55.551999999999985,55.46333333333332,55.56666666666666,55.38727272727272,55.23833333333334,55.31583333333333]}}],"error":null}}}