{"update_time":"2025-11-04 14:21:01.303753","data":{"esgChart":{"result":[{"peerGroup":"EAA CE Global Large-Cap Blend Equity","symbolSeries":{"timestamp":[1517443200,1519862400,1522540800,1525132800,1527811200,1530403200,1533081600,1535760000,1538352000,1541030400],"esgScore":[56.14,55.92,56.24,56.62,56.61,56.61,56.68,56.32,56.32,56.41],"governanceScore":[54.72,54.32,54.94,55.04,55.21,55.21,55.49,55.24,55.24,54.95],"environmentScore":[55.61,55.54,55.68,56.07,55.96,55.96,56.25,56.09,56.09,56.36],"socialScore":[55.46,55.21,55.52,55.87,55.88,55.88,55.46,55.01,55.01,55.1]},"peerSeries":{"timestamp":[1517443200,1519862400,1522540800,1525132800,1527811200,1530403200,1533081600,1535760000,1538352000,1541030400],"esgScore":[50.247,50.311,50.45399999999999,50.23818181818181,49.71555555555556,50.10727272727272,50.25090909090909,50.011,49.90272727272727,49.83545454545455],"governanceScore":[53.652,53.67100000000001,53.887,53.8,54.15888888888889,53.85818181818181,53.791818181818186,53.427,53.38636363636363,53.379090909090905],"environmentScore":[56.34100000000001,56.464,56.563,56.42272727272728,56.48888888888888,56.31272727272728,56.50090909090909,56.286,56.186363636363645,55.99818181818182],"socialScore":[55.279999999999994,55.294,55.428,55.61909090909091,55.678888888888885,55.5590909090909,55.658181818181816,55.486000000000004,55.347272727272724,55.405454545454546]}}],"error":null}}}