{"update_time":"2025-05-14 13:25:22.416659","data":{"esgChart":{"result":[{"peerGroup":"Retailing","symbolSeries":{"timestamp":[1730419200,1733011200,1735689600,1738368000,1740787200,1743465600,1746057600],"esgScore":[25.75,25.75,25.75,25.75,25.75,25.75,25.75],"governanceScore":[0.0,0.0,0.0,0.0,0.0,0.0,0.0],"environmentScore":[0.0,0.0,0.0,0.0,0.0,0.0,0.0],"socialScore":[0.0,0.0,0.0,0.0,0.0,0.0,0.0]},"peerSeries":{"timestamp":[1730419200,1733011200,1735689600,1738368000,1740787200,1743465600,1746057600],"esgScore":[17.983197026022317,18.017666666666678,18.09100000000001,18.190970149253744,18.226179775280904,18.27291044776119,18.20996212121212],"governanceScore":[4.282136752136752,4.2823076923076915,4.274017094017093,4.269145299145298,4.2403389830508464,4.231680672268907,4.253583333333333],"environmentScore":[3.7912820512820513,3.7893162393162396,3.79974358974359,3.7909401709401704,3.8650847457627115,3.8761344537815123,3.7984999999999998],"socialScore":[9.143760683760691,9.142820512820517,9.120769230769236,9.102820512820516,9.068728813559325,9.035714285714288,8.999166666666667]}}],"error":null}}}