{"update_time":"2025-05-14 13:25:45.184693","data":{"esgChart":{"result":[{"peerGroup":"Food Retailers","symbolSeries":{"timestamp":[1730419200,1733011200],"esgScore":[16.72,16.72],"governanceScore":[0.0,0.0],"environmentScore":[0.0,0.0],"socialScore":[0.0,0.0]},"peerSeries":{"timestamp":[1730419200,1733011200],"esgScore":[21.42108108108108,21.799054054054057],"governanceScore":[4.581666666666668,4.586904761904763],"environmentScore":[6.4678571428571425,6.465714285714284],"socialScore":[10.541904761904762,10.531904761904762]}}],"error":null}}}