{"update_time":"2024-12-18 13:30:27.446556","data":{"esgChart":{"result":[{"peerGroup":"Software & Services","symbolSeries":{"timestamp":[1733011200],"esgScore":[22.18],"governanceScore":[3.92],"environmentScore":[6.87],"socialScore":[11.39]},"peerSeries":{"timestamp":[1733011200],"esgScore":[20.741456953642388],"governanceScore":[5.763629343629346],"environmentScore":[2.974131274131274],"socialScore":[9.807606177606166]}}],"error":null}}}