{"update_time":"2025-03-28 14:49:39.423185","data":{"esgChart":{"result":[{"peerGroup":"Software & Services","symbolSeries":{"timestamp":[1733011200,1735689600,1738368000,1740787200],"esgScore":[22.18,22.18,22.18,22.18],"governanceScore":[3.92,3.92,3.92,3.92],"environmentScore":[6.87,6.87,6.87,6.87],"socialScore":[11.39,11.39,11.39,11.39]},"peerSeries":{"timestamp":[1733011200,1735689600,1738368000,1740787200],"esgScore":[20.741456953642388,20.740710743801657,20.810630182421228,20.78758793969849],"governanceScore":[5.763629343629346,5.76223076923077,5.750697674418606,5.662929687499999],"environmentScore":[2.974131274131274,2.9947307692307694,3.008565891472868,3.057656249999999],"socialScore":[9.807606177606166,9.812038461538451,9.848488372093012,9.885351562499995]}}],"error":null}}}