{"update_time":"2024-12-08 15:33:51.394165","data":{"esgChart":{"result":[{"peerGroup":"Pharmaceuticals","symbolSeries":{"timestamp":[1727740800,1730419200],"esgScore":[22.01,22.01],"governanceScore":[5.87,5.87],"environmentScore":[1.98,1.98],"socialScore":[14.16,14.16]},"peerSeries":{"timestamp":[1727740800,1730419200],"esgScore":[28.313461538461517,27.172400793650795],"governanceScore":[6.1897222222222235,6.379929577464789],"environmentScore":[1.6988888888888891,2.1654929577464794],"socialScore":[15.03638888888889,13.70514084507042]}}],"error":null}}}