{"update_time":"2025-11-04 14:22:22.457894","data":{"esgChart":{"result":[{"peerGroup":"Banks","symbolSeries":{"timestamp":[1727740800,1730419200,1733011200,1735689600,1738368000,1740787200,1743465600,1746057600,1748736000,1751328000,1754006400,1756684800,1759276800],"esgScore":[26.93,26.93,26.93,26.93,26.93,26.93,26.93,29.1,29.1,29.1,29.1,29.1,28.38],"governanceScore":[0.0,0.0,0.0,0.0,0.0,0.0,0.0,0.0,0.0,0.0,0.0,0.0,0.0],"environmentScore":[0.0,0.0,0.0,0.0,0.0,0.0,0.0,0.0,0.0,0.0,0.0,0.0,0.0],"socialScore":[0.0,0.0,0.0,0.0,0.0,0.0,0.0,0.0,0.0,0.0,0.0,0.0,0.0]},"peerSeries":{"timestamp":[1727740800,1730419200,1733011200,1735689600,1738368000,1740787200,1743465600,1746057600,1748736000,1751328000,1754006400,1756684800,1759276800],"esgScore":[29.64186528497411,26.026034858387803,26.028449781659383,26.076557017543845,26.123788546255494,26.301475770925087,26.37098468271332,26.419109131403097,26.487653508771903,26.764879120879108,26.718928571428563,26.631636771300446,26.003497757847516],"governanceScore":[10.725384615384616,9.488187134502924,9.40505882352941,9.388411764705879,9.35289940828402,9.33707602339181,9.294855491329477,9.2591124260355,9.22444444444444,9.146725146198825,9.04630952380952,8.972366863905322,8.46464705882353],"environmentScore":[2.108461538461538,1.3997660818713453,1.3817058823529411,1.362764705882353,1.3463313609467453,1.3215204678362569,1.3063005780346817,1.2965680473372778,1.2915789473684207,1.2756140350877192,1.243690476190476,1.2340828402366861,1.1572941176470588],"socialScore":[10.570000000000002,9.820935672514619,9.813294117647057,10.01094117647059,9.98242603550296,10.048771929824564,10.034682080924856,10.079704142011835,10.11029239766082,10.166959064327488,10.260654761904764,10.24011834319527,9.60611764705882]}}],"error":null}}}