{"update_time":"2025-11-04 14:22:39.416285","data":{"esgChart":{"result":[{"peerGroup":"Media","symbolSeries":{"timestamp":[1754006400,1756684800,1759276800],"esgScore":[16.15,16.15,16.15],"governanceScore":[0.0,0.0,0.0],"environmentScore":[0.0,0.0,0.0],"socialScore":[0.0,0.0,0.0]},"peerSeries":{"timestamp":[1754006400,1756684800,1759276800],"esgScore":[15.305190839694665,15.342030075187978,14.921954887218046],"governanceScore":[6.088947368421053,6.021607142857143,5.714],"environmentScore":[0.40228070175438596,0.4021428571428571,0.36963636363636365],"socialScore":[7.114385964912282,7.049821428571431,6.87309090909091]}}],"error":null}}}