{"update_time":"2025-08-25 21:23:45.944393","data":{"esgChart":{"result":[{"peerGroup":"Media","symbolSeries":{"timestamp":[1754006400],"esgScore":[16.15],"governanceScore":[0.0],"environmentScore":[0.0],"socialScore":[0.0]},"peerSeries":{"timestamp":[1754006400],"esgScore":[15.305190839694665],"governanceScore":[6.088947368421053],"environmentScore":[0.40228070175438596],"socialScore":[7.114385964912282]}}],"error":null}}}