{"update_time":"2025-11-04 14:22:55.176674","data":{"esgChart":{"result":[{"peerGroup":"US CE Convertibles","symbolSeries":{"timestamp":[1517443200,1519862400,1522540800,1525132800,1527811200,1530403200,1533081600,1535760000,1538352000,1541030400,1543622400,1546300800,1548979200,1551398400,1554076800,1556668800,1559347200,1561939200,1564617600,1567296000,1569888000,1572566400,1575158400,1577836800,1580515200,1583020800,1585699200,1588291200,1590969600,1593561600,1596240000,1598918400,1601510400,1604188800,1606780800],"esgScore":[42.53,42.58,43.0,43.0,43.65,43.76,43.5,44.28,44.37,44.44,44.01,44.14,null,null,null,null,null,null,null,null,null,null,null,null,null,null,null,null,null,28.32,28.3,27.98,27.49,27.46,27.38],"governanceScore":[48.15,48.21,48.24,47.72,48.59,48.75,49.41,49.39,49.47,49.42,48.83,49.05,null,null,null,null,null,null,null,null,null,null,null,null,null,null,null,null,null,0.0,0.0,5.69,0.0,0.0,5.66],"environmentScore":[46.88,47.22,48.07,48.08,48.7,48.74,47.64,49.66,49.71,49.65,49.7,50.26,null,null,null,null,null,null,null,null,null,null,null,null,null,null,null,null,null,0.0,0.0,5.02,0.0,0.0,4.56],"socialScore":[44.22,44.5,44.69,45.06,45.75,46.02,45.26,46.4,46.41,46.56,46.14,47.43,null,null,null,null,null,null,null,null,null,null,null,null,null,null,null,null,null,0.0,0.0,8.33,0.0,0.0,8.18]},"peerSeries":{"timestamp":[1517443200,1519862400,1522540800,1525132800,1527811200,1530403200,1533081600,1535760000,1538352000,1541030400,1543622400,1546300800,1548979200,1551398400,1554076800,1556668800,1559347200,1561939200,1564617600,1567296000,1569888000,1572566400,1575158400,1577836800,1580515200,1583020800,1585699200,1588291200,1590969600,1593561600,1596240000,1598918400,1601510400,1604188800,1606780800],"esgScore":[40.78692307692308,40.64076923076924,40.696923076923085,40.92615384615385,41.06230769230769,41.076153846153844,40.87071428571428,41.30142857142857,41.25142857142857,41.23857142857143,41.117142857142866,41.001666666666665,null,42.78,41.96,41.96,null,null,42.22,29.4625,29.245833333333337,29.239999999999995,29.055000000000007,28.961666666666662,28.653333333333336,28.462307692307693,28.186153846153847,27.879166666666666,28.013846153846153,27.843076923076918,27.770769230769233,27.388181818181817,27.05636363636364,26.767272727272726,26.415555555555557],"governanceScore":[49.4076923076923,49.35461538461539,49.38846153846154,49.2846153846154,49.54384615384616,49.61,49.679285714285705,49.8,49.82714285714286,49.762857142857136,49.566428571428574,49.6825,null,52.26,51.52,51.52,null,null,50.86,null,null,null,5.97,5.79,5.8175,5.805,5.8575,5.966666666666666,5.6525,5.61,5.633333333333333,5.775,5.7475000000000005,5.6675,5.706666666666667],"environmentScore":[48.448461538461544,48.580000000000005,49.258461538461546,49.396923076923095,49.84076923076923,49.72,48.73857142857144,49.54714285714285,49.57000000000001,49.54285714285714,49.635000000000005,50.27,null,52.23,50.08,50.08,null,null,49.77,null,null,null,3.68,3.57,3.7575,3.735,3.6900000000000004,3.4766666666666666,4.1525,4.22,4.1433333333333335,4.68375,4.275,4.1850000000000005,4.246666666666666],"socialScore":[46.893076923076926,46.72769230769231,46.95692307692308,47.239999999999995,47.684615384615384,47.840769230769226,47.057857142857145,47.74357142857142,47.606428571428566,47.69642857142857,47.49571428571428,48.30416666666667,null,50.31,48.71,48.71,null,null,48.47,null,null,null,9.05,8.79,8.7575,8.817499999999999,9.0125,9.206666666666665,8.7675,8.754999999999999,8.966666666666667,8.7225,8.8475,8.685,8.526666666666667]}}],"error":null}}}