{"update_time":"2024-12-08 15:36:44.927164","data":{"esgChart":{"result":[{"peerGroup":"Refiners & Pipelines","symbolSeries":{"timestamp":[1727740800,1730419200],"esgScore":[40.32,40.32],"governanceScore":[4.67,4.67],"environmentScore":[17.51,17.51],"socialScore":[18.14,18.14]},"peerSeries":{"timestamp":[1727740800,1730419200],"esgScore":[36.9925,32.28977528089889],"governanceScore":[4.4350000000000005,3.317317073170732],"environmentScore":[15.975000000000001,15.065365853658536],"socialScore":[13.120000000000001,9.36048780487805]}}],"error":null}}}