{"update_time":"2024-10-22 13:54:27.310082","data":{"esgChart":{"result":[{"peerGroup":"Refiners & Pipelines","symbolSeries":{"timestamp":[1727740800],"esgScore":[40.32],"governanceScore":[4.67],"environmentScore":[17.51],"socialScore":[18.14]},"peerSeries":{"timestamp":[1727740800],"esgScore":[36.9925],"governanceScore":[4.4350000000000005],"environmentScore":[15.975000000000001],"socialScore":[13.120000000000001]}}],"error":null}}}