{"update_time":"2024-12-19 12:20:18.257639","data":{"esgChart":{"result":[{"peerGroup":"Oil & Gas Producers","symbolSeries":{"timestamp":[1730419200,1733011200],"esgScore":[38.44,38.44],"governanceScore":[8.91,8.91],"environmentScore":[20.19,20.19],"socialScore":[9.34,9.34]},"peerSeries":{"timestamp":[1730419200,1733011200],"esgScore":[40.66664670658685,41.38915662650605],"governanceScore":[6.480229885057474,6.490000000000001],"environmentScore":[21.059310344827583,21.17788235294117],"socialScore":[9.211034482758624,9.294705882352947]}}],"error":null}}}