{"update_time":"2024-12-08 15:37:00.957670","data":{"esgChart":{"result":[{"peerGroup":"Precious Metals","symbolSeries":{"timestamp":[1727740800,1730419200],"esgScore":[28.41,28.41],"governanceScore":[0.0,0.0],"environmentScore":[0.0,0.0],"socialScore":[0.0,0.0]},"peerSeries":{"timestamp":[1727740800,1730419200],"esgScore":[35.40888888888889,32.06808988764045],"governanceScore":[4.634285714285715,5.057090909090908],"environmentScore":[13.620000000000001,12.458909090909087],"socialScore":[9.964285714285714,10.650909090909089]}}],"error":null}}}