{"update_time":"2025-02-13 14:55:42.119191","data":{"esgChart":{"result":[{"peerGroup":"Food Retailers","symbolSeries":{"timestamp":[1730419200,1733011200,1735689600,1738368000],"esgScore":[27.03,27.03,27.03,27.03],"governanceScore":[0.0,0.0,0.0,0.0],"environmentScore":[0.0,0.0,0.0,0.0],"socialScore":[0.0,0.0,0.0,0.0]},"peerSeries":{"timestamp":[1730419200,1733011200,1735689600,1738368000],"esgScore":[21.42108108108108,21.799054054054057,22.322465753424655,22.561232876712328],"governanceScore":[4.581666666666668,4.586904761904763,4.587142857142857,4.5706976744186045],"environmentScore":[6.4678571428571425,6.465714285714284,6.567857142857142,6.683488372093023],"socialScore":[10.541904761904762,10.531904761904762,10.677380952380952,10.739302325581393]}}],"error":null}}}