{"update_time":"2024-12-04 12:18:31.524404","data":{"esgChart":{"result":[{"peerGroup":"Food Retailers","symbolSeries":{"timestamp":[1730419200],"esgScore":[27.03],"governanceScore":[0.0],"environmentScore":[0.0],"socialScore":[0.0]},"peerSeries":{"timestamp":[1730419200],"esgScore":[21.42108108108108],"governanceScore":[4.581666666666668],"environmentScore":[6.4678571428571425],"socialScore":[10.541904761904762]}}],"error":null}}}