{"update_time":"2025-02-13 14:56:09.670122","data":{"esgChart":{"result":[{"peerGroup":"Automobiles","symbolSeries":{"timestamp":[1730419200,1733011200,1735689600,1738368000],"esgScore":[27.18,27.18,27.18,27.18],"governanceScore":[7.21,7.21,7.21,7.21],"environmentScore":[4.77,4.77,4.77,4.77],"socialScore":[15.2,15.2,15.2,15.2]},"peerSeries":{"timestamp":[1730419200,1733011200,1735689600,1738368000],"esgScore":[23.875208333333333,24.749387755102045,24.88520833333334,25.166458333333342],"governanceScore":[7.018750000000002,7.063000000000001,6.995750000000001,6.901538461538462],"environmentScore":[6.434,6.541000000000001,6.8855,7.076153846153847],"socialScore":[10.81,10.7895,10.8445,10.853846153846154]}}],"error":null}}}