{"update_time":"2024-12-19 12:20:20.191864","data":{"esgChart":{"result":[{"peerGroup":"Automobiles","symbolSeries":{"timestamp":[1730419200,1733011200],"esgScore":[27.18,27.18],"governanceScore":[7.21,7.21],"environmentScore":[4.77,4.77],"socialScore":[15.2,15.2]},"peerSeries":{"timestamp":[1730419200,1733011200],"esgScore":[23.875208333333333,24.447916666666668],"governanceScore":[7.018750000000002,7.063000000000001],"environmentScore":[6.434,6.541000000000001],"socialScore":[10.81,10.7895]}}],"error":null}}}