{"update_time":"2025-03-04 17:52:24.207453","data":{"esgChart":{"result":[{"peerGroup":"Automobiles","symbolSeries":{"timestamp":[1727740800,1730419200,1733011200,1735689600,1738368000],"esgScore":[26.11,26.11,26.11,33.09,33.09],"governanceScore":[0.0,0.0,0.0,0.0,0.0],"environmentScore":[0.0,0.0,0.0,0.0,0.0],"socialScore":[0.0,0.0,0.0,0.0,0.0]},"peerSeries":{"timestamp":[1727740800,1730419200,1733011200,1735689600,1738368000],"esgScore":[26.13,23.875208333333333,24.749387755102045,24.88520833333334,25.166458333333342],"governanceScore":[6.7075,7.018750000000002,7.063000000000001,6.995750000000001,6.901538461538462],"environmentScore":[5.2975,6.434,6.541000000000001,6.8855,7.076153846153847],"socialScore":[12.562500000000002,10.81,10.7895,10.8445,10.853846153846154]}}],"error":null}}}