{"update_time":"2024-12-18 13:40:33.706143","data":{"esgChart":{"result":[{"peerGroup":"Automobiles","symbolSeries":{"timestamp":[1727740800,1730419200,1733011200],"esgScore":[26.11,26.11,26.11],"governanceScore":[0.0,0.0,0.0],"environmentScore":[0.0,0.0,0.0],"socialScore":[0.0,0.0,0.0]},"peerSeries":{"timestamp":[1727740800,1730419200,1733011200],"esgScore":[26.13,23.875208333333333,24.447916666666668],"governanceScore":[6.7075,7.018750000000002,7.063000000000001],"environmentScore":[5.2975,6.434,6.541000000000001],"socialScore":[12.562500000000002,10.81,10.7895]}}],"error":null}}}