{"update_time":"2025-05-14 13:29:47.162820","data":{"esgChart":{"result":[{"peerGroup":"Machinery","symbolSeries":{"timestamp":[1727740800,1730419200,1733011200,1735689600,1738368000,1740787200,1743465600],"esgScore":[36.08,36.08,36.08,36.08,36.08,36.08,36.08],"governanceScore":[0.0,0.0,0.0,0.0,0.0,0.0,0.0],"environmentScore":[0.0,0.0,0.0,0.0,0.0,0.0,0.0],"socialScore":[0.0,0.0,0.0,0.0,0.0,0.0,0.0]},"peerSeries":{"timestamp":[1727740800,1730419200,1733011200,1735689600,1738368000,1740787200,1743465600],"esgScore":[28.3,26.047604562737625,26.77321969696968,27.151791044776107,27.391152416356864,27.747777777777767,27.98652985074625],"governanceScore":[5.4475,5.495258620689656,5.507777777777777,5.537226890756303,5.534033613445378,5.527499999999999,5.564297520661155],"environmentScore":[7.744999999999999,7.634913793103447,7.945811965811965,8.234453781512604,8.474705882352943,8.755333333333335,9.021570247933887],"socialScore":[11.945,10.773534482758619,10.801965811965811,10.77210084033613,10.717226890756297,10.650749999999997,10.674628099173553]}}],"error":null}}}