{"update_time":"2024-12-04 12:18:32.015924","data":{"esgChart":{"result":[{"peerGroup":"Real Estate","symbolSeries":{"timestamp":[1730419200],"esgScore":[17.47],"governanceScore":[7.65],"environmentScore":[6.92],"socialScore":[2.9]},"peerSeries":{"timestamp":[1730419200],"esgScore":[15.647762645914394],"governanceScore":[5.357873303167427],"environmentScore":[3.6234389140271506],"socialScore":[3.8858371040723987]}}],"error":null}}}