{"update_time":"2025-09-02 14:33:55.922123","data":{"esgChart":{"result":[{"peerGroup":"Diversified Financials","symbolSeries":{"timestamp":[1751328000,1754006400],"esgScore":[34.5,34.5],"governanceScore":[0.0,0.0],"environmentScore":[0.0,0.0],"socialScore":[0.0,0.0]},"peerSeries":{"timestamp":[1751328000,1754006400],"esgScore":[23.62831932773108,23.593249999999994],"governanceScore":[9.711705882352943,9.717816091954022],"environmentScore":[1.6129411764705868,1.659195402298849],"socialScore":[8.897882352941176,8.971666666666666]}}],"error":null}}}