{"update_time":"2025-11-04 14:25:56.791732","data":{"esgChart":{"result":[{"peerGroup":"Diversified Financials","symbolSeries":{"timestamp":[1751328000,1754006400,1756684800,1759276800],"esgScore":[34.5,34.5,34.5,34.5],"governanceScore":[0.0,0.0,0.0,0.0],"environmentScore":[0.0,0.0,0.0,0.0],"socialScore":[0.0,0.0,0.0,0.0]},"peerSeries":{"timestamp":[1751328000,1754006400,1756684800,1759276800],"esgScore":[23.62831932773108,23.593249999999994,23.55168067226891,23.185859154929588],"governanceScore":[9.711705882352943,9.717816091954022,9.671618497109826,9.398830409356721],"environmentScore":[1.6129411764705868,1.659195402298849,1.6407514450867038,1.5900584795321626],"socialScore":[8.897882352941176,8.971666666666666,8.956878612716762,8.712339181286552]}}],"error":null}}}