{"update_time":"2025-02-13 14:58:27.519514","data":{"esgChart":{"result":[{"peerGroup":"US Fixed Income","symbolSeries":{"timestamp":[1730419200,1733011200],"esgScore":[20.71,20.96],"governanceScore":[4.02,4.05],"environmentScore":[4.58,4.58],"socialScore":[6.28,6.27]},"peerSeries":{"timestamp":[1730419200,1733011200],"esgScore":[19.75048076923075,19.741288515406147],"governanceScore":[4.990782967032966,5.018515406162455],"environmentScore":[2.9671840659340663,2.8918907563025154],"socialScore":[7.351469780219796,7.402619047619048]}}],"error":null}}}