{"update_time":"2025-03-28 14:57:04.507322","data":{"esgChart":{"result":[{"peerGroup":"US Fixed Income","symbolSeries":{"timestamp":[1730419200,1733011200,1735689600],"esgScore":[20.71,20.96,21.06],"governanceScore":[4.02,4.05,3.88],"environmentScore":[4.58,4.58,4.72],"socialScore":[6.28,6.27,6.36]},"peerSeries":{"timestamp":[1730419200,1733011200,1735689600],"esgScore":[19.75048076923075,19.595579514824795,19.61506172839505],"governanceScore":[4.990782967032966,4.989177897574117,4.942304526748971],"environmentScore":[2.9671840659340663,2.8726010781671145,2.914691358024697],"socialScore":[7.351469780219796,7.344204851752026,7.338669410150899]}}],"error":null}}}