{"update_time":"2025-11-04 14:27:42.209701","data":{"esgChart":{"result":[{"peerGroup":"US Fixed Income","symbolSeries":{"timestamp":[1730419200,1733011200,1735689600,1738368000],"esgScore":[20.71,20.96,21.06,20.99],"governanceScore":[4.02,4.05,3.88,3.83],"environmentScore":[4.58,4.58,4.72,4.66],"socialScore":[6.28,6.27,6.36,6.4]},"peerSeries":{"timestamp":[1730419200,1733011200,1735689600,1738368000],"esgScore":[19.75048076923075,19.595579514824795,19.61506172839505,19.607200557103035],"governanceScore":[4.990782967032966,4.989177897574117,4.942304526748971,4.9101671309192305],"environmentScore":[2.9671840659340663,2.8726010781671145,2.914691358024697,2.8841364902507007],"socialScore":[7.351469780219796,7.344204851752026,7.338669410150899,7.299303621169905]}}],"error":null}}}