{"update_time":"2025-03-04 17:54:03.981951","data":{"esgChart":{"result":[{"peerGroup":"US Fixed Income","symbolSeries":{"timestamp":[1730419200,1733011200],"esgScore":[20.71,20.96],"governanceScore":[4.02,4.05],"environmentScore":[4.58,4.58],"socialScore":[6.28,6.27]},"peerSeries":{"timestamp":[1730419200,1733011200],"esgScore":[19.75048076923075,19.595579514824795],"governanceScore":[4.990782967032966,4.989177897574117],"environmentScore":[2.9671840659340663,2.8726010781671145],"socialScore":[7.351469780219796,7.344204851752026]}}],"error":null}}}