{"update_time":"2025-05-14 13:31:40.408346","data":{"esgChart":{"result":[{"peerGroup":"Energy Services","symbolSeries":{"timestamp":[1730419200,1733011200,1735689600],"esgScore":[30.19,30.19,30.19],"governanceScore":[0.0,0.0,0.0],"environmentScore":[0.0,0.0,0.0],"socialScore":[0.0,0.0,0.0]},"peerSeries":{"timestamp":[1730419200,1733011200,1735689600],"esgScore":[26.053661971830977,26.220422535211256,26.410555555555547],"governanceScore":[6.088333333333332,6.0929166666666665,5.9967999999999995],"environmentScore":[9.1925,9.236666666666666,9.4652],"socialScore":[7.949583333333333,7.981666666666666,8.247599999999998]}}],"error":null}}}