{"update_time":"2025-11-04 14:28:21.453865","data":{"esgChart":{"result":[{"peerGroup":"US CE Real Estate","symbolSeries":{"timestamp":[1517443200,1519862400,1522540800,1525132800,1527811200,1530403200,1533081600,1535760000,1538352000,1541030400,1543622400,1546300800,1548979200,1551398400,1554076800,1556668800,1559347200,1561939200,1564617600,1567296000,1569888000,1572566400,1575158400,1577836800,1580515200,1583020800,1585699200,1588291200,1590969600,1593561600,1596240000,1598918400,1601510400,1604188800,1606780800],"esgScore":[42.6,42.47,42.59,42.83,42.88,42.43,43.33,42.99,42.98,42.83,42.51,42.75,null,null,null,null,null,null,null,null,null,null,null,null,null,null,null,null,null,18.84,18.62,18.23,18.05,17.71,17.42],"governanceScore":[49.49,49.52,49.6,50.68,50.76,49.91,51.77,51.42,51.47,51.24,50.81,50.81,null,null,null,null,null,null,null,null,null,null,null,null,null,null,null,null,null,4.94,4.91,4.83,4.73,4.7,4.63],"environmentScore":[44.54,44.48,44.6,45.08,45.24,44.71,46.18,45.78,45.61,45.14,44.68,44.78,null,null,null,null,null,null,null,null,null,null,null,null,null,null,null,null,null,4.31,4.34,4.25,4.23,4.22,4.06],"socialScore":[41.55,41.28,41.64,41.86,41.7,40.92,41.01,41.53,41.4,41.18,41.11,41.19,null,null,null,null,null,null,null,null,null,null,null,null,null,null,null,null,null,4.79,4.72,4.71,4.59,4.25,4.1]},"peerSeries":{"timestamp":[1517443200,1519862400,1522540800,1525132800,1527811200,1530403200,1533081600,1535760000,1538352000,1541030400,1543622400,1546300800,1548979200,1551398400,1554076800,1556668800,1559347200,1561939200,1564617600,1567296000,1569888000,1572566400,1575158400,1577836800,1580515200,1583020800,1585699200,1588291200,1590969600,1593561600,1596240000,1598918400,1601510400,1604188800,1606780800],"esgScore":[44.564,44.546,44.558,44.748000000000005,44.862,44.739999999999995,44.844,44.58200000000001,44.6,44.589999999999996,44.456,44.480000000000004,46.28,46.28,null,46.27,null,null,null,18.22666666666667,18.118000000000002,18.163999999999998,18.092000000000002,18.062,18.077999999999996,18.056,18.017999999999997,17.896,17.779999999999998,17.698,17.594,17.4325,17.229999999999997,17.035999999999998,16.726000000000003],"governanceScore":[51.70400000000001,51.730000000000004,51.80799999999999,52.1,52.236000000000004,52.074,52.652,52.482000000000006,52.46,52.402,52.232000000000006,52.186,52.51,52.51,null,52.63,null,null,null,5.535,5.4375,5.3125,5.4575,5.4575000000000005,5.467499999999999,5.6075,5.5825,5.545,5.515000000000001,5.397500000000001,5.2875000000000005,5.2524999999999995,5.1175,5.1175,5.08],"environmentScore":[48.33,48.286,48.27,48.528,48.632000000000005,48.540000000000006,48.7,48.412,48.30800000000001,48.038000000000004,47.785999999999994,47.724000000000004,48.46,48.46,null,48.36,null,null,null,4.305,4.105,4.325,4.4175,4.43,4.4325,4.57,4.609999999999999,4.5600000000000005,4.59,4.605,4.6049999999999995,4.6225,4.5825000000000005,4.5249999999999995,4.3149999999999995],"socialScore":[43.99999999999999,43.884,43.874,43.858,43.93000000000001,43.812,44.134,44.205999999999996,44.114,43.994,43.974000000000004,44.013999999999996,45.39,45.39,null,45.57,null,null,null,5.275,5.12,4.97,5.1325,5.13,5.132499999999999,5.2975,5.3175,5.2575,5.27,5.2275,5.155,5.1875,5.0225,4.8325,4.725]}}],"error":null}}}