{"update_time":"2024-12-04 12:18:40.148145","data":{"esgChart":{"result":[{"peerGroup":"Real Estate","symbolSeries":{"timestamp":[1730419200],"esgScore":[18.15],"governanceScore":[4.51],"environmentScore":[7.34],"socialScore":[6.29]},"peerSeries":{"timestamp":[1730419200],"esgScore":[15.647762645914394],"governanceScore":[5.357873303167427],"environmentScore":[3.6234389140271506],"socialScore":[3.8858371040723987]}}],"error":null}}}