{"update_time":"2024-12-19 12:20:33.961715","data":{"esgChart":{"result":[{"peerGroup":"Diversified Financials","symbolSeries":{"timestamp":[1730419200,1733011200],"esgScore":[24.82,24.82],"governanceScore":[11.54,11.54],"environmentScore":[0.28,0.28],"socialScore":[13.0,13.0]},"peerSeries":{"timestamp":[1730419200,1733011200],"esgScore":[23.972808988764058,23.876629213483152],"governanceScore":[9.909254658385091,9.883024691358026],"environmentScore":[1.5136645962732904,1.5319753086419738],"socialScore":[8.95701863354037,8.920925925925925]}}],"error":null}}}