{"update_time":"2025-03-04 17:55:22.064644","data":{"esgChart":{"result":[{"peerGroup":"Household Products","symbolSeries":{"timestamp":[1730419200,1733011200,1735689600,1738368000],"esgScore":[27.21,27.21,27.21,27.21],"governanceScore":[0.0,0.0,0.0,0.0],"environmentScore":[0.0,0.0,0.0,0.0],"socialScore":[0.0,0.0,0.0,0.0]},"peerSeries":{"timestamp":[1730419200,1733011200,1735689600,1738368000],"esgScore":[26.09235294117646,26.57921568627451,26.544199999999993,26.662549019607837],"governanceScore":[5.808387096774195,5.795806451612905,5.872903225806452,5.8403125000000005],"environmentScore":[9.74548387096774,9.716774193548385,9.632580645161289,9.5884375],"socialScore":[9.734516129032256,9.688387096774191,9.623870967741933,9.574375]}}],"error":null}}}