{"update_time":"2025-03-28 14:59:10.039209","data":{"esgChart":{"result":[{"peerGroup":"Healthcare","symbolSeries":{"timestamp":[1727740800,1730419200,1733011200,1735689600,1738368000,1740787200],"esgScore":[27.43,27.43,27.43,27.43,27.43,27.43],"governanceScore":[7.04,7.04,7.04,7.04,7.04,7.04],"environmentScore":[5.8,5.8,5.8,5.8,5.8,5.8],"socialScore":[14.59,14.59,14.59,14.59,14.59,14.59]},"peerSeries":{"timestamp":[1727740800,1730419200,1733011200,1735689600,1738368000,1740787200],"esgScore":[25.1276984126984,23.63607142857143,23.61544262295082,23.609477124183005,23.636372549019608,23.65124590163935],"governanceScore":[6.648181818181819,6.38878260869565,6.38086956521739,6.289572649572649,6.276581196581196,6.266293103448275],"environmentScore":[3.321818181818181,2.653217391304347,2.6531304347826072,2.635213675213674,2.6327350427350416,2.6438793103448255],"socialScore":[12.416363636363634,12.468869565217396,12.473913043478264,12.402136752136753,12.395470085470087,12.34129310344828]}}],"error":null}}}