{"update_time":"2024-12-18 13:51:20.126843","data":{"esgChart":{"result":[{"peerGroup":"Healthcare","symbolSeries":{"timestamp":[1727740800,1730419200,1733011200],"esgScore":[27.43,27.43,27.43],"governanceScore":[7.04,7.04,7.04],"environmentScore":[5.8,5.8,5.8],"socialScore":[14.59,14.59,14.59]},"peerSeries":{"timestamp":[1727740800,1730419200,1733011200],"esgScore":[25.107839999999985,23.63607142857143,23.61544262295082],"governanceScore":[6.648181818181819,6.38878260869565,6.38086956521739],"environmentScore":[3.321818181818181,2.653217391304347,2.6531304347826072],"socialScore":[12.416363636363634,12.468869565217396,12.473913043478264]}}],"error":null}}}