{"update_time":"2025-05-14 13:33:24.134273","data":{"esgChart":{"result":[{"peerGroup":"Software & Services","symbolSeries":{"timestamp":[1727740800,1730419200],"esgScore":[19.05,19.05],"governanceScore":[6.02,6.02],"environmentScore":[1.65,1.65],"socialScore":[11.38,11.38]},"peerSeries":{"timestamp":[1727740800,1730419200],"esgScore":[21.95,20.749752066115704],"governanceScore":[6.047160493827162,5.80553435114504],"environmentScore":[2.80037037037037,2.9668320610687022],"socialScore":[9.712592592592593,9.796335877862584]}}],"error":null}}}