{"update_time":"2025-05-14 13:33:41.753915","data":{"esgChart":{"result":[{"peerGroup":"Healthcare","symbolSeries":{"timestamp":[1730419200,1733011200,1735689600,1738368000,1740787200],"esgScore":[21.95,21.95,21.95,21.95,21.95],"governanceScore":[0.0,0.0,0.0,0.0,0.0],"environmentScore":[0.0,0.0,0.0,0.0,0.0],"socialScore":[0.0,0.0,0.0,0.0,0.0]},"peerSeries":{"timestamp":[1730419200,1733011200,1735689600,1738368000,1740787200],"esgScore":[23.63607142857143,23.61544262295082,23.609477124183005,23.636372549019608,23.65124590163935],"governanceScore":[6.38878260869565,6.38086956521739,6.289572649572649,6.276581196581196,6.266293103448275],"environmentScore":[2.653217391304347,2.6531304347826072,2.635213675213674,2.6327350427350416,2.6438793103448255],"socialScore":[12.468869565217396,12.473913043478264,12.402136752136753,12.395470085470087,12.34129310344828]}}],"error":null}}}