{"update_time":"2024-12-04 12:18:43.084560","data":{"esgChart":{"result":[{"peerGroup":"Electrical Equipment","symbolSeries":{"timestamp":[1730419200],"esgScore":[19.31],"governanceScore":[3.58],"environmentScore":[6.38],"socialScore":[9.34]},"peerSeries":{"timestamp":[1730419200],"esgScore":[22.866637168141594],"governanceScore":[5.423589743589744],"environmentScore":[6.308974358974358],"socialScore":[8.199487179487178]}}],"error":null}}}