{"update_time":"2024-12-08 15:47:34.889757","data":{"esgChart":{"result":[{"peerGroup":"Utilities","symbolSeries":{"timestamp":[1727740800,1730419200],"esgScore":[35.61,35.61],"governanceScore":[0.0,0.0],"environmentScore":[0.0,0.0],"socialScore":[0.0,0.0]},"peerSeries":{"timestamp":[1727740800,1730419200],"esgScore":[33.90527777777778,27.886468085106358],"governanceScore":[4.183333333333334,5.0064968152866225],"environmentScore":[7.165,10.325796178343946],"socialScore":[9.004999999999999,9.850700636942678]}}],"error":null}}}