{"update_time":"2025-11-04 14:31:07.698542","data":{"esgChart":{"result":[{"peerGroup":"Real Estate","symbolSeries":{"timestamp":[1746057600,1748736000,1751328000,1754006400,1756684800,1759276800],"esgScore":[22.85,22.85,22.85,22.85,22.85,23.52],"governanceScore":[0.0,0.0,0.0,0.0,0.0,0.0],"environmentScore":[0.0,0.0,0.0,0.0,0.0,0.0],"socialScore":[0.0,0.0,0.0,0.0,0.0,0.0]},"peerSeries":{"timestamp":[1746057600,1748736000,1751328000,1754006400,1756684800,1759276800],"esgScore":[16.057203219315916,16.20664705882355,16.276771653543328,16.264880000000012,16.33265873015875,16.27384920634922],"governanceScore":[5.414260089686103,5.4709292035398285,5.477035398230093,5.48933035714286,5.479821428571431,5.472711111111112],"environmentScore":[3.8721524663677127,3.898451327433627,3.928761061946902,3.9323214285714276,3.938973214285713,3.9696888888888884],"socialScore":[3.820717488789237,3.858362831858407,3.8237610619469016,3.7790624999999984,3.768392857142854,3.756577777777775]}}],"error":null}}}