{"update_time":"2025-08-25 21:34:47.108704","data":{"esgChart":{"result":[{"peerGroup":"Real Estate","symbolSeries":{"timestamp":[1746057600,1748736000,1751328000,1754006400],"esgScore":[22.85,22.85,22.85,22.85],"governanceScore":[0.0,0.0,0.0,0.0],"environmentScore":[0.0,0.0,0.0,0.0],"socialScore":[0.0,0.0,0.0,0.0]},"peerSeries":{"timestamp":[1746057600,1748736000,1751328000,1754006400],"esgScore":[16.057203219315916,16.20664705882355,16.276771653543328,16.264880000000012],"governanceScore":[5.414260089686103,5.4709292035398285,5.477035398230093,5.48933035714286],"environmentScore":[3.8721524663677127,3.898451327433627,3.928761061946902,3.9323214285714276],"socialScore":[3.820717488789237,3.858362831858407,3.8237610619469016,3.7790624999999984]}}],"error":null}}}