{"update_time":"2024-12-04 12:18:43.498472","data":{"esgChart":{"result":[{"peerGroup":"Diversified Metals","symbolSeries":{"timestamp":[1730419200],"esgScore":[33.82],"governanceScore":[7.41],"environmentScore":[12.17],"socialScore":[14.23]},"peerSeries":{"timestamp":[1730419200],"esgScore":[37.42411764705881],"governanceScore":[5.9679629629629645],"environmentScore":[14.932962962962959],"socialScore":[11.432592592592588]}}],"error":null}}}