{"update_time":"2025-11-04 14:32:11.229013","data":{"esgChart":{"result":[{"peerGroup":"Healthcare","symbolSeries":{"timestamp":[1743465600,1746057600,1748736000,1751328000,1754006400,1756684800,1759276800],"esgScore":[34.94,34.94,34.94,34.94,36.34,36.34,36.34],"governanceScore":[0.0,0.0,0.0,0.0,0.0,0.0,0.0],"environmentScore":[0.0,0.0,0.0,0.0,0.0,0.0,0.0],"socialScore":[0.0,0.0,0.0,0.0,0.0,0.0,0.0]},"peerSeries":{"timestamp":[1743465600,1746057600,1748736000,1751328000,1754006400,1756684800,1759276800],"esgScore":[23.711067961165043,23.722990033222594,23.75258899676375,23.813818770226533,23.815015974440886,23.839584664536734,23.455175718849844],"governanceScore":[6.230336134453781,6.149249999999999,6.071393442622953,5.950940170940173,5.950000000000004,5.916440677966105,5.703813559322033],"environmentScore":[2.639663865546216,2.626333333333332,2.5986885245901616,2.586923076923076,2.567647058823529,2.593305084745763,2.637796610169491],"socialScore":[12.37243697478992,12.295083333333338,12.19631147540984,12.068632478632482,11.897394957983195,11.769491525423728,11.337627118644061]}}],"error":null}}}