{"update_time":"2025-11-07 12:20:05.041436","data":{"esgChart":{"result":[{"peerGroup":"Pharmaceuticals","symbolSeries":{"timestamp":[1759276800],"esgScore":[38.77],"governanceScore":[0.0],"environmentScore":[0.0],"socialScore":[0.0]},"peerSeries":{"timestamp":[1759276800],"esgScore":[29.387563850687673],"governanceScore":[5.575342465753423],"environmentScore":[2.943082191780821],"socialScore":[13.04568493150685]}}],"error":null}}}