{"update_time":"2024-10-22 13:55:35.561044","data":{"esgChart":{"result":[{"peerGroup":"Transportation","symbolSeries":{"timestamp":[1727740800],"esgScore":[15.93],"governanceScore":[4.57],"environmentScore":[3.76],"socialScore":[7.59]},"peerSeries":{"timestamp":[1727740800],"esgScore":[24.129999999999995],"governanceScore":[4.704000000000001],"environmentScore":[6.514],"socialScore":[8.556000000000001]}}],"error":null}}}