{"update_time":"2024-12-08 15:49:25.355475","data":{"esgChart":{"result":[{"peerGroup":"Transportation","symbolSeries":{"timestamp":[1727740800,1730419200],"esgScore":[15.93,15.93],"governanceScore":[4.57,4.57],"environmentScore":[3.76,3.76],"socialScore":[7.59,7.59]},"peerSeries":{"timestamp":[1727740800,1730419200],"esgScore":[24.091428571428565,22.98057471264368],"governanceScore":[4.704000000000001,5.127553191489362],"environmentScore":[6.514,7.5640425531914905],"socialScore":[8.556000000000001,9.61404255319149]}}],"error":null}}}