{"update_time":"2024-12-12 12:19:01.183732","data":{"esgChart":{"result":[{"peerGroup":"Pharmaceuticals","symbolSeries":{"timestamp":[1730419200,1733011200],"esgScore":[23.28,23.28],"governanceScore":[6.37,6.37],"environmentScore":[3.04,3.04],"socialScore":[13.87,13.87]},"peerSeries":{"timestamp":[1730419200,1733011200],"esgScore":[27.172400793650795,27.924407114624493],"governanceScore":[6.379929577464789,6.366111111111112],"environmentScore":[2.1654929577464794,2.2250000000000005],"socialScore":[13.70514084507042,13.6425]}}],"error":null}}}