{"update_time":"2024-12-04 12:18:52.306069","data":{"esgChart":{"result":[{"peerGroup":"Pharmaceuticals","symbolSeries":{"timestamp":[1730419200],"esgScore":[23.28],"governanceScore":[6.37],"environmentScore":[3.04],"socialScore":[13.87]},"peerSeries":{"timestamp":[1730419200],"esgScore":[27.172400793650795],"governanceScore":[6.379929577464789],"environmentScore":[2.1654929577464794],"socialScore":[13.70514084507042]}}],"error":null}}}