{"update_time":"2025-03-04 17:58:08.650348","data":{"esgChart":{"result":[{"peerGroup":"Pharmaceuticals","symbolSeries":{"timestamp":[1730419200,1733011200,1735689600,1738368000],"esgScore":[23.28,23.28,23.28,23.28],"governanceScore":[6.37,6.37,6.37,6.37],"environmentScore":[3.04,3.04,3.04,3.04],"socialScore":[13.87,13.87,13.87,13.87]},"peerSeries":{"timestamp":[1730419200,1733011200,1735689600,1738368000],"esgScore":[27.172400793650795,27.936449704142003,28.057075098814227,28.16109126984127],"governanceScore":[6.379929577464789,6.366111111111112,6.294027777777778,6.281608391608393],"environmentScore":[2.1654929577464794,2.2250000000000005,2.303958333333333,2.3278321678321676],"socialScore":[13.70514084507042,13.6425,13.576944444444445,13.622237762237766]}}],"error":null}}}