{"update_time":"2025-11-04 14:33:15.174465","data":{"esgChart":{"result":[{"peerGroup":"Utilities","symbolSeries":{"timestamp":[1730419200,1733011200,1735689600,1738368000,1740787200,1743465600,1746057600,1748736000,1751328000,1754006400,1756684800,1759276800],"esgScore":[25.77,25.77,25.77,25.77,25.77,25.77,25.77,25.77,25.77,25.77,25.77,25.77],"governanceScore":[0.0,0.0,0.0,0.0,0.0,0.0,0.0,0.0,0.0,0.0,0.0,0.0],"environmentScore":[0.0,0.0,0.0,0.0,0.0,0.0,0.0,0.0,0.0,0.0,0.0,0.0],"socialScore":[0.0,0.0,0.0,0.0,0.0,0.0,0.0,0.0,0.0,0.0,0.0,0.0]},"peerSeries":{"timestamp":[1730419200,1733011200,1735689600,1738368000,1740787200,1743465600,1746057600,1748736000,1751328000,1754006400,1756684800,1759276800],"esgScore":[27.886468085106358,27.956751054852298,28.287038626609416,28.522723404255302,28.782563025210074,28.96453389830507,29.118777292576418,29.460256410256402,29.324999999999996,29.53952789699569,29.604444444444443,29.10236051502146],"governanceScore":[5.0064968152866225,4.996962025316454,5.023290322580643,5.012692307692307,5.017948717948716,5.010584415584414,5.0200657894736835,5.034834437086091,5.011788079470196,5.0571523178807904,5.078552631578942,4.834266666666665],"environmentScore":[10.325796178343946,10.282088607594934,10.411677419354838,10.43346153846154,10.542884615384617,10.688831168831172,10.732105263157898,10.87476821192053,10.701589403973506,10.751258278145691,10.88151315789473,10.884199999999993],"socialScore":[9.850700636942678,9.863291139240507,10.135870967741939,10.31826923076923,10.415,10.491103896103898,10.604539473684207,10.677880794701986,10.766357615894037,10.868807947019862,10.994013157894733,10.773200000000003]}}],"error":null}}}