{"update_time":"2024-12-19 12:20:51.674793","data":{"esgChart":{"result":[{"peerGroup":"Utilities","symbolSeries":{"timestamp":[1730419200,1733011200],"esgScore":[25.77,25.77],"governanceScore":[0.0,0.0],"environmentScore":[0.0,0.0],"socialScore":[0.0,0.0]},"peerSeries":{"timestamp":[1730419200,1733011200],"esgScore":[27.886468085106358,27.982127659574445],"governanceScore":[5.0064968152866225,4.9947770700636935],"environmentScore":[10.325796178343946,10.330127388535029],"socialScore":[9.850700636942678,9.86019108280255]}}],"error":null}}}