{"update_time":"2024-12-04 12:18:52.405610","data":{"esgChart":{"result":[{"peerGroup":"Containers & Packaging","symbolSeries":{"timestamp":[1730419200],"esgScore":[14.77],"governanceScore":[1.93],"environmentScore":[11.58],"socialScore":[1.26]},"peerSeries":{"timestamp":[1730419200],"esgScore":[17.53909090909091],"governanceScore":[2.822000000000001],"environmentScore":[11.943666666666667],"socialScore":[1.2806666666666666]}}],"error":null}}}