{"update_time":"2024-10-22 13:55:52.184144","data":{"esgChart":{"result":[{"peerGroup":"Retailing","symbolSeries":{"timestamp":[1727740800],"esgScore":[21.67],"governanceScore":[3.62],"environmentScore":[4.43],"socialScore":[13.62]},"peerSeries":{"timestamp":[1727740800],"esgScore":[19.20862745098039],"governanceScore":[4.615294117647059],"environmentScore":[4.652352941176469],"socialScore":[9.482352941176472]}}],"error":null}}}