{"update_time":"2025-03-04 17:58:38.090413","data":{"esgChart":{"result":[{"peerGroup":"Retailing","symbolSeries":{"timestamp":[1727740800,1730419200,1733011200,1735689600,1738368000],"esgScore":[21.67,21.67,21.67,21.67,21.67],"governanceScore":[3.62,3.62,3.62,3.62,3.62],"environmentScore":[4.43,4.43,4.43,4.43,4.43],"socialScore":[13.62,13.62,13.62,13.62,13.62]},"peerSeries":{"timestamp":[1727740800,1730419200,1733011200,1735689600,1738368000],"esgScore":[20.056984126984123,17.983197026022317,18.017666666666678,18.09100000000001,18.190970149253744],"governanceScore":[4.686111111111111,4.282136752136752,4.2823076923076915,4.274017094017093,4.269145299145298],"environmentScore":[4.739999999999998,3.7912820512820513,3.7893162393162396,3.79974358974359,3.7909401709401704],"socialScore":[9.368888888888891,9.143760683760691,9.142820512820517,9.120769230769236,9.102820512820516]}}],"error":null}}}