{"update_time":"2024-12-08 15:51:40.942032","data":{"esgChart":{"result":[{"peerGroup":"Retailing","symbolSeries":{"timestamp":[1727740800,1730419200],"esgScore":[21.67,21.67],"governanceScore":[3.62,3.62],"environmentScore":[4.43,4.43],"socialScore":[13.62,13.62]},"peerSeries":{"timestamp":[1727740800,1730419200],"esgScore":[20.056984126984123,17.983197026022317],"governanceScore":[4.686111111111111,4.282136752136752],"environmentScore":[4.739999999999998,3.7912820512820513],"socialScore":[9.368888888888891,9.143760683760691]}}],"error":null}}}