{"update_time":"2024-12-04 12:18:53.628984","data":{"esgChart":{"result":[{"peerGroup":"Chemicals","symbolSeries":{"timestamp":[1730419200],"esgScore":[28.78],"governanceScore":[4.11],"environmentScore":[19.94],"socialScore":[4.73]},"peerSeries":{"timestamp":[1730419200],"esgScore":[28.19076086956522],"governanceScore":[5.159374999999999],"environmentScore":[13.540104166666667],"socialScore":[6.123437499999999]}}],"error":null}}}