{"update_time":"2024-12-18 14:06:07.943241","data":{"esgChart":{"result":[{"peerGroup":"Household Products","symbolSeries":{"timestamp":[1727740800,1730419200,1733011200],"esgScore":[33.55,33.55,33.55],"governanceScore":[5.74,5.74,5.74],"environmentScore":[15.3,15.3,15.3],"socialScore":[12.51,12.51,12.51]},"peerSeries":{"timestamp":[1727740800,1730419200,1733011200],"esgScore":[32.92,26.09235294117646,26.57921568627451],"governanceScore":[5.74,5.808387096774195,5.795806451612905],"environmentScore":[15.3,9.74548387096774,9.716774193548385],"socialScore":[12.51,9.734516129032256,9.688387096774191]}}],"error":null}}}