{"update_time":"2024-12-08 15:51:53.758772","data":{"esgChart":{"result":[{"peerGroup":"Household Products","symbolSeries":{"timestamp":[1727740800,1730419200],"esgScore":[33.55,33.55],"governanceScore":[5.74,5.74],"environmentScore":[15.3,15.3],"socialScore":[12.51,12.51]},"peerSeries":{"timestamp":[1727740800,1730419200],"esgScore":[32.92,26.09235294117646],"governanceScore":[5.74,5.808387096774195],"environmentScore":[15.3,9.74548387096774],"socialScore":[12.51,9.734516129032256]}}],"error":null}}}