{"update_time":"2025-09-02 14:49:07.793397","data":{"esgChart":{"result":[{"peerGroup":"Semiconductors","symbolSeries":{"timestamp":[1730419200,1733011200,1735689600,1738368000,1740787200,1743465600,1746057600,1748736000,1751328000,1754006400],"esgScore":[20.52,20.52,20.52,20.52,20.52,20.52,20.52,20.52,20.52,20.52],"governanceScore":[0.0,0.0,0.0,0.0,0.0,0.0,0.0,0.0,0.0,0.0],"environmentScore":[0.0,0.0,0.0,0.0,0.0,0.0,0.0,0.0,0.0,0.0],"socialScore":[0.0,0.0,0.0,0.0,0.0,0.0,0.0,0.0,0.0,0.0]},"peerSeries":{"timestamp":[1730419200,1733011200,1735689600,1738368000,1740787200,1743465600,1746057600,1748736000,1751328000,1754006400],"esgScore":[23.277606837606847,23.489750000000004,23.415333333333344,23.46866666666667,23.479166666666668,23.422166666666666,23.06491525423729,23.415819672131146,23.446475409836065,23.707359999999994],"governanceScore":[5.421799999999999,5.373200000000001,5.332600000000001,5.282941176470589,5.2121153846153865,5.258301886792455,5.318333333333334,5.270377358490567,5.259245283018869,5.253333333333334],"environmentScore":[7.5316,7.634000000000001,7.631600000000001,7.960392156862747,8.042115384615387,7.940566037735851,7.885740740740743,7.850000000000001,7.713962264150944,7.7861111111111105],"socialScore":[6.025,5.9594,5.937200000000001,5.925098039215686,5.854615384615386,5.814905660377359,5.802962962962962,5.750566037735849,5.646226415094341,5.673888888888889]}}],"error":null}}}