{"update_time":"2025-09-02 14:49:32.319497","data":{"esgChart":{"result":[{"peerGroup":"Diversified Financials","symbolSeries":{"timestamp":[1754006400],"esgScore":[23.34],"governanceScore":[0.0],"environmentScore":[0.0],"socialScore":[0.0]},"peerSeries":{"timestamp":[1754006400],"esgScore":[23.593249999999994],"governanceScore":[9.717816091954022],"environmentScore":[1.659195402298849],"socialScore":[8.971666666666666]}}],"error":null}}}