{"update_time":"2025-03-04 18:00:45.560906","data":{"esgChart":{"result":[{"peerGroup":"Machinery","symbolSeries":{"timestamp":[1730419200,1733011200,1735689600,1738368000],"esgScore":[20.83,20.83,20.83,20.83],"governanceScore":[3.69,3.69,3.69,3.69],"environmentScore":[6.03,6.03,6.03,6.03],"socialScore":[11.1,11.1,11.1,11.1]},"peerSeries":{"timestamp":[1730419200,1733011200,1735689600,1738368000],"esgScore":[26.047604562737625,26.77321969696968,27.151791044776107,27.391152416356864],"governanceScore":[5.495258620689656,5.507777777777777,5.537226890756303,5.534033613445378],"environmentScore":[7.634913793103447,7.945811965811965,8.234453781512604,8.474705882352943],"socialScore":[10.773534482758619,10.801965811965811,10.77210084033613,10.717226890756297]}}],"error":null}}}