{"update_time":"2024-12-04 12:22:57.888140","data":{"esgChart":{"result":[{"peerGroup":"Machinery","symbolSeries":{"timestamp":[1730419200],"esgScore":[20.83],"governanceScore":[3.69],"environmentScore":[6.03],"socialScore":[11.1]},"peerSeries":{"timestamp":[1730419200],"esgScore":[26.047604562737625],"governanceScore":[5.495258620689656],"environmentScore":[7.634913793103447],"socialScore":[10.773534482758619]}}],"error":null}}}