{"update_time":"2024-12-12 12:23:07.698997","data":{"esgChart":{"result":[{"peerGroup":"Machinery","symbolSeries":{"timestamp":[1730419200,1733011200],"esgScore":[20.83,20.83],"governanceScore":[3.69,3.69],"environmentScore":[6.03,6.03],"socialScore":[11.1,11.1]},"peerSeries":{"timestamp":[1730419200,1733011200],"esgScore":[26.047604562737625,26.77321969696968],"governanceScore":[5.495258620689656,5.507777777777777],"environmentScore":[7.634913793103447,7.945811965811965],"socialScore":[10.773534482758619,10.801965811965811]}}],"error":null}}}