{"update_time":"2024-12-18 14:12:16.718994","data":{"esgChart":{"result":[{"peerGroup":"Food Products","symbolSeries":{"timestamp":[1727740800,1730419200,1733011200],"esgScore":[26.59,25.31,25.31],"governanceScore":[3.47,3.67,3.67],"environmentScore":[11.79,11.67,11.67],"socialScore":[11.33,9.97,9.97]},"peerSeries":{"timestamp":[1727740800,1730419200,1733011200],"esgScore":[34.80869565217392,30.339107142857163,30.482500000000005],"governanceScore":[4.9390909090909085,5.0987068965517235,5.083448275862067],"environmentScore":[12.838181818181818,11.703275862068962,11.85215517241379],"socialScore":[12.215454545454547,11.015603448275856,11.06922413793103]}}],"error":null}}}