{"update_time":"2025-09-02 14:51:15.330897","data":{"esgChart":{"result":[{"peerGroup":"Semiconductors","symbolSeries":{"timestamp":[1754006400],"esgScore":[37.52],"governanceScore":[0.0],"environmentScore":[0.0],"socialScore":[0.0]},"peerSeries":{"timestamp":[1754006400],"esgScore":[23.707359999999994],"governanceScore":[5.253333333333334],"environmentScore":[7.7861111111111105],"socialScore":[5.673888888888889]}}],"error":null}}}