{"update_time":"2025-11-04 14:37:23.194725","data":{"esgChart":{"result":[{"peerGroup":"Semiconductors","symbolSeries":{"timestamp":[1754006400,1756684800,1759276800],"esgScore":[37.52,37.52,36.68],"governanceScore":[0.0,0.0,0.0],"environmentScore":[0.0,0.0,0.0],"socialScore":[0.0,0.0,0.0]},"peerSeries":{"timestamp":[1754006400,1756684800,1759276800],"esgScore":[23.707359999999994,23.87690476190476,23.593730158730153],"governanceScore":[5.253333333333334,5.239814814814816,4.93277777777778],"environmentScore":[7.7861111111111105,7.8674074074074065,7.972777777777778],"socialScore":[5.673888888888889,5.6709259259259275,5.478518518518519]}}],"error":null}}}