{"update_time":"2024-03-27 16:39:46.250420","data":{"esgChart":{"result":[{"peerGroup":"Oil & Gas Producers","symbolSeries":{"timestamp":[1575158400,1577836800,1580515200,1583020800],"esgScore":[70.44,35.01,35.01,35.01],"governanceScore":[75.88,7.95,7.95,7.95],"environmentScore":[58.0,18.33,18.33,18.33],"socialScore":[77.93,8.73,8.73,8.73]},"peerSeries":{"timestamp":[1575158400,1577836800,1580515200,1583020800],"esgScore":[56.60957142857143,39.33828571428572,39.41242857142857,39.31514285714287],"governanceScore":[51.39043478260869,8.954202898550728,8.96057971014493,8.942608695652178],"environmentScore":[47.40043478260867,19.589275362318848,19.593478260869567,19.500289855072467],"socialScore":[49.693043478260854,10.718260869565222,10.782318840579716,10.794492753623192]}}],"error":null}}}