{"update_time":"2025-05-14 13:39:38.041210","data":{"esgChart":{"result":[{"peerGroup":"Diversified Financials","symbolSeries":{"timestamp":[1730419200,1733011200,1735689600,1738368000,1740787200,1743465600,1746057600],"esgScore":[33.68,33.68,33.68,29.91,29.91,29.91,29.91],"governanceScore":[16.49,16.49,16.49,15.34,15.34,15.34,15.34],"environmentScore":[3.43,3.43,3.43,3.51,3.51,3.51,3.51],"socialScore":[13.76,13.76,13.76,11.06,11.06,11.06,11.06]},"peerSeries":{"timestamp":[1730419200,1733011200,1735689600,1738368000,1740787200,1743465600,1746057600],"esgScore":[23.972808988764058,23.876629213483152,23.837521126760574,23.7646218487395,23.696966292134835,23.842801120448176,23.814844192634563],"governanceScore":[9.909254658385091,9.883024691358026,9.851349693251533,9.830545454545454,9.820060240963855,9.915818181818183,9.871058823529411],"environmentScore":[1.5136645962732904,1.5319753086419738,1.536012269938649,1.5576969696969685,1.552108433734939,1.6113939393939383,1.6122352941176457],"socialScore":[8.95701863354037,8.920925925925925,8.88687116564417,8.852545454545453,8.899036144578309,8.895939393939388,8.950705882352938]}}],"error":null}}}