{"update_time":"2024-12-04 12:22:58.186470","data":{"esgChart":{"result":[{"peerGroup":"Textiles & Apparel","symbolSeries":{"timestamp":[1730419200],"esgScore":[16.73],"governanceScore":[0.0],"environmentScore":[0.0],"socialScore":[0.0]},"peerSeries":{"timestamp":[1730419200],"esgScore":[16.093466666666668],"governanceScore":[4.6753125],"environmentScore":[2.2481250000000004],"socialScore":[7.761562499999998]}}],"error":null}}}