{"update_time":"2024-10-22 13:56:41.573451","data":{"esgChart":{"result":[{"peerGroup":"Banks","symbolSeries":{"timestamp":[1727740800],"esgScore":[22.16],"governanceScore":[9.32],"environmentScore":[2.05],"socialScore":[10.79]},"peerSeries":{"timestamp":[1727740800],"esgScore":[29.565989304812856],"governanceScore":[10.725384615384616],"environmentScore":[2.108461538461538],"socialScore":[10.570000000000002]}}],"error":null}}}