{"update_time":"2024-12-08 15:56:15.915530","data":{"esgChart":{"result":[{"peerGroup":"Banks","symbolSeries":{"timestamp":[1727740800,1730419200],"esgScore":[22.16,21.58],"governanceScore":[9.32,9.45],"environmentScore":[2.05,2.05],"socialScore":[10.79,10.08]},"peerSeries":{"timestamp":[1727740800,1730419200],"esgScore":[29.64186528497411,26.026034858387803],"governanceScore":[10.725384615384616,9.488187134502924],"environmentScore":[2.108461538461538,1.3997660818713453],"socialScore":[10.570000000000002,9.820935672514619]}}],"error":null}}}