{"update_time":"2024-12-20 12:13:19.614071","data":{"esgChart":{"result":[{"peerGroup":"Precious Metals","symbolSeries":{"timestamp":[1730419200,1733011200],"esgScore":[24.25,24.25],"governanceScore":[3.04,3.04],"environmentScore":[7.81,7.81],"socialScore":[13.4,13.4]},"peerSeries":{"timestamp":[1730419200,1733011200],"esgScore":[32.06808988764045,32.26561797752808],"governanceScore":[5.057090909090908,5.0992592592592585],"environmentScore":[12.458909090909087,12.408888888888885],"socialScore":[10.650909090909089,10.789814814814811]}}],"error":null}}}