{"update_time":"2024-12-20 12:13:19.754191","data":{"esgChart":{"result":[{"peerGroup":"Retailing","symbolSeries":{"timestamp":[1730419200,1733011200],"esgScore":[12.63,12.63],"governanceScore":[4.02,4.02],"environmentScore":[0.26,0.26],"socialScore":[8.35,8.35]},"peerSeries":{"timestamp":[1730419200,1733011200],"esgScore":[17.983197026022317,18.017666666666678],"governanceScore":[4.282136752136752,4.2823076923076915],"environmentScore":[3.7912820512820513,3.7893162393162396],"socialScore":[9.143760683760691,9.142820512820517]}}],"error":null}}}