{"update_time":"2024-12-04 12:22:58.462388","data":{"esgChart":{"result":[{"peerGroup":"Retailing","symbolSeries":{"timestamp":[1730419200],"esgScore":[12.63],"governanceScore":[4.02],"environmentScore":[0.26],"socialScore":[8.35]},"peerSeries":{"timestamp":[1730419200],"esgScore":[17.983197026022317],"governanceScore":[4.282136752136752],"environmentScore":[3.7912820512820513],"socialScore":[9.143760683760691]}}],"error":null}}}