{"update_time":"2024-03-27 16:45:37.227068","data":{"esgChart":{"result":[{"peerGroup":"Media","symbolSeries":{"timestamp":[1693526400],"esgScore":[14.99],"governanceScore":[7.37],"environmentScore":[0.11],"socialScore":[7.51]},"peerSeries":{"timestamp":[1693526400],"esgScore":[14.429210526315789],"governanceScore":[6.715294117647059],"environmentScore":[0.4944117647058822],"socialScore":[7.041470588235294]}}],"error":null}}}