{"update_time":"2024-12-18 14:17:18.851366","data":{"esgChart":{"result":[{"peerGroup":"Media","symbolSeries":{"timestamp":[1693526400,1696118400,1698796800,1701388800,1704067200,1706745600,1709251200,1711929600,1714521600,1717200000,1719792000,1722470400,1725148800,1727740800,1730419200,1733011200],"esgScore":[14.99,null,null,null,null,null,null,null,null,null,null,null,null,14.09,14.09,13.86],"governanceScore":[7.37,null,null,null,null,null,null,null,null,null,null,null,null,6.55,6.55,6.4],"environmentScore":[0.11,null,null,null,null,null,null,null,null,null,null,null,null,0.26,0.26,0.26],"socialScore":[7.51,null,null,null,null,null,null,null,null,null,null,null,null,7.28,7.28,7.19]},"peerSeries":{"timestamp":[1693526400,1696118400,1698796800,1701388800,1704067200,1706745600,1709251200,1711929600,1714521600,1717200000,1719792000,1722470400,1725148800,1727740800,1730419200,1733011200],"esgScore":[14.429210526315789,null,null,null,null,null,null,null,null,null,null,null,19.48,17.343111111111114,15.739136690647493,15.70535714285715],"governanceScore":[6.715294117647059,null,null,null,null,null,null,null,null,null,null,null,8.875,7.385999999999999,6.172542372881355,6.1804999999999986],"environmentScore":[0.4944117647058822,null,null,null,null,null,null,null,null,null,null,null,0.22,0.6713333333333332,0.5149152542372882,0.5151666666666668],"socialScore":[7.041470588235294,null,null,null,null,null,null,null,null,null,null,null,10.385,8.384666666666666,7.319830508474575,7.3501666666666665]}}],"error":null}}}