{"update_time":"2024-12-20 12:13:23.238057","data":{"esgChart":{"result":[{"peerGroup":"Software & Services","symbolSeries":{"timestamp":[1730419200,1733011200],"esgScore":[15.84,15.94],"governanceScore":[5.54,5.65],"environmentScore":[1.17,1.17],"socialScore":[9.13,9.13]},"peerSeries":{"timestamp":[1730419200,1733011200],"esgScore":[20.749752066115704,20.741456953642388],"governanceScore":[5.80553435114504,5.763629343629346],"environmentScore":[2.9668320610687022,2.974131274131274],"socialScore":[9.796335877862584,9.807606177606166]}}],"error":null}}}