{"update_time":"2024-12-04 12:23:05.459893","data":{"esgChart":{"result":[{"peerGroup":"Banks","symbolSeries":{"timestamp":[1730419200],"esgScore":[24.76],"governanceScore":[12.06],"environmentScore":[2.25],"socialScore":[10.45]},"peerSeries":{"timestamp":[1730419200],"esgScore":[26.026034858387803],"governanceScore":[9.488187134502924],"environmentScore":[1.3997660818713453],"socialScore":[9.820935672514619]}}],"error":null}}}