{"update_time":"2025-11-04 14:39:39.192085","data":{"esgChart":{"result":[{"peerGroup":"Canada Fund North American Equity","symbolSeries":{"timestamp":[1517443200,1519862400,1522540800,1525132800,1527811200,1530403200,1533081600,1535760000,1538352000,1541030400],"esgScore":[50.81,50.66,51.33,51.18,51.05,51.38,51.35,51.89,51.88,51.99],"governanceScore":[47.94,47.41,48.43,48.18,47.95,47.49,47.12,47.83,47.84,47.9],"environmentScore":[52.93,52.82,53.26,53.29,53.48,53.75,53.46,54.12,53.76,53.78],"socialScore":[49.82,49.83,50.44,50.29,50.1,50.91,51.09,51.22,51.27,51.47]},"peerSeries":{"timestamp":[1517443200,1519862400,1522540800,1525132800,1527811200,1530403200,1533081600,1535760000,1538352000,1541030400],"esgScore":[44.76,48.01571428571429,48.175,48.0125,47.8625,47.93000000000001,47.90375,48.0975,48.17,48.173750000000005],"governanceScore":[51.155,52.411428571428566,52.91875,52.885,52.57875,52.51,52.17875,52.19625,52.45625,52.4625],"environmentScore":[51.8575,53.71714285714286,53.887499999999996,53.9425,54.15625,54.1925,53.255,53.478750000000005,53.511250000000004,53.39875],"socialScore":[50.76,51.978571428571435,52.308749999999996,52.198750000000004,51.9225,52.11375,51.85000000000001,52.182500000000005,52.293749999999996,52.41375]}}],"error":null}}}