{"update_time":"2025-11-04 14:40:02.323232","data":{"esgChart":{"result":[{"peerGroup":"US CE Convertibles","symbolSeries":{"timestamp":[1517443200,1519862400,1522540800,1525132800,1527811200,1530403200,1533081600,1535760000,1538352000,1541030400,1543622400],"esgScore":[44.98,44.98,44.98,44.98,44.98,44.98,44.98,44.98,44.98,44.98,44.98],"governanceScore":[49.13,49.13,49.13,49.13,49.13,49.13,49.13,49.13,49.13,49.13,49.13],"environmentScore":[47.45,47.45,47.45,47.45,47.45,47.45,47.45,47.45,47.45,47.45,47.45],"socialScore":[47.03,47.03,47.03,47.03,47.03,47.03,47.03,47.03,47.03,47.03,47.03]},"peerSeries":{"timestamp":[1517443200,1519862400,1522540800,1525132800,1527811200,1530403200,1533081600,1535760000,1538352000,1541030400,1543622400],"esgScore":[40.78692307692308,40.64076923076924,40.696923076923085,40.92615384615385,41.06230769230769,41.076153846153844,40.87071428571428,41.30142857142857,41.25142857142857,41.23857142857143,41.117142857142866],"governanceScore":[49.4076923076923,49.35461538461539,49.38846153846154,49.2846153846154,49.54384615384616,49.61,49.679285714285705,49.8,49.82714285714286,49.762857142857136,49.566428571428574],"environmentScore":[48.448461538461544,48.580000000000005,49.258461538461546,49.396923076923095,49.84076923076923,49.72,48.73857142857144,49.54714285714285,49.57000000000001,49.54285714285714,49.635000000000005],"socialScore":[46.893076923076926,46.72769230769231,46.95692307692308,47.239999999999995,47.684615384615384,47.840769230769226,47.057857142857145,47.74357142857142,47.606428571428566,47.69642857142857,47.49571428571428]}}],"error":null}}}