{"update_time":"2024-12-08 15:58:17.514375","data":{"esgChart":{"result":[{"peerGroup":"Paper & Forestry","symbolSeries":{"timestamp":[1727740800,1730419200],"esgScore":[16.49,16.49],"governanceScore":[2.06,2.06],"environmentScore":[9.92,9.92],"socialScore":[4.5,4.5]},"peerSeries":{"timestamp":[1727740800,1730419200],"esgScore":[22.203333333333333,21.11405405405406],"governanceScore":[1.695,3.0974999999999993],"environmentScore":[10.379999999999999,10.913999999999998],"socialScore":[4.855,4.6015]}}],"error":null}}}