{"update_time":"2025-02-13 15:24:16.965676","data":{"esgChart":{"result":[{"peerGroup":"Paper & Forestry","symbolSeries":{"timestamp":[1727740800,1730419200,1733011200,1735689600,1738368000],"esgScore":[16.49,16.49,16.49,16.04,16.04],"governanceScore":[2.06,2.06,2.06,1.78,1.78],"environmentScore":[9.92,9.92,9.92,10.19,10.19],"socialScore":[4.5,4.5,4.5,4.06,4.06]},"peerSeries":{"timestamp":[1727740800,1730419200,1733011200,1735689600,1738368000],"esgScore":[22.203333333333333,21.11405405405406,21.284736842105264,21.29657894736842,21.4571052631579],"governanceScore":[1.695,3.0974999999999993,2.947894736842105,2.9363157894736838,2.902631578947368],"environmentScore":[10.379999999999999,10.913999999999998,10.730526315789474,10.748947368421051,10.67],"socialScore":[4.855,4.6015,4.444736842105263,4.409473684210526,4.457894736842104]}}],"error":null}}}