{"update_time":"2024-12-20 12:13:26.327134","data":{"esgChart":{"result":[{"peerGroup":"Energy Services","symbolSeries":{"timestamp":[1730419200,1733011200],"esgScore":[22.63,22.63],"governanceScore":[5.49,5.49],"environmentScore":[9.03,9.03],"socialScore":[8.11,8.11]},"peerSeries":{"timestamp":[1730419200,1733011200],"esgScore":[26.053661971830977,26.220422535211256],"governanceScore":[6.088333333333332,6.0929166666666665],"environmentScore":[9.1925,9.236666666666666],"socialScore":[7.949583333333333,7.981666666666666]}}],"error":null}}}