{"update_time":"2024-12-04 12:23:09.957647","data":{"esgChart":{"result":[{"peerGroup":"Energy Services","symbolSeries":{"timestamp":[1730419200],"esgScore":[22.63],"governanceScore":[5.49],"environmentScore":[9.03],"socialScore":[8.11]},"peerSeries":{"timestamp":[1730419200],"esgScore":[26.053661971830977],"governanceScore":[6.088333333333332],"environmentScore":[9.1925],"socialScore":[7.949583333333333]}}],"error":null}}}