{"update_time":"2025-03-04 18:04:13.847307","data":{"esgChart":{"result":[{"peerGroup":"Energy Services","symbolSeries":{"timestamp":[1730419200,1733011200,1735689600,1738368000],"esgScore":[22.63,22.63,22.63,22.63],"governanceScore":[5.49,5.49,5.49,5.49],"environmentScore":[9.03,9.03,9.03,9.03],"socialScore":[8.11,8.11,8.11,8.11]},"peerSeries":{"timestamp":[1730419200,1733011200,1735689600,1738368000],"esgScore":[26.053661971830977,26.220422535211256,26.410555555555547,26.443380281690132],"governanceScore":[6.088333333333332,6.0929166666666665,5.9967999999999995,6.0275],"environmentScore":[9.1925,9.236666666666666,9.4652,9.3575],"socialScore":[7.949583333333333,7.981666666666666,8.247599999999998,8.197916666666664]}}],"error":null}}}