{"update_time":"2024-06-22 14:27:05.311193","data":{"esgChart":{"result":[{"peerGroup":"Real Estate","symbolSeries":{"timestamp":[1575158400,1577836800,1580515200,1583020800,1585699200,1588291200,1590969600,1593561600,1596240000,1598918400,1601510400,1604188800,1606780800,1609459200,1612137600,1614556800,1617235200,1619827200,1622505600,1625097600,1627776000,1630454400,1633046400,1635724800,1638316800,1640995200,1643673600,1646092800,1648771200,1651363200,1654041600,1656633600,1659312000,1661990400,1664582400,1667260800,1669852800,1672531200,1675209600,1677628800,1680307200,1682899200,1685577600,1688169600,1690848000,1693526400],"esgScore":[71.92,10.39,10.39,10.39,null,null,null,10.5,10.5,null,10.53,null,null,10.69,10.69,10.69,null,10.53,null,null,null,10.8,null,null,null,null,10.8,null,null,9.77,null,null,9.73,null,null,null,null,9.73,null,null,null,null,null,null,null,13.59],"governanceScore":[72.42,4.15,4.15,4.15,null,null,null,4.27,4.27,null,4.29,null,null,4.31,4.31,4.31,null,4.29,null,null,null,4.43,null,null,null,null,4.43,null,null,4.54,null,null,4.49,null,null,null,null,4.49,null,null,null,null,null,null,null,5.45],"environmentScore":[67.33,3.18,3.18,3.18,null,null,null,3.18,3.18,null,3.18,null,null,3.34,3.34,3.34,null,3.18,null,null,null,3.34,null,null,null,null,3.34,null,null,3.01,null,null,3.01,null,null,null,null,3.01,null,null,null,null,null,null,null,3.94],"socialScore":[77.53,3.05,3.05,3.05,null,null,null,3.05,3.05,null,3.05,null,null,3.03,3.03,3.03,null,3.05,null,null,null,3.03,null,null,null,null,3.03,null,null,2.22,null,null,2.22,null,null,null,null,2.22,null,null,null,null,null,null,null,4.2]},"peerSeries":{"timestamp":[1575158400,1577836800,1580515200,1583020800,1585699200,1588291200,1590969600,1593561600,1596240000,1598918400,1601510400,1604188800,1606780800,1609459200,1612137600,1614556800,1617235200,1619827200,1622505600,1625097600,1627776000,1630454400,1633046400,1635724800,1638316800,1640995200,1643673600,1646092800,1648771200,1651363200,1654041600,1656633600,1659312000,1661990400,1664582400,1667260800,1669852800,1672531200,1675209600,1677628800,1680307200,1682899200,1685577600,1688169600,1690848000,1693526400],"esgScore":[58.84444444444445,16.972592592592598,17.010462962962965,16.96990740740741,null,null,null,16.738888888888884,16.544629629629622,16.247037037037032,16.06092592592592,null,null,15.583055555555559,15.440000000000005,15.244537037037041,null,14.92166666666667,null,null,null,14.517047619047618,null,null,null,null,14.254444444444445,null,null,14.172264150943395,null,null,14.004326923076919,13.98168421052631,13.986210526315785,13.98936842105263,14.260983606557378,13.967127659574471,14.349508196721315,14.42377049180328,14.393278688524594,null,null,null,null,13.944905660377357],"governanceScore":[59.35420560747662,6.957383177570095,6.959813084112151,6.945046728971966,null,null,null,6.824766355140187,6.738785046728972,6.63579439252336,6.556203703703699,null,null,6.397850467289717,6.353396226415093,6.28566037735849,null,6.16509433962264,null,null,null,6.03549019607843,null,null,null,null,6.015142857142855,null,null,6.075490196078429,null,null,6.074851485148514,6.075824175824175,6.082747252747253,6.086483516483514,6.227999999999998,6.095164835164835,6.256833333333333,6.286333333333334,6.313000000000001,null,null,null,null,6.194803921568628],"environmentScore":[58.89280373831775,4.3792523364486,4.382523364485984,4.352616822429908,null,null,null,4.28841121495327,4.230560747663551,4.138504672897196,4.0975,null,null,3.9729906542056064,3.9516981132075464,3.9533018867924516,null,3.859150943396225,null,null,null,3.7637254901960766,null,null,null,null,3.7315238095238086,null,null,3.6768627450980396,null,null,3.650594059405941,3.63868131868132,3.637142857142859,3.628021978021979,3.6458333333333335,3.6408791208791222,3.6731666666666665,3.6911666666666667,3.6645,null,null,null,null,3.5597058823529437],"socialScore":[57.08102803738314,5.605233644859813,5.637757009345794,5.641682242990655,null,null,null,5.5939252336448595,5.541121495327102,5.43644859813084,5.425462962962961,null,null,5.181214953271024,5.123018867924527,4.990283018867923,null,4.876132075471698,null,null,null,4.675098039215686,null,null,null,null,4.468095238095238,null,null,4.363333333333333,null,null,4.222673267326733,4.186593406593405,4.185714285714285,4.194505494505494,4.428166666666666,4.183186813186812,4.461833333333332,4.489333333333332,4.458499999999999,null,null,null,null,4.156176470588235]}}],"error":null}}}