{"update_time":"2025-02-13 15:25:43.129415","data":{"esgChart":{"result":[{"peerGroup":"Software & Services","symbolSeries":{"timestamp":[1727740800,1730419200,1733011200,1735689600,1738368000],"esgScore":[24.25,24.25,24.75,24.75,24.75],"governanceScore":[8.85,8.85,9.35,9.35,9.35],"environmentScore":[4.58,4.58,4.58,4.58,4.58],"socialScore":[10.82,10.82,10.82,10.82,10.82]},"peerSeries":{"timestamp":[1727740800,1730419200,1733011200,1735689600,1738368000],"esgScore":[21.95,20.749752066115704,20.741456953642388,20.740710743801657,20.810630182421228],"governanceScore":[6.047160493827162,5.80553435114504,5.763629343629346,5.76223076923077,5.750697674418606],"environmentScore":[2.80037037037037,2.9668320610687022,2.974131274131274,2.9947307692307694,3.008565891472868],"socialScore":[9.712592592592593,9.796335877862584,9.807606177606166,9.812038461538451,9.848488372093012]}}],"error":null}}}