{"update_time":"2024-12-18 14:27:06.267759","data":{"esgChart":{"result":[{"peerGroup":"Software & Services","symbolSeries":{"timestamp":[1727740800,1730419200,1733011200],"esgScore":[24.25,24.25,24.75],"governanceScore":[8.85,8.85,9.35],"environmentScore":[4.58,4.58,4.58],"socialScore":[10.82,10.82,10.82]},"peerSeries":{"timestamp":[1727740800,1730419200,1733011200],"esgScore":[21.91875,20.749752066115704,20.741456953642388],"governanceScore":[6.047160493827162,5.80553435114504,5.763629343629346],"environmentScore":[2.80037037037037,2.9668320610687022,2.974131274131274],"socialScore":[9.712592592592593,9.796335877862584,9.807606177606166]}}],"error":null}}}