{"update_time":"2024-12-04 12:23:10.228604","data":{"esgChart":{"result":[{"peerGroup":"Healthcare","symbolSeries":{"timestamp":[1730419200],"esgScore":[19.26],"governanceScore":[6.54],"environmentScore":[3.57],"socialScore":[9.14]},"peerSeries":{"timestamp":[1730419200],"esgScore":[23.63607142857143],"governanceScore":[6.38878260869565],"environmentScore":[2.653217391304347],"socialScore":[12.468869565217396]}}],"error":null}}}