{"update_time":"2024-12-08 16:02:16.392173","data":{"esgChart":{"result":[{"peerGroup":"Consumer Services","symbolSeries":{"timestamp":[1727740800,1730419200],"esgScore":[25.09,25.09],"governanceScore":[11.28,11.28],"environmentScore":[3.46,3.46],"socialScore":[10.35,10.35]},"peerSeries":{"timestamp":[1727740800,1730419200],"esgScore":[26.164035087719295,24.887383177570083],"governanceScore":[7.6383333333333345,5.635421686746988],"environmentScore":[4.8025,6.204698795180725],"socialScore":[11.341666666666667,10.488795180722889]}}],"error":null}}}