{"update_time":"2024-12-04 12:23:10.872918","data":{"esgChart":{"result":[{"peerGroup":"Food Retailers","symbolSeries":{"timestamp":[1730419200],"esgScore":[16.45],"governanceScore":[2.15],"environmentScore":[7.15],"socialScore":[7.15]},"peerSeries":{"timestamp":[1730419200],"esgScore":[21.42108108108108],"governanceScore":[4.581666666666668],"environmentScore":[6.4678571428571425],"socialScore":[10.541904761904762]}}],"error":null}}}