{"update_time":"2025-03-04 18:05:23.253467","data":{"esgChart":{"result":[{"peerGroup":"Banks","symbolSeries":{"timestamp":[1730419200,1733011200,1735689600,1738368000],"esgScore":[21.16,21.16,21.16,21.16],"governanceScore":[0.0,0.0,0.0,0.0],"environmentScore":[0.0,0.0,0.0,0.0],"socialScore":[0.0,0.0,0.0,0.0]},"peerSeries":{"timestamp":[1730419200,1733011200,1735689600,1738368000],"esgScore":[26.026034858387803,26.028449781659383,26.076557017543845,26.123788546255494],"governanceScore":[9.488187134502924,9.40505882352941,9.388411764705879,9.35289940828402],"environmentScore":[1.3997660818713453,1.3817058823529411,1.362764705882353,1.3463313609467453],"socialScore":[9.820935672514619,9.813294117647057,10.01094117647059,9.98242603550296]}}],"error":null}}}