{"update_time":"2025-11-04 14:43:15.045420","data":{"esgChart":{"result":[{"peerGroup":"EAA CE Asia ex Japan Equity","symbolSeries":{"timestamp":[1517443200,1519862400,1522540800,1525132800,1527811200,1530403200,1533081600,1535760000,1538352000,1541030400],"esgScore":[45.6,45.2,43.55,43.55,43.06,43.06,42.76,43.18,43.18,43.0],"governanceScore":[44.56,44.33,43.85,43.85,43.37,43.37,43.49,43.85,43.85,43.37],"environmentScore":[47.26,46.82,46.87,46.87,46.0,46.0,45.53,46.32,46.32,46.5],"socialScore":[45.51,45.12,45.34,45.34,44.29,44.29,44.32,45.51,45.51,45.71]},"peerSeries":{"timestamp":[1517443200,1519862400,1522540800,1525132800,1527811200,1530403200,1533081600,1535760000,1538352000,1541030400],"esgScore":[45.704,45.576,45.304,45.204,45.146,45.146,44.891999999999996,45.205999999999996,45.044000000000004,45.036],"governanceScore":[47.959999999999994,47.745999999999995,47.61999999999999,47.980000000000004,47.94199999999999,47.94199999999999,48.208,48.519999999999996,48.57,48.57],"environmentScore":[51.42,51.428,51.602,51.914,51.63000000000001,51.63000000000001,51.498000000000005,51.734,51.658,51.660000000000004],"socialScore":[49.581999999999994,49.5,49.510000000000005,49.284000000000006,49.086,49.086,49.188,49.516,49.502,49.513999999999996]}}],"error":null}}}