{"update_time":"2025-11-04 14:43:34.492327","data":{"esgChart":{"result":[{"peerGroup":"Canada Fund Real Estate Equity","symbolSeries":{"timestamp":[1517443200,1519862400,1522540800,1525132800,1527811200,1530403200,1533081600,1535760000,1538352000,1541030400],"esgScore":[47.58,47.47,47.0,46.96,46.98,47.08,46.56,46.36,45.96,45.65],"governanceScore":[51.43,51.69,52.08,52.02,51.87,52.04,51.58,51.64,51.41,50.97],"environmentScore":[47.52,47.71,47.75,47.75,47.86,47.98,47.47,47.37,47.1,46.65],"socialScore":[45.22,45.31,44.98,44.81,44.93,45.01,44.81,44.64,44.17,44.06]},"peerSeries":{"timestamp":[1517443200,1519862400,1522540800,1525132800,1527811200,1530403200,1533081600,1535760000,1538352000,1541030400],"esgScore":[50.146470588235296,50.014705882352935,49.21470588235294,48.981764705882355,48.89588235294117,48.90882352941176,48.696470588235286,48.59235294117647,48.36588235294116,48.32823529411763],"governanceScore":[53.00705882352941,53.054705882352934,52.771764705882354,52.525882352941174,52.51470588235294,52.52529411764706,52.290588235294116,52.46470588235294,52.24352941176471,52.072941176470586],"environmentScore":[51.00764705882354,50.96705882352941,50.38823529411764,50.20411764705882,50.24470588235294,50.26235294117647,50.104705882352945,50.01941176470589,49.81,49.78058823529411],"socialScore":[49.56411764705882,49.47117647058824,48.665882352941175,48.42411764705883,48.371764705882356,48.39705882352942,48.34764705882353,48.26529411764706,48.145882352941186,48.10999999999999]}}],"error":null}}}