{"update_time":"2025-05-14 13:44:46.763472","data":{"esgChart":{"result":[{"peerGroup":"Healthcare","symbolSeries":{"timestamp":[1727740800,1730419200,1733011200,1735689600,1738368000,1740787200,1743465600,1746057600],"esgScore":[24.36,24.36,24.36,24.36,24.36,24.36,24.36,24.36],"governanceScore":[0.0,0.0,0.0,0.0,0.0,0.0,0.0,0.0],"environmentScore":[0.0,0.0,0.0,0.0,0.0,0.0,0.0,0.0],"socialScore":[0.0,0.0,0.0,0.0,0.0,0.0,0.0,0.0]},"peerSeries":{"timestamp":[1727740800,1730419200,1733011200,1735689600,1738368000,1740787200,1743465600,1746057600],"esgScore":[25.1276984126984,23.63607142857143,23.61544262295082,23.609477124183005,23.636372549019608,23.65124590163935,23.711067961165043,23.722990033222594],"governanceScore":[6.648181818181819,6.38878260869565,6.38086956521739,6.289572649572649,6.276581196581196,6.266293103448275,6.230336134453781,6.149249999999999],"environmentScore":[3.321818181818181,2.653217391304347,2.6531304347826072,2.635213675213674,2.6327350427350416,2.6438793103448255,2.639663865546216,2.626333333333332],"socialScore":[12.416363636363634,12.468869565217396,12.473913043478264,12.402136752136753,12.395470085470087,12.34129310344828,12.37243697478992,12.295083333333338]}}],"error":null}}}