{"update_time":"2025-11-04 14:44:43.492588","data":{"esgChart":{"result":[{"peerGroup":"Retailing","symbolSeries":{"timestamp":[1727740800,1730419200,1733011200,1735689600,1738368000,1740787200,1743465600,1746057600,1748736000,1751328000,1754006400,1756684800,1759276800],"esgScore":[14.43,14.43,14.43,14.43,14.43,14.43,18.17,18.17,18.17,18.17,18.17,18.17,17.13],"governanceScore":[0.0,0.0,0.0,0.0,0.0,0.0,0.0,0.0,0.0,0.0,0.0,0.0,0.0],"environmentScore":[0.0,0.0,0.0,0.0,0.0,0.0,0.0,0.0,0.0,0.0,0.0,0.0,0.0],"socialScore":[0.0,0.0,0.0,0.0,0.0,0.0,0.0,0.0,0.0,0.0,0.0,0.0,0.0]},"peerSeries":{"timestamp":[1727740800,1730419200,1733011200,1735689600,1738368000,1740787200,1743465600,1746057600,1748736000,1751328000,1754006400,1756684800,1759276800],"esgScore":[20.056984126984123,17.983197026022317,18.017666666666678,18.09100000000001,18.190970149253744,18.226179775280904,18.27291044776119,18.237132075471695,18.242301886792458,18.447340823970045,18.53116981132076,18.530265151515152,18.17666666666665],"governanceScore":[4.686111111111111,4.282136752136752,4.2823076923076915,4.274017094017093,4.269145299145298,4.2403389830508464,4.231680672268907,4.253583333333333,4.265583333333333,4.2882786885245885,4.307416666666665,4.291428571428572,4.2065811965811974],"environmentScore":[4.739999999999998,3.7912820512820513,3.7893162393162396,3.79974358974359,3.7909401709401704,3.8650847457627115,3.8761344537815123,3.7984999999999998,3.787416666666666,3.790573770491802,3.8180833333333326,3.761764705882353,3.8418803418803424],"socialScore":[9.368888888888891,9.143760683760691,9.142820512820517,9.120769230769236,9.102820512820516,9.068728813559325,9.035714285714288,8.999166666666667,8.938583333333334,8.934999999999997,8.854333333333331,8.800420168067225,8.4082905982906]}}],"error":null}}}