{"update_time":"2024-12-08 16:05:25.723938","data":{"esgChart":{"result":[{"peerGroup":"Insurance","symbolSeries":{"timestamp":[1727740800,1730419200],"esgScore":[24.86,24.86],"governanceScore":[0.0,0.0],"environmentScore":[0.0,0.0],"socialScore":[0.0,0.0]},"peerSeries":{"timestamp":[1727740800,1730419200],"esgScore":[27.066206896551726,23.217486033519574],"governanceScore":[9.563333333333333,9.244173913043477],"environmentScore":[1.3683333333333334,1.3306956521739126],"socialScore":[9.084999999999999,9.86895652173913]}}],"error":null}}}