{"update_time":"2024-12-20 12:13:31.798275","data":{"esgChart":{"result":[{"peerGroup":"Consumer Services","symbolSeries":{"timestamp":[1730419200,1733011200],"esgScore":[26.74,26.74],"governanceScore":[3.5,3.5],"environmentScore":[11.94,11.94],"socialScore":[11.3,11.3]},"peerSeries":{"timestamp":[1730419200,1733011200],"esgScore":[24.887383177570083,24.813474178403748],"governanceScore":[5.635421686746988,5.629277108433734],"environmentScore":[6.204698795180725,6.255542168674702],"socialScore":[10.488795180722889,10.500722891566262]}}],"error":null}}}