{"update_time":"2024-10-22 13:59:18.667460","data":{"esgChart":{"result":[{"peerGroup":"Consumer Services","symbolSeries":{"timestamp":[1727740800],"esgScore":[27.03],"governanceScore":[9.9],"environmentScore":[3.73],"socialScore":[13.4]},"peerSeries":{"timestamp":[1727740800],"esgScore":[26.535555555555558],"governanceScore":[7.6383333333333345],"environmentScore":[4.8025],"socialScore":[11.341666666666667]}}],"error":null}}}