{"update_time":"2024-12-08 16:05:47.323259","data":{"esgChart":{"result":[{"peerGroup":"Electrical Equipment","symbolSeries":{"timestamp":[1727740800,1730419200],"esgScore":[27.94,27.94],"governanceScore":[8.07,8.07],"environmentScore":[7.73,7.73],"socialScore":[12.15,12.15]},"peerSeries":{"timestamp":[1727740800,1730419200],"esgScore":[25.45,22.866637168141594],"governanceScore":[6.1240000000000006,5.423589743589744],"environmentScore":[6.134,6.308974358974358],"socialScore":[8.62,8.199487179487178]}}],"error":null}}}