{"update_time":"2025-11-04 14:45:34.888798","data":{"esgChart":{"result":[{"peerGroup":"Consumer Services","symbolSeries":{"timestamp":[1727740800,1730419200,1733011200,1735689600,1738368000,1740787200,1743465600,1746057600,1748736000],"esgScore":[32.49,32.49,23.45,23.45,23.45,23.45,23.45,23.45,23.45],"governanceScore":[0.0,0.0,0.0,0.0,0.0,0.0,0.0,0.0,0.0],"environmentScore":[0.0,0.0,0.0,0.0,0.0,0.0,0.0,0.0,0.0],"socialScore":[0.0,0.0,0.0,0.0,0.0,0.0,0.0,0.0,0.0]},"peerSeries":{"timestamp":[1727740800,1730419200,1733011200,1735689600,1738368000,1740787200,1743465600,1746057600,1748736000],"esgScore":[26.164035087719295,24.887383177570083,24.813474178403748,24.84778301886792,24.926009389671357,24.957393364928908,24.860809523809525,24.834611650485435,24.814019138755974],"governanceScore":[7.6383333333333345,5.635421686746988,5.629277108433734,5.584698795180722,5.5863855421686734,5.577831325301204,5.439651162790699,5.354022988505747,5.3396470588235285],"environmentScore":[4.8025,6.204698795180725,6.255542168674702,6.29132530120482,6.294096385542169,6.397469879518073,6.508720930232557,6.577011494252874,6.736000000000001],"socialScore":[11.341666666666667,10.488795180722889,10.500722891566262,10.521807228915662,10.51879518072289,10.529277108433732,10.575930232558138,10.692413793103446,10.670117647058822]}}],"error":null}}}