{"update_time":"2024-12-18 14:39:51.226154","data":{"esgChart":{"result":[{"peerGroup":"Banks","symbolSeries":{"timestamp":[1727740800,1730419200,1733011200],"esgScore":[25.15,25.15,25.13],"governanceScore":[10.7,10.7,10.84],"environmentScore":[2.61,2.61,2.44],"socialScore":[11.84,11.84,11.85]},"peerSeries":{"timestamp":[1727740800,1730419200,1733011200],"esgScore":[29.64186528497411,26.026034858387803,26.028449781659383],"governanceScore":[10.725384615384616,9.488187134502924,9.40505882352941],"environmentScore":[2.108461538461538,1.3997660818713453,1.3817058823529411],"socialScore":[10.570000000000002,9.820935672514619,9.813294117647057]}}],"error":null}}}