{"update_time":"2024-10-22 13:59:23.674877","data":{"esgChart":{"result":[{"peerGroup":"Banks","symbolSeries":{"timestamp":[1727740800],"esgScore":[25.15],"governanceScore":[10.7],"environmentScore":[2.61],"socialScore":[11.84]},"peerSeries":{"timestamp":[1727740800],"esgScore":[29.565989304812856],"governanceScore":[10.725384615384616],"environmentScore":[2.108461538461538],"socialScore":[10.570000000000002]}}],"error":null}}}