{"update_time":"2024-12-08 16:06:30.339252","data":{"esgChart":{"result":[{"peerGroup":"Banks","symbolSeries":{"timestamp":[1727740800,1730419200],"esgScore":[25.15,25.15],"governanceScore":[10.7,10.7],"environmentScore":[2.61,2.61],"socialScore":[11.84,11.84]},"peerSeries":{"timestamp":[1727740800,1730419200],"esgScore":[29.64186528497411,26.026034858387803],"governanceScore":[10.725384615384616,9.488187134502924],"environmentScore":[2.108461538461538,1.3997660818713453],"socialScore":[10.570000000000002,9.820935672514619]}}],"error":null}}}