{"update_time":"2024-12-20 12:13:33.973698","data":{"esgChart":{"result":[{"peerGroup":"Food Products","symbolSeries":{"timestamp":[1730419200,1733011200],"esgScore":[34.21,34.21],"governanceScore":[5.01,5.01],"environmentScore":[15.11,15.11],"socialScore":[14.08,14.08]},"peerSeries":{"timestamp":[1730419200,1733011200],"esgScore":[30.339107142857163,30.482500000000005],"governanceScore":[5.0987068965517235,5.083448275862067],"environmentScore":[11.703275862068962,11.85215517241379],"socialScore":[11.015603448275856,11.06922413793103]}}],"error":null}}}