{"update_time":"2024-12-08 16:09:54.161399","data":{"esgChart":{"result":[{"peerGroup":"Food Products","symbolSeries":{"timestamp":[1727740800,1730419200],"esgScore":[45.07,45.07],"governanceScore":[9.78,9.78],"environmentScore":[19.5,19.5],"socialScore":[15.79,15.79]},"peerSeries":{"timestamp":[1727740800,1730419200],"esgScore":[34.80869565217392,30.339107142857163],"governanceScore":[4.9390909090909085,5.0987068965517235],"environmentScore":[12.838181818181818,11.703275862068962],"socialScore":[12.215454545454547,11.015603448275856]}}],"error":null}}}