{"update_time":"2025-11-04 14:47:15.047840","data":{"esgChart":{"result":[{"peerGroup":"Canada Fund Preferred Share Fixed Income","symbolSeries":{"timestamp":[1517443200,1519862400,1522540800,1525132800,1527811200,1530403200,1533081600,1535760000,1538352000,1541030400],"esgScore":[52.05,52.18,52.3,51.78,50.95,50.71,50.73,50.89,51.06,50.97],"governanceScore":[56.87,57.16,56.75,56.23,55.25,54.6,55.44,55.45,56.2,56.19],"environmentScore":[50.81,50.96,51.18,50.73,49.89,49.7,49.44,49.93,49.66,49.51],"socialScore":[46.46,46.18,46.79,46.34,46.28,46.67,46.26,46.3,46.38,46.29]},"peerSeries":{"timestamp":[1517443200,1519862400,1522540800,1525132800,1527811200,1530403200,1533081600,1535760000,1538352000,1541030400],"esgScore":[47.27058823529412,47.42235294117648,47.64470588235294,47.62352941176471,47.471999999999994,47.42533333333334,47.10875,46.795,46.44277777777778,46.391666666666666],"governanceScore":[57.637058823529415,57.90176470588234,58.220588235294116,58.163529411764706,57.895999999999994,57.87933333333333,57.88375,57.66937500000001,57.24611111111111,57.09388888888889],"environmentScore":[52.43764705882353,52.428823529411765,52.59823529411765,52.614705882352936,52.519999999999996,52.513333333333335,51.91312500000001,51.6775,51.65611111111112,51.56055555555555],"socialScore":[48.30823529411765,48.207647058823525,48.390588235294125,48.3064705882353,48.273999999999994,48.33999999999999,48.15625000000001,47.861875000000005,47.50611111111111,47.45444444444445]}}],"error":null}}}