{"update_time":"2025-11-04 14:47:26.338236","data":{"esgChart":{"result":[{"peerGroup":"Software & Services","symbolSeries":{"timestamp":[1754006400,1756684800,1759276800],"esgScore":[24.17,24.17,23.56],"governanceScore":[0.0,0.0,0.0],"environmentScore":[0.0,0.0,0.0],"socialScore":[0.0,0.0,0.0]},"peerSeries":{"timestamp":[1754006400,1756684800,1759276800],"esgScore":[21.271357388316154,21.236826758147515,20.873745704467357],"governanceScore":[5.553599999999998,5.5158634538152596,5.223805668016193],"environmentScore":[3.2804,3.304738955823292,3.2981781376518224],"socialScore":[10.071280000000003,10.078313253012054,9.788178137651823]}}],"error":null}}}