{"update_time":"2025-11-04 14:47:34.547926","data":{"esgChart":{"result":[{"peerGroup":"Diversified Financials","symbolSeries":{"timestamp":[1730419200,1733011200,1735689600,1738368000,1740787200,1743465600,1746057600,1748736000,1751328000,1754006400,1756684800,1759276800],"esgScore":[18.42,18.4,18.4,18.4,18.4,18.4,18.4,18.3,18.3,18.3,18.3,18.3],"governanceScore":[0.0,0.0,0.0,0.0,0.0,0.0,0.0,0.0,0.0,0.0,0.0,0.0],"environmentScore":[0.0,0.0,0.0,0.0,0.0,0.0,0.0,0.0,0.0,0.0,0.0,0.0],"socialScore":[0.0,0.0,0.0,0.0,0.0,0.0,0.0,0.0,0.0,0.0,0.0,0.0]},"peerSeries":{"timestamp":[1730419200,1733011200,1735689600,1738368000,1740787200,1743465600,1746057600,1748736000,1751328000,1754006400,1756684800,1759276800],"esgScore":[23.972808988764058,23.876629213483152,23.837521126760574,23.7646218487395,23.696966292134835,23.842801120448176,23.803361581920907,23.640812324929964,23.62831932773108,23.593249999999994,23.55168067226891,23.185859154929588],"governanceScore":[9.909254658385091,9.883024691358026,9.851349693251533,9.830545454545454,9.820060240963855,9.915818181818183,9.864736842105264,9.745739644970417,9.711705882352943,9.717816091954022,9.671618497109826,9.398830409356721],"environmentScore":[1.5136645962732904,1.5319753086419738,1.536012269938649,1.5576969696969685,1.552108433734939,1.6113939393939383,1.6047953216374256,1.621597633136093,1.6129411764705868,1.659195402298849,1.6407514450867038,1.5900584795321626],"socialScore":[8.95701863354037,8.920925925925925,8.88687116564417,8.852545454545453,8.899036144578309,8.895939393939388,8.96052631578947,8.883136094674553,8.897882352941176,8.971666666666666,8.956878612716762,8.712339181286552]}}],"error":null}}}