{"update_time":"2025-03-28 15:18:11.645853","data":{"esgChart":{"result":[{"peerGroup":"Insurance","symbolSeries":{"timestamp":[1730419200,1733011200,1735689600,1738368000,1740787200],"esgScore":[17.74,17.74,17.74,17.74,17.74],"governanceScore":[7.15,7.15,7.15,7.15,7.15],"environmentScore":[1.61,1.61,1.61,1.61,1.61],"socialScore":[8.98,8.98,8.98,8.98,8.98]},"peerSeries":{"timestamp":[1730419200,1733011200,1735689600,1738368000,1740787200],"esgScore":[23.217486033519574,23.19050000000001,23.16800000000001,23.144419889502764,23.172513966480448],"governanceScore":[9.244173913043477,9.231565217391301,9.229304347826083,9.201120689655168,9.239826086956521],"environmentScore":[1.3306956521739126,1.327478260869565,1.3224347826086953,1.319655172413793,1.314260869565217],"socialScore":[9.86895652173913,9.862086956521741,9.858608695652178,9.87629310344828,9.866434782608698]}}],"error":null}}}