{"update_time":"2024-12-20 12:13:35.281422","data":{"esgChart":{"result":[{"peerGroup":"Insurance","symbolSeries":{"timestamp":[1730419200,1733011200],"esgScore":[17.74,17.74],"governanceScore":[7.15,7.15],"environmentScore":[1.61,1.61],"socialScore":[8.98,8.98]},"peerSeries":{"timestamp":[1730419200,1733011200],"esgScore":[23.217486033519574,23.19050000000001],"governanceScore":[9.244173913043477,9.231565217391301],"environmentScore":[1.3306956521739126,1.327478260869565],"socialScore":[9.86895652173913,9.862086956521741]}}],"error":null}}}