{"update_time":"2025-11-04 14:48:06.564142","data":{"esgChart":{"result":[{"peerGroup":"US Fund Global Real Estate","symbolSeries":{"timestamp":[1517443200,1519862400,1522540800,1525132800,1527811200,1530403200,1533081600,1535760000,1538352000,1541030400,1543622400,1546300800],"esgScore":[53.3,54.36,54.02,53.95,54.27,53.68,54.12,54.09,53.83,54.1,54.85,55.0],"governanceScore":[55.23,56.01,56.77,56.92,57.15,57.02,57.39,57.55,56.93,57.46,57.73,57.61],"environmentScore":[56.27,57.54,57.48,57.31,57.63,57.51,57.9,57.62,57.17,57.36,57.73,58.05],"socialScore":[50.89,51.92,51.95,51.83,52.64,52.16,52.65,52.42,52.08,52.17,52.22,52.42]},"peerSeries":{"timestamp":[1517443200,1519862400,1522540800,1525132800,1527811200,1530403200,1533081600,1535760000,1538352000,1541030400,1543622400,1546300800],"esgScore":[50.71720524017466,50.61682203389839,50.300296610169525,49.955358649789076,49.96915611814346,50.00585062240664,49.750082304526785,49.661926229508225,49.555081967213134,49.290983606557376,49.21467213114754,49.257727272727216],"governanceScore":[53.54441048034935,53.57944915254237,53.381779661016886,53.28371308016876,53.23936708860762,53.28759336099585,53.06942386831263,53.063934426229494,53.015081967213106,52.6202459016394,52.6376639344262,52.70338842975208],"environmentScore":[53.100436681222774,53.09813559322028,52.86978813559321,52.61877637130808,52.60729957805909,52.65319502074689,52.55473251028806,52.48827868852461,52.300983606557324,51.89668032786884,51.82520491803277,51.81553719008259],"socialScore":[51.28100436681227,51.28550847457624,50.997669491525414,50.66738396624475,50.683291139240524,50.676514522821606,50.44502057613172,50.366680327868785,50.25098360655735,50.12016393442616,50.131475409836014,50.176322314049585]}}],"error":null}}}