{"update_time":"2025-05-14 13:48:28.314821","data":{"esgChart":{"result":[{"peerGroup":"Food Products","symbolSeries":{"timestamp":[1730419200],"esgScore":[27.48],"governanceScore":[2.44],"environmentScore":[14.3],"socialScore":[10.74]},"peerSeries":{"timestamp":[1730419200],"esgScore":[30.339107142857163],"governanceScore":[5.0987068965517235],"environmentScore":[11.703275862068962],"socialScore":[11.015603448275856]}}],"error":null}}}