{"update_time":"2024-12-18 14:49:31.240563","data":{"esgChart":{"result":[{"peerGroup":"Consumer Durables","symbolSeries":{"timestamp":[1727740800,1730419200,1733011200],"esgScore":[18.5,18.5,18.5],"governanceScore":[0.0,0.0,0.0],"environmentScore":[0.0,0.0,0.0],"socialScore":[0.0,0.0,0.0]},"peerSeries":{"timestamp":[1727740800,1730419200,1733011200],"esgScore":[15.139999999999999,16.831734693877547,17.01587628865979],"governanceScore":[4.184,4.296571428571428,4.228571428571429],"environmentScore":[2.2920000000000003,4.137428571428571,4.166857142857142],"socialScore":[6.481999999999999,7.659428571428571,7.660857142857143]}}],"error":null}}}