{"update_time":"2024-12-12 12:26:15.389954","data":{"esgChart":{"result":[{"peerGroup":"Technology Hardware","symbolSeries":{"timestamp":[1730419200,1733011200],"esgScore":[16.36,16.36],"governanceScore":[4.68,4.68],"environmentScore":[1.03,1.03],"socialScore":[10.65,10.65]},"peerSeries":{"timestamp":[1730419200,1733011200],"esgScore":[15.839243697478981,15.97586497890294],"governanceScore":[4.913255813953486,4.916235294117645],"environmentScore":[3.148139534883721,3.251882352941176],"socialScore":[5.26174418604651,5.219764705882351]}}],"error":null}}}