{"update_time":"2024-12-18 14:50:35.974535","data":{"esgChart":{"result":[{"peerGroup":"Consumer Durables","symbolSeries":{"timestamp":[1727740800,1730419200,1733011200],"esgScore":[16.9,16.9,16.9],"governanceScore":[7.09,7.09,7.09],"environmentScore":[1.71,1.71,1.71],"socialScore":[8.1,8.1,8.1]},"peerSeries":{"timestamp":[1727740800,1730419200,1733011200],"esgScore":[15.139999999999999,16.831734693877547,17.01587628865979],"governanceScore":[4.184,4.296571428571428,4.228571428571429],"environmentScore":[2.2920000000000003,4.137428571428571,4.166857142857142],"socialScore":[6.481999999999999,7.659428571428571,7.660857142857143]}}],"error":null}}}