{"update_time":"2024-12-08 16:12:40.056132","data":{"esgChart":{"result":[{"peerGroup":"Consumer Durables","symbolSeries":{"timestamp":[1727740800,1730419200],"esgScore":[16.9,16.9],"governanceScore":[7.09,7.09],"environmentScore":[1.71,1.71],"socialScore":[8.1,8.1]},"peerSeries":{"timestamp":[1727740800,1730419200],"esgScore":[15.139999999999999,16.831734693877547],"governanceScore":[4.184,4.296571428571428],"environmentScore":[2.2920000000000003,4.137428571428571],"socialScore":[6.481999999999999,7.659428571428571]}}],"error":null}}}