{"update_time":"2024-01-26 17:40:57.126515","data":{"esgChart":{"result":[{"peerGroup":"Canada Fund US Equity","symbolSeries":{"timestamp":[1538352000],"esgScore":[52.54],"governanceScore":[50.87],"environmentScore":[53.77],"socialScore":[51.57]},"peerSeries":{"timestamp":[1538352000],"esgScore":[46.76479674796749],"governanceScore":[51.516829268292675],"environmentScore":[54.25154471544715],"socialScore":[52.29113821138212]}}],"error":null}}}