{"update_time":"2025-05-14 13:50:22.709924","data":{"esgChart":{"result":[{"peerGroup":"Software & Services","symbolSeries":{"timestamp":[1727740800,1730419200,1733011200,1735689600,1738368000,1740787200,1743465600],"esgScore":[16.18,16.18,16.18,16.18,16.18,16.18,16.18],"governanceScore":[4.26,4.26,4.26,4.26,4.26,4.26,4.26],"environmentScore":[1.52,1.52,1.52,1.52,1.52,1.52,1.52],"socialScore":[10.41,10.41,10.41,10.41,10.41,10.41,10.41]},"peerSeries":{"timestamp":[1727740800,1730419200,1733011200,1735689600,1738368000,1740787200,1743465600],"esgScore":[21.95,20.749752066115704,20.741456953642388,20.740710743801657,20.810630182421228,20.80081939799331,20.904713804713804],"governanceScore":[6.047160493827162,5.80553435114504,5.763629343629346,5.76223076923077,5.750697674418606,5.662929687499999,5.64171875],"environmentScore":[2.80037037037037,2.9668320610687022,2.974131274131274,2.9947307692307694,3.008565891472868,3.057656249999999,3.11140625],"socialScore":[9.712592592592593,9.796335877862584,9.807606177606166,9.812038461538451,9.848488372093012,9.885351562499995,9.911718749999991]}}],"error":null}}}