{"update_time":"2025-11-04 14:50:55.793227","data":{"esgChart":{"result":[{"peerGroup":"Canada Fund Canadian Small/Mid Cap Equity","symbolSeries":{"timestamp":[1517443200,1519862400,1522540800,1525132800,1527811200,1530403200,1533081600,1535760000,1538352000],"esgScore":[45.41,45.42,45.56,45.46,45.6,45.58,45.3,45.48,45.17],"governanceScore":[49.85,50.08,50.07,50.26,50.53,50.71,50.33,50.36,49.88],"environmentScore":[44.9,44.85,45.06,44.83,44.94,44.9,44.58,44.82,44.71],"socialScore":[44.91,44.9,45.04,44.91,44.94,44.81,44.83,44.94,44.63]},"peerSeries":{"timestamp":[1517443200,1519862400,1522540800,1525132800,1527811200,1530403200,1533081600,1535760000,1538352000],"esgScore":[42.74384615384615,42.886153846153846,42.93615384615385,42.887692307692305,42.92,42.91615384615385,42.69538461538462,42.56923076923077,42.27636363636363],"governanceScore":[49.082307692307694,49.380769230769225,49.53615384615385,49.70461538461538,49.673846153846156,49.683076923076925,49.62153846153846,49.60307692307693,49.74],"environmentScore":[43.50615384615384,43.803076923076915,43.966923076923074,43.87538461538462,43.91538461538461,43.881538461538454,43.73846153846154,43.677692307692304,42.660909090909094],"socialScore":[44.182307692307695,44.400769230769235,44.48846153846153,44.364615384615384,44.3176923076923,44.301538461538456,44.01923076923077,44.04615384615384,43.77090909090909]}}],"error":null}}}