{"update_time":"2024-10-22 14:02:49.754424","data":{"esgChart":{"result":[{"peerGroup":"Healthcare","symbolSeries":{"timestamp":[1727740800],"esgScore":[24.66],"governanceScore":[7.29],"environmentScore":[4.04],"socialScore":[13.33]},"peerSeries":{"timestamp":[1727740800],"esgScore":[24.948521739130424],"governanceScore":[6.648181818181819],"environmentScore":[3.321818181818181],"socialScore":[12.416363636363634]}}],"error":null}}}