{"update_time":"2024-03-27 17:46:49.688387","data":{"esgChart":{"result":[{"peerGroup":"Retailing","symbolSeries":{"timestamp":[1475280000,1477958400,1480550400,1483228800,1485907200,1488326400,1491004800,1493596800,1496275200,1498867200,1501545600,1504224000,1506816000,1509494400,1512086400,1514764800,1517443200,1519862400],"esgScore":[41.75,41.75,41.75,41.75,41.75,41.71,41.71,40.96,40.96,40.96,40.96,43.0,45.0,45.0,45.0,45.0,45.44,45.44],"governanceScore":[48.0,48.0,48.0,48.0,48.0,47.83,47.83,47.83,47.83,47.83,47.83,46.0,53.0,53.0,53.0,53.0,52.67,52.67],"environmentScore":[39.29,39.29,39.29,39.29,39.29,39.29,39.29,37.14,37.14,37.14,37.14,37.0,38.0,38.0,38.0,38.0,38.0,38.0],"socialScore":[40.0,40.0,40.0,40.0,40.0,40.0,40.0,40.0,40.0,40.0,40.0,46.0,47.0,47.0,47.0,47.0,47.42,47.42]},"peerSeries":{"timestamp":[1475280000,1477958400,1480550400,1483228800,1485907200,1488326400,1491004800,1493596800,1496275200,1498867200,1501545600,1504224000,1506816000,1509494400,1512086400,1514764800,1517443200,1519862400],"esgScore":[55.64583333333333,55.62749999999998,55.59733333333333,55.793166666666664,55.793166666666664,55.284354838709675,55.10935483870968,54.90241935483871,54.90241935483871,54.839516129032255,55.155967741935484,55.01290322580647,54.6283870967742,54.69416666666666,54.6675,54.55850000000001,54.84016666666668,55.26150000000002],"governanceScore":[65.05166666666666,65.05166666666666,64.82600000000001,64.92699999999999,64.92699999999999,64.6358064516129,64.66564516129031,64.45951612903224,64.4448387096774,64.38999999999999,64.89161290322579,64.85919354838708,61.85983870967741,61.98716666666666,61.9355,61.9955,62.10133333333333,62.22599999999999],"environmentScore":[51.68166666666665,51.68166666666665,51.80233333333332,51.77966666666666,51.77966666666666,51.35532258064516,51.19903225806452,51.171935483870975,51.34241935483872,51.22032258064517,51.50032258064516,51.17806451612903,51.85467741935485,51.87716666666668,51.83900000000002,51.767500000000005,52.1475,52.970499999999994],"socialScore":[53.23583333333333,53.18983333333333,53.15,53.59449999999999,53.59449999999999,52.87580645161289,52.5566129032258,52.190967741935474,52.05112903225806,52.03516129032258,52.26774193548387,52.21225806451613,52.537419354838676,52.60299999999997,52.60133333333331,52.35333333333332,52.65883333333331,52.91416666666665]}}],"error":null}}}