{"update_time":"2024-12-12 12:26:23.837676","data":{"esgChart":{"result":[{"peerGroup":"Electrical Equipment","symbolSeries":{"timestamp":[1730419200,1733011200],"esgScore":[26.92,26.92],"governanceScore":[5.84,5.84],"environmentScore":[9.42,9.42],"socialScore":[11.66,11.66]},"peerSeries":{"timestamp":[1730419200,1733011200],"esgScore":[22.866637168141594,23.67621621621622],"governanceScore":[5.423589743589744,5.416666666666667],"environmentScore":[6.308974358974358,6.957692307692305],"socialScore":[8.199487179487178,8.22205128205128]}}],"error":null}}}