{"update_time":"2024-10-22 14:02:54.128495","data":{"esgChart":{"result":[{"peerGroup":"Pharmaceuticals","symbolSeries":{"timestamp":[1727740800],"esgScore":[17.98],"governanceScore":[5.33],"environmentScore":[1.92],"socialScore":[10.74]},"peerSeries":{"timestamp":[1727740800],"esgScore":[28.269273927392735],"governanceScore":[6.1897222222222235],"environmentScore":[1.6988888888888891],"socialScore":[15.03638888888889]}}],"error":null}}}