{"update_time":"2025-03-04 18:12:52.145765","data":{"esgChart":{"result":[{"peerGroup":"Commercial Services","symbolSeries":{"timestamp":[1730419200,1733011200,1735689600,1738368000],"esgScore":[18.48,18.48,18.48,18.48],"governanceScore":[4.28,4.28,4.28,4.28],"environmentScore":[3.54,3.54,3.54,3.54],"socialScore":[10.66,10.66,10.66,10.66]},"peerSeries":{"timestamp":[1730419200,1733011200,1735689600,1738368000],"esgScore":[17.10367441860465,17.402232558139538,17.466572769953054,17.53452830188679],"governanceScore":[4.026956521739131,3.9688405797101454,3.9461764705882367,4.001304347826087],"environmentScore":[2.467971014492754,2.640724637681159,2.7095588235294112,2.678115942028985],"socialScore":[9.374637681159424,9.410289855072467,9.39720588235294,9.450724637681159]}}],"error":null}}}