{"update_time":"2024-12-04 12:23:33.154069","data":{"esgChart":{"result":[{"peerGroup":"Banks","symbolSeries":{"timestamp":[1730419200],"esgScore":[23.84],"governanceScore":[0.0],"environmentScore":[0.0],"socialScore":[0.0]},"peerSeries":{"timestamp":[1730419200],"esgScore":[26.026034858387803],"governanceScore":[9.488187134502924],"environmentScore":[1.3997660818713453],"socialScore":[9.820935672514619]}}],"error":null}}}