{"update_time":"2025-11-04 14:54:18.088846","data":{"esgChart":{"result":[{"peerGroup":"EAA Fund Property - Indirect Europe","symbolSeries":{"timestamp":[1525132800,1527811200,1530403200,1533081600,1535760000,1538352000,1541030400],"esgScore":[62.64,62.64,62.64,62.64,62.64,62.64,62.64],"governanceScore":[58.22,58.22,58.22,58.22,58.22,58.22,58.22],"environmentScore":[62.61,62.61,62.61,62.61,62.61,62.61,62.61],"socialScore":[61.38,61.38,61.38,61.38,61.38,61.38,61.38]},"peerSeries":{"timestamp":[1525132800,1527811200,1530403200,1533081600,1535760000,1538352000,1541030400],"esgScore":[57.57770833333336,57.60635036496347,57.50999999999998,57.71613793103453,57.52328467153288,57.313941605839425,57.2428169014084],"governanceScore":[56.21715277777777,56.286131386861314,56.20007299270073,56.475241379310376,56.05905109489051,55.97408759124091,55.90288732394366],"environmentScore":[57.38513888888888,57.467883211678824,57.39496350364962,57.78055172413792,57.7867883211679,57.68226277372269,57.55936619718311],"socialScore":[60.171041666666646,60.048467153284626,60.014744525547435,60.257862068965466,59.95554744525548,59.70080291970796,59.5579577464789]}}],"error":null}}}