{"update_time":"2024-10-22 14:02:59.621384","data":{"esgChart":{"result":[{"peerGroup":"Real Estate","symbolSeries":{"timestamp":[1727740800],"esgScore":[21.84],"governanceScore":[0.0],"environmentScore":[0.0],"socialScore":[0.0]},"peerSeries":{"timestamp":[1727740800],"esgScore":[15.359230769230773],"governanceScore":[5.001111111111111],"environmentScore":[3.7133333333333334],"socialScore":[4.067777777777777]}}],"error":null}}}