{"update_time":"2025-11-07 12:20:59.771485","data":{"esgChart":{"result":[{"peerGroup":"Commercial Services","symbolSeries":{"timestamp":[1756684800,1759276800],"esgScore":[26.26,26.26],"governanceScore":[0.0,0.0],"environmentScore":[0.0,0.0],"socialScore":[0.0,0.0]},"peerSeries":{"timestamp":[1756684800,1759276800],"esgScore":[17.667727272727276,17.46777777777778],"governanceScore":[3.9440298507462677,3.8127941176470594],"environmentScore":[2.411492537313433,2.4804411764705874],"socialScore":[9.617910447761192,9.362205882352939]}}],"error":null}}}