{"update_time":"2025-05-14 13:55:00.745699","data":{"esgChart":{"result":[{"peerGroup":"Australia Fund Equity Global Real Estate","symbolSeries":{"timestamp":[1517443200,1519862400,1522540800,1525132800,1527811200,1530403200,1533081600,1535760000,1538352000],"esgScore":[51.34,51.34,51.34,51.22,51.22,51.22,51.33,51.33,51.33],"governanceScore":[52.86,52.86,52.86,53.0,53.0,53.0,52.81,52.81,52.81],"environmentScore":[52.78,52.78,52.78,52.96,52.96,52.96,52.98,52.98,52.98],"socialScore":[49.8,49.8,49.8,49.3,49.3,49.3,49.79,49.79,49.79]},"peerSeries":{"timestamp":[1517443200,1519862400,1522540800,1525132800,1527811200,1530403200,1533081600,1535760000,1538352000],"esgScore":[50.599999999999994,50.58,50.57,50.769999999999996,50.64,50.644999999999996,50.489999999999995,50.379999999999995,50.22],"governanceScore":[53.85,54.01,53.965,54.055,53.870000000000005,53.875,53.66,53.655,53.43],"environmentScore":[53.115,53.11,53.095,53.269999999999996,53.225,53.230000000000004,52.989999999999995,52.834999999999994,52.665],"socialScore":[49.8,49.73,49.739999999999995,49.665,49.474999999999994,49.485,49.61,49.465,49.4]}}],"error":null}}}