{"update_time":"2025-02-13 15:54:39.763173","data":{"esgChart":{"result":[{"peerGroup":"Oil & Gas Producers","symbolSeries":{"timestamp":[1727740800,1730419200,1733011200,1735689600,1738368000],"esgScore":[52.91,52.91,52.91,52.91,52.91],"governanceScore":[0.0,0.0,0.0,0.0,0.0],"environmentScore":[0.0,0.0,0.0,0.0,0.0],"socialScore":[0.0,0.0,0.0,0.0,0.0]},"peerSeries":{"timestamp":[1727740800,1730419200,1733011200,1735689600,1738368000],"esgScore":[47.377500000000005,40.66664670658685,41.42005988023955,42.098095238095254,42.161030303030316],"governanceScore":[7.065,6.480229885057474,6.490000000000001,6.4275581395348835,6.5607058823529405],"environmentScore":[22.732499999999998,21.059310344827583,21.17788235294117,21.36744186046511,21.21023529411765],"socialScore":[8.735,9.211034482758624,9.294705882352947,9.480930232558144,9.672941176470594]}}],"error":null}}}