{"update_time":"2025-11-04 14:56:17.658939","data":{"esgChart":{"result":[{"peerGroup":"Retailing","symbolSeries":{"timestamp":[1727740800],"esgScore":[19.57],"governanceScore":[5.89],"environmentScore":[6.23],"socialScore":[7.44]},"peerSeries":{"timestamp":[1727740800],"esgScore":[20.056984126984123],"governanceScore":[4.686111111111111],"environmentScore":[4.739999999999998],"socialScore":[9.368888888888891]}}],"error":null}}}