{"update_time":"2024-12-12 12:26:33.213293","data":{"esgChart":{"result":[{"peerGroup":"Automobiles","symbolSeries":{"timestamp":[1730419200,1733011200],"esgScore":[24.24,31.45],"governanceScore":[0.0,0.0],"environmentScore":[0.0,0.0],"socialScore":[0.0,0.0]},"peerSeries":{"timestamp":[1730419200,1733011200],"esgScore":[23.875208333333333,24.447916666666668],"governanceScore":[7.018750000000002,7.063000000000001],"environmentScore":[6.434,6.541000000000001],"socialScore":[10.81,10.7895]}}],"error":null}}}