{"update_time":"2024-12-18 15:08:14.366175","data":{"esgChart":{"result":[{"peerGroup":"Containers & Packaging","symbolSeries":{"timestamp":[1727740800,1730419200,1733011200],"esgScore":[24.5,23.51,23.51],"governanceScore":[2.77,2.81,2.81],"environmentScore":[20.1,19.2,19.2],"socialScore":[1.63,1.5,1.5]},"peerSeries":{"timestamp":[1727740800,1730419200,1733011200],"esgScore":[21.43285714285714,17.53909090909091,17.616136363636368],"governanceScore":[2.77,2.822000000000001,2.8063333333333342],"environmentScore":[20.1,11.943666666666667,11.930333333333332],"socialScore":[1.63,1.2806666666666666,1.2846666666666664]}}],"error":null}}}