{"update_time":"2025-03-04 18:14:51.320603","data":{"esgChart":{"result":[{"peerGroup":"Containers & Packaging","symbolSeries":{"timestamp":[1727740800,1730419200,1733011200,1735689600,1738368000],"esgScore":[24.5,23.51,23.51,23.51,23.51],"governanceScore":[2.77,2.81,2.81,2.81,2.81],"environmentScore":[20.1,19.2,19.2,19.2,19.2],"socialScore":[1.63,1.5,1.5,1.5,1.5]},"peerSeries":{"timestamp":[1727740800,1730419200,1733011200,1735689600,1738368000],"esgScore":[21.43285714285714,17.53909090909091,17.616136363636368,17.663409090909088,17.892558139534884],"governanceScore":[2.77,2.822000000000001,2.8063333333333342,2.785333333333334,2.8224137931034496],"environmentScore":[20.1,11.943666666666667,11.930333333333332,11.944999999999999,12.243103448275862],"socialScore":[1.63,1.2806666666666666,1.2846666666666664,1.3259999999999996,1.308620689655172]}}],"error":null}}}