{"update_time":"2024-12-08 16:20:17.867171","data":{"esgChart":{"result":[{"peerGroup":"Containers & Packaging","symbolSeries":{"timestamp":[1727740800,1730419200],"esgScore":[24.5,23.51],"governanceScore":[2.77,2.81],"environmentScore":[20.1,19.2],"socialScore":[1.63,1.5]},"peerSeries":{"timestamp":[1727740800,1730419200],"esgScore":[21.43285714285714,17.53909090909091],"governanceScore":[2.77,2.822000000000001],"environmentScore":[20.1,11.943666666666667],"socialScore":[1.63,1.2806666666666666]}}],"error":null}}}