{"update_time":"2025-11-04 14:56:41.351173","data":{"esgChart":{"result":[{"peerGroup":"US CE Real Estate","symbolSeries":{"timestamp":[1517443200,1519862400,1522540800,1525132800,1527811200,1530403200,1533081600,1535760000,1538352000,1541030400,1543622400,1546300800,1548979200,1551398400,1554076800,1556668800,1559347200,1561939200,1564617600,1567296000,1569888000,1572566400,1575158400,1577836800,1580515200,1583020800,1585699200,1588291200,1590969600,1593561600,1596240000,1598918400,1601510400,1604188800,1606780800],"esgScore":[46.87,46.87,46.87,47.1,47.1,47.1,46.77,46.77,46.77,46.61,46.61,46.61,null,null,null,null,null,null,null,null,null,null,null,null,null,null,null,null,null,17.21,17.18,17.32,16.88,16.7,16.45],"governanceScore":[52.12,52.12,52.12,52.25,52.25,52.25,52.11,52.11,52.11,52.08,52.08,52.08,null,null,null,null,null,null,null,null,null,null,null,null,null,null,null,null,null,5.52,5.44,5.47,5.29,5.29,5.31],"environmentScore":[49.38,49.38,49.38,49.81,49.81,49.81,49.23,49.23,49.23,48.77,48.77,48.77,null,null,null,null,null,null,null,null,null,null,null,null,null,null,null,null,null,4.84,4.88,4.97,4.91,4.85,4.62],"socialScore":[44.47,44.47,44.47,44.42,44.42,44.42,44.96,44.96,44.96,44.75,44.75,44.75,null,null,null,null,null,null,null,null,null,null,null,null,null,null,null,null,null,5.38,5.39,5.49,5.28,5.17,5.14]},"peerSeries":{"timestamp":[1517443200,1519862400,1522540800,1525132800,1527811200,1530403200,1533081600,1535760000,1538352000,1541030400,1543622400,1546300800,1548979200,1551398400,1554076800,1556668800,1559347200,1561939200,1564617600,1567296000,1569888000,1572566400,1575158400,1577836800,1580515200,1583020800,1585699200,1588291200,1590969600,1593561600,1596240000,1598918400,1601510400,1604188800,1606780800],"esgScore":[44.564,44.546,44.558,44.748000000000005,44.862,44.739999999999995,44.844,44.58200000000001,44.6,44.589999999999996,44.456,44.480000000000004,46.28,46.28,null,46.27,null,null,null,18.22666666666667,18.118000000000002,18.163999999999998,18.092000000000002,18.062,18.077999999999996,18.056,18.017999999999997,17.896,17.779999999999998,17.698,17.594,17.4325,17.229999999999997,17.035999999999998,16.726000000000003],"governanceScore":[51.70400000000001,51.730000000000004,51.80799999999999,52.1,52.236000000000004,52.074,52.652,52.482000000000006,52.46,52.402,52.232000000000006,52.186,52.51,52.51,null,52.63,null,null,null,5.535,5.4375,5.3125,5.4575,5.4575000000000005,5.467499999999999,5.6075,5.5825,5.545,5.515000000000001,5.397500000000001,5.2875000000000005,5.2524999999999995,5.1175,5.1175,5.08],"environmentScore":[48.33,48.286,48.27,48.528,48.632000000000005,48.540000000000006,48.7,48.412,48.30800000000001,48.038000000000004,47.785999999999994,47.724000000000004,48.46,48.46,null,48.36,null,null,null,4.305,4.105,4.325,4.4175,4.43,4.4325,4.57,4.609999999999999,4.5600000000000005,4.59,4.605,4.6049999999999995,4.6225,4.5825000000000005,4.5249999999999995,4.3149999999999995],"socialScore":[43.99999999999999,43.884,43.874,43.858,43.93000000000001,43.812,44.134,44.205999999999996,44.114,43.994,43.974000000000004,44.013999999999996,45.39,45.39,null,45.57,null,null,null,5.275,5.12,4.97,5.1325,5.13,5.132499999999999,5.2975,5.3175,5.2575,5.27,5.2275,5.155,5.1875,5.0225,4.8325,4.725]}}],"error":null}}}