{"update_time":"2024-12-18 15:08:31.205965","data":{"esgChart":{"result":[{"peerGroup":"Pharmaceuticals","symbolSeries":{"timestamp":[1727740800,1730419200,1733011200],"esgScore":[15.89,15.89,15.89],"governanceScore":[3.65,3.65,3.65],"environmentScore":[1.82,1.82,1.82],"socialScore":[10.42,10.42,10.42]},"peerSeries":{"timestamp":[1727740800,1730419200,1733011200],"esgScore":[28.313461538461517,27.172400793650795,27.936449704142003],"governanceScore":[6.1897222222222235,6.379929577464789,6.366111111111112],"environmentScore":[1.6988888888888891,2.1654929577464794,2.2250000000000005],"socialScore":[15.03638888888889,13.70514084507042,13.6425]}}],"error":null}}}