{"update_time":"2025-03-04 18:15:12.378714","data":{"esgChart":{"result":[{"peerGroup":"Precious Metals","symbolSeries":{"timestamp":[1727740800,1730419200,1733011200,1735689600,1738368000],"esgScore":[8.51,8.51,10.93,10.93,10.93],"governanceScore":[5.45,5.45,7.56,7.56,7.56],"environmentScore":[0.28,0.28,0.24,0.24,0.24],"socialScore":[2.78,2.78,3.13,3.13,3.13]},"peerSeries":{"timestamp":[1727740800,1730419200,1733011200,1735689600,1738368000],"esgScore":[35.40888888888889,32.06808988764045,32.26561797752808,32.322471910112334,32.2235227272727],"governanceScore":[4.634285714285715,5.057090909090908,5.0992592592592585,5.1285185185185185,5.004339622641509],"environmentScore":[13.620000000000001,12.458909090909087,12.408888888888885,12.468888888888886,12.378490566037735],"socialScore":[9.964285714285714,10.650909090909089,10.789814814814811,10.858518518518515,10.744905660377352]}}],"error":null}}}