{"update_time":"2024-12-08 16:20:37.698968","data":{"esgChart":{"result":[{"peerGroup":"Precious Metals","symbolSeries":{"timestamp":[1727740800,1730419200],"esgScore":[8.51,8.51],"governanceScore":[5.45,5.45],"environmentScore":[0.28,0.28],"socialScore":[2.78,2.78]},"peerSeries":{"timestamp":[1727740800,1730419200],"esgScore":[35.40888888888889,32.06808988764045],"governanceScore":[4.634285714285715,5.057090909090908],"environmentScore":[13.620000000000001,12.458909090909087],"socialScore":[9.964285714285714,10.650909090909089]}}],"error":null}}}