{"update_time":"2025-11-07 12:21:10.150900","data":{"esgChart":{"result":[{"peerGroup":"Semiconductors","symbolSeries":{"timestamp":[1756684800,1759276800],"esgScore":[36.23,36.23],"governanceScore":[0.0,0.0],"environmentScore":[0.0,0.0],"socialScore":[0.0,0.0]},"peerSeries":{"timestamp":[1756684800,1759276800],"esgScore":[23.87690476190476,23.593730158730153],"governanceScore":[5.239814814814816,4.93277777777778],"environmentScore":[7.8674074074074065,7.972777777777778],"socialScore":[5.6709259259259275,5.478518518518519]}}],"error":null}}}