{"update_time":"2025-02-13 15:55:52.552920","data":{"esgChart":{"result":[{"peerGroup":"Real Estate","symbolSeries":{"timestamp":[1730419200,1733011200,1735689600,1738368000],"esgScore":[16.3,16.3,16.3,16.3],"governanceScore":[0.0,0.0,0.0,0.0],"environmentScore":[0.0,0.0,0.0,0.0],"socialScore":[0.0,0.0,0.0,0.0]},"peerSeries":{"timestamp":[1730419200,1733011200,1735689600,1738368000],"esgScore":[15.647762645914394,15.964171539961017,16.008109161793374,16.10744140625001],"governanceScore":[5.357873303167427,5.360818181818187,5.344885844748863,5.333378995433794],"environmentScore":[3.6234389140271506,3.686590909090909,3.6987214611872155,3.705205479452056],"socialScore":[3.8858371040723987,3.885545454545455,3.854657534246575,3.8740182648401826]}}],"error":null}}}