{"update_time":"2025-05-14 13:56:29.138748","data":{"esgChart":{"result":[{"peerGroup":"Real Estate","symbolSeries":{"timestamp":[1730419200,1733011200,1735689600,1738368000,1740787200,1743465600,1746057600],"esgScore":[14.74,14.74,14.74,14.74,13.91,13.91,13.41],"governanceScore":[6.52,6.52,6.52,6.52,6.68,6.68,6.51],"environmentScore":[3.5,3.5,3.5,3.5,2.92,2.92,2.79],"socialScore":[4.71,4.71,4.71,4.71,4.31,4.31,4.1]},"peerSeries":{"timestamp":[1730419200,1733011200,1735689600,1738368000,1740787200,1743465600,1746057600],"esgScore":[15.647762645914394,15.964171539961017,16.008109161793374,16.117980582524286,16.127076023391826,16.16373307543522,16.057203219315916],"governanceScore":[5.357873303167427,5.360818181818187,5.344885844748863,5.343076923076928,5.372556053811665,5.388716814159297,5.414260089686103],"environmentScore":[3.6234389140271506,3.686590909090909,3.6987214611872155,3.716923076923078,3.7390134529147994,3.788539823008849,3.8721524663677127],"socialScore":[3.8858371040723987,3.885545454545455,3.854657534246575,3.8938461538461535,3.884753363228698,3.840663716814158,3.820717488789237]}}],"error":null}}}