{"update_time":"2024-12-08 16:21:27.855983","data":{"esgChart":{"result":[{"peerGroup":"Automobiles","symbolSeries":{"timestamp":[1727740800,1730419200],"esgScore":[30.11,30.23],"governanceScore":[7.09,7.23],"environmentScore":[5.84,5.84],"socialScore":[17.17,17.16]},"peerSeries":{"timestamp":[1727740800,1730419200],"esgScore":[26.13,23.875208333333333],"governanceScore":[6.7075,7.018750000000002],"environmentScore":[5.2975,6.434],"socialScore":[12.562500000000002,10.81]}}],"error":null}}}