{"update_time":"2025-11-04 14:58:10.705487","data":{"esgChart":{"result":[{"peerGroup":"Automobiles","symbolSeries":{"timestamp":[1727740800,1730419200,1733011200,1735689600,1738368000,1740787200,1743465600,1746057600,1748736000,1751328000,1754006400,1756684800,1759276800],"esgScore":[30.11,30.23,30.23,30.23,30.23,30.23,30.23,30.23,30.23,27.59,27.59,27.59,26.38],"governanceScore":[7.09,7.23,7.23,7.23,7.23,7.23,7.23,7.23,7.23,7.36,7.36,7.36,6.88],"environmentScore":[5.84,5.84,5.84,5.84,5.84,5.84,5.84,5.84,5.84,7.09,7.09,7.09,7.09],"socialScore":[17.17,17.16,17.16,17.16,17.16,17.16,17.16,17.16,17.16,13.14,13.14,13.14,12.4]},"peerSeries":{"timestamp":[1727740800,1730419200,1733011200,1735689600,1738368000,1740787200,1743465600,1746057600,1748736000,1751328000,1754006400,1756684800,1759276800],"esgScore":[26.75777777777778,23.875208333333333,24.749387755102045,24.88520833333334,25.166458333333342,25.390000000000004,25.433541666666674,25.488222222222223,25.932708333333334,26.172291666666663,26.448979591836736,26.30729166666666,24.953125000000004],"governanceScore":[6.7075,7.018750000000002,7.063000000000001,6.995750000000001,6.901538461538462,6.8612820512820525,6.862564102564104,6.923076923076924,6.968947368421054,6.9436842105263175,6.899210526315791,6.854736842105264,6.15736842105263],"environmentScore":[5.2975,6.434,6.541000000000001,6.8855,7.076153846153847,7.405897435897437,7.485641025641027,7.7379487179487185,7.870789473684211,8.120000000000001,8.565263157894734,8.577631578947367,8.915263157894737],"socialScore":[12.562500000000002,10.81,10.7895,10.8445,10.853846153846154,10.82897435897436,10.801538461538463,10.784102564102565,10.98657894736842,10.690526315789473,10.38578947368421,10.438684210526315,9.286052631578947]}}],"error":null}}}