{"update_time":"2024-12-08 16:21:33.213504","data":{"esgChart":{"result":[{"peerGroup":"Aerospace & Defense","symbolSeries":{"timestamp":[1727740800,1730419200],"esgScore":[39.9,39.9],"governanceScore":[0.0,0.0],"environmentScore":[0.0,0.0],"socialScore":[0.0,0.0]},"peerSeries":{"timestamp":[1727740800,1730419200],"esgScore":[35.79636363636364,32.22622950819671],"governanceScore":[7.7875,5.868750000000001],"environmentScore":[7.9025,8.670999999999998],"socialScore":[16.3125,14.9845]}}],"error":null}}}