{"update_time":"2025-03-04 18:16:12.629050","data":{"esgChart":{"result":[{"peerGroup":"Real Estate","symbolSeries":{"timestamp":[1730419200,1733011200,1735689600,1738368000],"esgScore":[17.13,16.91,16.91,16.91],"governanceScore":[0.0,0.0,0.0,0.0],"environmentScore":[0.0,0.0,0.0,0.0],"socialScore":[0.0,0.0,0.0,0.0]},"peerSeries":{"timestamp":[1730419200,1733011200,1735689600,1738368000],"esgScore":[15.647762645914394,15.964171539961017,16.008109161793374,16.117980582524286],"governanceScore":[5.357873303167427,5.360818181818187,5.344885844748863,5.343076923076928],"environmentScore":[3.6234389140271506,3.686590909090909,3.6987214611872155,3.716923076923078],"socialScore":[3.8858371040723987,3.885545454545455,3.854657534246575,3.8938461538461535]}}],"error":null}}}