{"update_time":"2024-12-08 16:25:31.627050","data":{"esgChart":{"result":[{"peerGroup":"Building Products","symbolSeries":{"timestamp":[1727740800,1730419200],"esgScore":[26.01,26.01],"governanceScore":[0.0,0.0],"environmentScore":[0.0,0.0],"socialScore":[0.0,0.0]},"peerSeries":{"timestamp":[1727740800,1730419200],"esgScore":[27.962500000000002,23.676119402985083],"governanceScore":[null,5.2078125],"environmentScore":[null,9.87],"socialScore":[null,5.682812499999999]}}],"error":null}}}