{"update_time":"2024-12-18 15:15:49.848331","data":{"esgChart":{"result":[{"peerGroup":"Building Products","symbolSeries":{"timestamp":[1727740800,1730419200,1733011200],"esgScore":[26.01,26.01,26.01],"governanceScore":[0.0,0.0,0.0],"environmentScore":[0.0,0.0,0.0],"socialScore":[0.0,0.0,0.0]},"peerSeries":{"timestamp":[1727740800,1730419200,1733011200],"esgScore":[27.962500000000002,23.676119402985083,23.807462686567177],"governanceScore":[null,5.2078125,5.220625000000001],"environmentScore":[null,9.87,9.960625],"socialScore":[null,5.682812499999999,5.675624999999999]}}],"error":null}}}