{"update_time":"2025-05-14 13:58:05.043624","data":{"esgChart":{"result":[{"peerGroup":"Real Estate","symbolSeries":{"timestamp":[1727740800,1730419200,1733011200,1735689600,1738368000],"esgScore":[15.43,15.43,15.43,16.61,16.61],"governanceScore":[0.0,0.0,0.0,0.0,0.0],"environmentScore":[0.0,0.0,0.0,0.0,0.0],"socialScore":[0.0,0.0,0.0,0.0,0.0]},"peerSeries":{"timestamp":[1727740800,1730419200,1733011200,1735689600,1738368000],"esgScore":[15.995357142857145,15.647762645914394,15.964171539961017,16.008109161793374,16.117980582524286],"governanceScore":[5.001111111111111,5.357873303167427,5.360818181818187,5.344885844748863,5.343076923076928],"environmentScore":[3.7133333333333334,3.6234389140271506,3.686590909090909,3.6987214611872155,3.716923076923078],"socialScore":[4.067777777777777,3.8858371040723987,3.885545454545455,3.854657534246575,3.8938461538461535]}}],"error":null}}}