{"update_time":"2024-10-22 14:14:23.065400","data":{"esgChart":{"result":[{"peerGroup":"Media","symbolSeries":{"timestamp":[1727740800],"esgScore":[16.92],"governanceScore":[8.13],"environmentScore":[0.39],"socialScore":[8.41]},"peerSeries":{"timestamp":[1727740800],"esgScore":[17.32205882352941],"governanceScore":[7.385999999999999],"environmentScore":[0.6713333333333332],"socialScore":[8.384666666666666]}}],"error":null}}}