{"update_time":"2024-12-08 16:27:06.683120","data":{"esgChart":{"result":[{"peerGroup":"Media","symbolSeries":{"timestamp":[1727740800,1730419200],"esgScore":[16.92,16.92],"governanceScore":[8.13,8.13],"environmentScore":[0.39,0.39],"socialScore":[8.41,8.41]},"peerSeries":{"timestamp":[1727740800,1730419200],"esgScore":[17.343111111111114,15.739136690647493],"governanceScore":[7.385999999999999,6.172542372881355],"environmentScore":[0.6713333333333332,0.5149152542372882],"socialScore":[8.384666666666666,7.319830508474575]}}],"error":null}}}