{"update_time":"2024-12-18 15:17:21.967863","data":{"esgChart":{"result":[{"peerGroup":"Media","symbolSeries":{"timestamp":[1727740800,1730419200,1733011200],"esgScore":[16.92,16.92,16.92],"governanceScore":[8.13,8.13,8.13],"environmentScore":[0.39,0.39,0.39],"socialScore":[8.41,8.41,8.41]},"peerSeries":{"timestamp":[1727740800,1730419200,1733011200],"esgScore":[17.343111111111114,15.739136690647493,15.70535714285715],"governanceScore":[7.385999999999999,6.172542372881355,6.1804999999999986],"environmentScore":[0.6713333333333332,0.5149152542372882,0.5151666666666668],"socialScore":[8.384666666666666,7.319830508474575,7.3501666666666665]}}],"error":null}}}