{"update_time":"2024-12-18 15:17:29.551994","data":{"esgChart":{"result":[{"peerGroup":"Insurance","symbolSeries":{"timestamp":[1733011200],"esgScore":[21.98],"governanceScore":[0.0],"environmentScore":[0.0],"socialScore":[0.0]},"peerSeries":{"timestamp":[1733011200],"esgScore":[23.19050000000001],"governanceScore":[9.231565217391301],"environmentScore":[1.327478260869565],"socialScore":[9.862086956521741]}}],"error":null}}}