{"update_time":"2025-03-04 18:17:27.571430","data":{"esgChart":{"result":[{"peerGroup":"Insurance","symbolSeries":{"timestamp":[1733011200,1735689600,1738368000],"esgScore":[21.98,21.98,21.98],"governanceScore":[0.0,0.0,0.0],"environmentScore":[0.0,0.0,0.0],"socialScore":[0.0,0.0,0.0]},"peerSeries":{"timestamp":[1733011200,1735689600,1738368000],"esgScore":[23.19050000000001,23.16800000000001,23.144419889502764],"governanceScore":[9.231565217391301,9.229304347826083,9.201120689655168],"environmentScore":[1.327478260869565,1.3224347826086953,1.319655172413793],"socialScore":[9.862086956521741,9.858608695652178,9.87629310344828]}}],"error":null}}}