{"update_time":"2025-11-04 15:01:29.254943","data":{"esgChart":{"result":[{"peerGroup":"Canada Fund European Equity","symbolSeries":{"timestamp":[1517443200,1519862400,1522540800,1525132800,1527811200,1530403200,1533081600,1535760000,1538352000,1541030400],"esgScore":[63.58,63.6,63.88,64.06,63.49,63.49,63.12,62.75,62.75,62.5],"governanceScore":[62.35,62.32,61.97,62.03,61.88,61.88,61.32,61.1,61.1,60.81],"environmentScore":[60.56,60.6,60.96,61.22,60.7,60.7,60.54,60.94,60.94,60.63],"socialScore":[62.87,62.9,63.2,63.51,62.68,62.68,62.17,61.28,61.28,61.13]},"peerSeries":{"timestamp":[1517443200,1519862400,1522540800,1525132800,1527811200,1530403200,1533081600,1535760000,1538352000,1541030400],"esgScore":[54.902,54.95692307692306,54.88192307692308,55.013461538461534,54.940769230769234,54.96923076923077,54.725769230769224,54.77923076923078,54.62599999999999,54.42111111111111],"governanceScore":[58.2528,58.3826923076923,58.12884615384614,58.15346153846152,58.10769230769232,58.09769230769233,58.001153846153834,57.94807692307691,58.11799999999998,57.73518518518517],"environmentScore":[59.4124,59.61384615384615,59.43076923076923,59.3246153846154,59.26038461538461,59.28076923076923,59.11653846153846,59.225769230769224,59.38200000000002,59.03962962962963],"socialScore":[59.6548,59.90884615384617,59.99307692307693,60.34576923076923,60.226538461538475,60.27000000000001,60.151923076923076,60.13576923076922,60.20366666666668,59.905925925925935]}}],"error":null}}}