{"update_time":"2025-02-13 16:14:53.723171","data":{"esgChart":{"result":[{"peerGroup":"Pharmaceuticals","symbolSeries":{"timestamp":[1727740800,1730419200,1733011200,1735689600,1738368000],"esgScore":[26.74,26.74,26.74,26.74,26.74],"governanceScore":[5.44,5.44,5.44,5.44,5.44],"environmentScore":[1.83,1.83,1.83,1.83,1.83],"socialScore":[19.46,19.46,19.46,19.46,19.46]},"peerSeries":{"timestamp":[1727740800,1730419200,1733011200,1735689600,1738368000],"esgScore":[28.313461538461517,27.172400793650795,27.936449704142003,28.057075098814227,28.159501992031867],"governanceScore":[6.1897222222222235,6.379929577464789,6.366111111111112,6.294027777777778,6.281608391608393],"environmentScore":[1.6988888888888891,2.1654929577464794,2.2250000000000005,2.303958333333333,2.3278321678321676],"socialScore":[15.03638888888889,13.70514084507042,13.6425,13.576944444444445,13.622237762237766]}}],"error":null}}}