{"update_time":"2024-10-22 14:16:38.210640","data":{"esgChart":{"result":[{"peerGroup":"Pharmaceuticals","symbolSeries":{"timestamp":[1727740800],"esgScore":[26.74],"governanceScore":[5.44],"environmentScore":[1.83],"socialScore":[19.46]},"peerSeries":{"timestamp":[1727740800],"esgScore":[28.269273927392735],"governanceScore":[6.1897222222222235],"environmentScore":[1.6988888888888891],"socialScore":[15.03638888888889]}}],"error":null}}}