{"update_time":"2025-11-07 12:21:12.908162","data":{"esgChart":{"result":[{"peerGroup":"Real Estate","symbolSeries":{"timestamp":[1756684800,1759276800],"esgScore":[15.45,15.45],"governanceScore":[0.0,0.0],"environmentScore":[0.0,0.0],"socialScore":[0.0,0.0]},"peerSeries":{"timestamp":[1756684800,1759276800],"esgScore":[16.33265873015875,16.27384920634922],"governanceScore":[5.479821428571431,5.472711111111112],"environmentScore":[3.938973214285713,3.9696888888888884],"socialScore":[3.768392857142854,3.756577777777775]}}],"error":null}}}