{"update_time":"2024-12-04 12:23:43.024309","data":{"esgChart":{"result":[{"peerGroup":"Electrical Equipment","symbolSeries":{"timestamp":[1730419200],"esgScore":[20.97],"governanceScore":[4.18],"environmentScore":[7.54],"socialScore":[9.26]},"peerSeries":{"timestamp":[1730419200],"esgScore":[22.866637168141594],"governanceScore":[5.423589743589744],"environmentScore":[6.308974358974358],"socialScore":[8.199487179487178]}}],"error":null}}}