{"update_time":"2025-02-13 16:15:18.676996","data":{"esgChart":{"result":[{"peerGroup":"Electrical Equipment","symbolSeries":{"timestamp":[1730419200,1733011200,1735689600,1738368000],"esgScore":[20.97,20.97,20.97,20.97],"governanceScore":[4.18,4.18,4.18,4.18],"environmentScore":[7.54,7.54,7.54,7.54],"socialScore":[9.26,9.26,9.26,9.26]},"peerSeries":{"timestamp":[1730419200,1733011200,1735689600,1738368000],"esgScore":[22.866637168141594,23.67621621621622,24.19872727272728,24.303944954128447],"governanceScore":[5.423589743589744,5.416666666666667,5.417894736842106,5.4360526315789475],"environmentScore":[6.308974358974358,6.957692307692305,6.953157894736841,6.953157894736841],"socialScore":[8.199487179487178,8.22205128205128,8.21,8.21]}}],"error":null}}}