{"update_time":"2023-09-22 14:06:12.457382","data":{"esgChart":{"result":[{"peerGroup":"US Fund Real Estate","symbolSeries":{"timestamp":[1525132800,1527811200,1530403200,1533081600,1535760000,1538352000,1541030400,1543622400,1546300800],"esgScore":[44.85,45.28,45.22,45.06,44.93,43.74,43.73,43.98,44.07],"governanceScore":[51.9,51.83,51.92,51.79,51.78,51.3,51.32,52.38,52.3],"environmentScore":[46.02,46.26,46.06,45.42,45.19,44.72,44.72,44.45,44.54],"socialScore":[42.71,43.73,43.3,41.92,41.79,41.71,41.75,42.17,42.16]},"peerSeries":{"timestamp":[1525132800,1527811200,1530403200,1533081600,1535760000,1538352000,1541030400,1543622400,1546300800],"esgScore":[46.59453900709224,46.748939929328714,46.73507042253525,46.733854166666674,46.72568965517242,46.84901060070677,46.56187279151944,46.422473498233224,46.436912280701726],"governanceScore":[52.96968085106384,53.11067137809188,53.11376760563381,53.2589583333333,53.31831034482762,53.422932862190834,53.06600706713784,53.07286219081272,53.13063157894734],"environmentScore":[49.7604255319149,49.940424028268616,49.941338028169085,49.843402777777754,49.7954827586207,49.865088339222666,49.437279151943436,49.211166077738476,49.06999999999992],"socialScore":[45.01670212765956,45.114734982332074,45.10774647887316,45.33892361111111,45.26679310344824,45.26565371024733,45.086890459363964,45.038551236749086,45.08010526315786]}}],"error":null}}}