{"update_time":"2024-10-04 06:11:25.922989","data":{"esgChart":{"result":[{"peerGroup":"Aerospace & Defense","symbolSeries":{"timestamp":[1575158400,1577836800,1580515200,1583020800],"esgScore":[30.0,30.0,29.17,29.17],"governanceScore":[8.27,8.27,8.1,8.1],"environmentScore":[7.99,7.99,7.99,7.99],"socialScore":[13.75,13.75,13.09,13.09]},"peerSeries":{"timestamp":[1575158400,1577836800,1580515200,1583020800],"esgScore":[54.69904761904761,33.34857142857143,32.81545454545455,32.81363636363636],"governanceScore":[47.665000000000006,7.8759999999999994,7.902727272727272,7.871818181818181],"environmentScore":[43.7015,8.913499999999999,8.859090909090908,8.81681818181818],"socialScore":[49.216,16.098000000000003,16.055,16.12681818181818]}}],"error":null}}}