{"update_time":"2024-12-18 15:22:30.956816","data":{"esgChart":{"result":[{"peerGroup":"Utilities","symbolSeries":{"timestamp":[1727740800,1730419200,1733011200],"esgScore":[19.89,19.89,19.89],"governanceScore":[4.77,4.77,4.77],"environmentScore":[3.93,3.93,3.93],"socialScore":[11.19,11.19,11.19]},"peerSeries":{"timestamp":[1727740800,1730419200,1733011200],"esgScore":[33.97648648648649,27.886468085106358,27.982127659574445],"governanceScore":[4.183333333333334,5.0064968152866225,4.9947770700636935],"environmentScore":[7.165,10.325796178343946,10.330127388535029],"socialScore":[9.004999999999999,9.850700636942678,9.86019108280255]}}],"error":null}}}