{"update_time":"2024-12-08 16:29:41.505386","data":{"esgChart":{"result":[{"peerGroup":"Utilities","symbolSeries":{"timestamp":[1727740800,1730419200],"esgScore":[19.89,19.89],"governanceScore":[4.77,4.77],"environmentScore":[3.93,3.93],"socialScore":[11.19,11.19]},"peerSeries":{"timestamp":[1727740800,1730419200],"esgScore":[33.90527777777778,27.886468085106358],"governanceScore":[4.183333333333334,5.0064968152866225],"environmentScore":[7.165,10.325796178343946],"socialScore":[9.004999999999999,9.850700636942678]}}],"error":null}}}