{"update_time":"2025-11-04 15:02:32.857637","data":{"esgChart":{"result":[{"peerGroup":"Traders & Distributors","symbolSeries":{"timestamp":[1727740800,1730419200,1733011200,1735689600,1738368000,1740787200,1743465600,1746057600,1748736000,1751328000,1754006400,1756684800,1759276800],"esgScore":[20.22,20.22,20.51,20.51,20.51,20.51,20.51,20.51,20.51,20.51,20.51,20.51,20.22],"governanceScore":[0.0,0.0,0.0,0.0,0.0,0.0,0.0,0.0,0.0,0.0,0.0,0.0,0.0],"environmentScore":[0.0,0.0,0.0,0.0,0.0,0.0,0.0,0.0,0.0,0.0,0.0,0.0,0.0],"socialScore":[0.0,0.0,0.0,0.0,0.0,0.0,0.0,0.0,0.0,0.0,0.0,0.0,0.0]},"peerSeries":{"timestamp":[1727740800,1730419200,1733011200,1735689600,1738368000,1740787200,1743465600,1746057600,1748736000,1751328000,1754006400,1756684800,1759276800],"esgScore":[25.728947368421053,21.603894736842104,21.51115789473684,21.35421052631579,21.11263157894737,20.999042553191487,20.791473684210526,20.54010526315789,20.390638297872332,20.404148936170206,20.141578947368416,20.075744680851056,19.937659574468082],"governanceScore":[7.17,4.988823529411765,5.093333333333333,5.076060606060606,5.100303030303031,5.193939393939394,5.2227272727272736,5.228571428571428,5.256,5.302,5.399444444444445,5.442000000000001,5.4302857142857155],"environmentScore":[9.51,6.743235294117646,6.726666666666666,6.688787878787878,6.601818181818181,6.469696969696968,6.18,6.015999999999999,5.895142857142858,5.786571428571429,5.512777777777778,5.398285714285715,5.2865714285714285],"socialScore":[8.36,6.840294117647059,6.906666666666668,6.9345454545454555,6.924242424242424,6.866363636363637,6.7712121212121215,6.778857142857143,6.760285714285715,6.806857142857144,6.788333333333334,6.806000000000001,6.7360000000000015]}}],"error":null}}}