{"update_time":"2025-05-14 13:59:33.234556","data":{"esgChart":{"result":[{"peerGroup":"Pharmaceuticals","symbolSeries":{"timestamp":[1727740800,1730419200,1733011200,1735689600],"esgScore":[27.7,27.7,27.7,27.7],"governanceScore":[0.0,0.0,0.0,0.0],"environmentScore":[0.0,0.0,0.0,0.0],"socialScore":[0.0,0.0,0.0,0.0]},"peerSeries":{"timestamp":[1727740800,1730419200,1733011200,1735689600],"esgScore":[28.313461538461517,27.172400793650795,27.936449704142003,28.057075098814227],"governanceScore":[6.1897222222222235,6.379929577464789,6.366111111111112,6.294027777777778],"environmentScore":[1.6988888888888891,2.1654929577464794,2.2250000000000005,2.303958333333333],"socialScore":[15.03638888888889,13.70514084507042,13.6425,13.576944444444445]}}],"error":null}}}