{"update_time":"2025-11-04 15:02:42.844531","data":{"esgChart":{"result":[{"peerGroup":"US CE Small Blend","symbolSeries":{"timestamp":[1517443200,1519862400,1522540800,1525132800,1527811200,1530403200,1533081600,1535760000,1538352000,1541030400,1543622400,1546300800,1548979200,1551398400,1554076800,1556668800,1559347200,1561939200,1564617600,1567296000,1569888000,1572566400,1575158400,1577836800,1580515200,1583020800,1585699200,1588291200,1590969600,1593561600,1596240000,1598918400,1601510400,1604188800,1606780800],"esgScore":[41.85,41.85,41.85,41.77,41.77,41.77,41.45,41.45,41.45,41.49,41.49,41.49,null,null,null,null,null,null,null,null,null,null,null,null,null,null,null,null,null,27.32,27.03,27.27,27.14,27.05,27.27],"governanceScore":[48.38,48.38,48.38,48.17,48.17,48.17,47.88,47.88,47.88,47.78,47.78,47.78,null,null,null,null,null,null,null,null,null,null,null,null,null,null,null,null,null,0.0,0.0,0.0,0.0,0.0,0.0],"environmentScore":[41.69,41.69,41.69,41.53,41.53,41.53,41.23,41.23,41.23,41.67,41.67,41.67,null,null,null,null,null,null,null,null,null,null,null,null,null,null,null,null,null,0.0,0.0,0.0,0.0,0.0,0.0],"socialScore":[45.29,45.29,45.29,45.57,45.57,45.57,45.19,45.19,45.19,45.33,45.33,45.33,null,null,null,null,null,null,null,null,null,null,null,null,null,null,null,null,null,0.0,0.0,0.0,0.0,0.0,0.0]},"peerSeries":{"timestamp":[1517443200,1519862400,1522540800,1525132800,1527811200,1530403200,1533081600,1535760000,1538352000,1541030400,1543622400,1546300800,1548979200,1551398400,1554076800,1556668800,1559347200,1561939200,1564617600,1567296000,1569888000,1572566400,1575158400,1577836800,1580515200,1583020800,1585699200,1588291200,1590969600,1593561600,1596240000,1598918400,1601510400,1604188800,1606780800],"esgScore":[40.055,40.055,40.055,40.105000000000004,40.105000000000004,40.105000000000004,39.835,39.835,39.835,39.8,39.8,39.8,null,null,null,null,null,null,null,null,30.34,30.259999999999998,29.975,29.97,29.98,29.384999999999998,29.12,28.89,28.4,28.29,27.93,28.03,27.915,27.85,27.945],"governanceScore":[47.57,47.57,47.57,47.78,47.78,47.78,48.11,48.11,48.11,47.875,47.875,47.875,null,null,null,null,null,null,null,null,null,null,null,null,null,null,null,null,null,null,null,null,null,null,null],"environmentScore":[41.989999999999995,41.989999999999995,41.989999999999995,41.925,41.925,41.925,42.215,42.215,42.215,42.335,42.335,42.335,null,null,null,null,null,null,null,null,null,null,null,null,null,null,null,null,null,null,null,null,null,null,null],"socialScore":[43.545,43.545,43.545,45.495000000000005,45.495000000000005,45.495000000000005,45.7,45.7,45.7,45.43,45.43,45.43,null,null,null,null,null,null,null,null,null,null,null,null,null,null,null,null,null,null,null,null,null,null,null]}}],"error":null}}}