{"update_time":"2025-03-04 18:18:41.794608","data":{"esgChart":{"result":[{"peerGroup":"Pharmaceuticals","symbolSeries":{"timestamp":[1693526400,1696118400,1698796800,1701388800,1704067200,1706745600,1709251200,1711929600,1714521600,1717200000,1719792000,1722470400,1725148800,1727740800,1730419200,1733011200,1735689600,1738368000],"esgScore":[16.7,null,null,null,null,null,null,null,null,null,null,null,null,null,15.58,15.58,15.58,15.58],"governanceScore":[5.85,null,null,null,null,null,null,null,null,null,null,null,null,null,4.38,4.38,4.38,4.38],"environmentScore":[0.75,null,null,null,null,null,null,null,null,null,null,null,null,null,1.34,1.34,1.34,1.34],"socialScore":[10.1,null,null,null,null,null,null,null,null,null,null,null,null,null,9.87,9.87,9.87,9.87]},"peerSeries":{"timestamp":[1693526400,1696118400,1698796800,1701388800,1704067200,1706745600,1709251200,1711929600,1714521600,1717200000,1719792000,1722470400,1725148800,1727740800,1730419200,1733011200,1735689600,1738368000],"esgScore":[26.205,null,null,null,29.340000000000003,null,null,null,null,null,null,null,23.91,28.313461538461517,27.172400793650795,27.936449704142003,28.057075098814227,28.16109126984127],"governanceScore":[8.768,null,null,null,null,null,null,null,null,null,null,null,null,6.1897222222222235,6.379929577464789,6.366111111111112,6.294027777777778,6.281608391608393],"environmentScore":[2.304,null,null,null,null,null,null,null,null,null,null,null,null,1.6988888888888891,2.1654929577464794,2.2250000000000005,2.303958333333333,2.3278321678321676],"socialScore":[15.458000000000002,null,null,null,null,null,null,null,null,null,null,null,null,15.03638888888889,13.70514084507042,13.6425,13.576944444444445,13.622237762237766]}}],"error":null}}}