{"update_time":"2024-12-08 16:29:59.574163","data":{"esgChart":{"result":[{"peerGroup":"Pharmaceuticals","symbolSeries":{"timestamp":[1693526400,1696118400,1698796800,1701388800,1704067200,1706745600,1709251200,1711929600,1714521600,1717200000,1719792000,1722470400,1725148800,1727740800,1730419200],"esgScore":[16.7,null,null,null,null,null,null,null,null,null,null,null,null,null,15.58],"governanceScore":[5.85,null,null,null,null,null,null,null,null,null,null,null,null,null,4.38],"environmentScore":[0.75,null,null,null,null,null,null,null,null,null,null,null,null,null,1.34],"socialScore":[10.1,null,null,null,null,null,null,null,null,null,null,null,null,null,9.87]},"peerSeries":{"timestamp":[1693526400,1696118400,1698796800,1701388800,1704067200,1706745600,1709251200,1711929600,1714521600,1717200000,1719792000,1722470400,1725148800,1727740800,1730419200],"esgScore":[24.20120481927711,null,null,null,29.335,null,null,null,null,null,null,null,23.91,28.313461538461517,27.172400793650795],"governanceScore":[8.228987341772154,null,null,null,null,null,null,null,null,null,null,null,null,6.1897222222222235,6.379929577464789],"environmentScore":[2.018607594936709,null,null,null,null,null,null,null,null,null,null,null,null,1.6988888888888891,2.1654929577464794],"socialScore":[13.569240506329118,null,null,null,null,null,null,null,null,null,null,null,null,15.03638888888889,13.70514084507042]}}],"error":null}}}