{"update_time":"2025-11-04 15:02:45.110010","data":{"esgChart":{"result":[{"peerGroup":"Pharmaceuticals","symbolSeries":{"timestamp":[1693526400,1696118400,1698796800,1701388800,1704067200,1706745600,1709251200,1711929600,1714521600,1717200000,1719792000,1722470400,1725148800,1727740800,1730419200,1733011200,1735689600,1738368000,1740787200,1743465600,1746057600,1748736000,1751328000,1754006400,1756684800,1759276800],"esgScore":[16.7,null,null,null,null,null,null,null,null,null,null,null,null,null,15.58,15.58,15.58,15.58,15.58,15.58,15.58,15.58,14.53,14.53,14.53,14.23],"governanceScore":[5.85,null,null,null,null,null,null,null,null,null,null,null,null,null,4.38,4.38,4.38,4.38,4.38,4.38,4.38,4.38,3.95,3.95,3.95,3.95],"environmentScore":[0.75,null,null,null,null,null,null,null,null,null,null,null,null,null,1.34,1.34,1.34,1.34,1.34,1.34,1.34,1.34,1.2,1.2,1.2,1.2],"socialScore":[10.1,null,null,null,null,null,null,null,null,null,null,null,null,null,9.87,9.87,9.87,9.87,9.87,9.87,9.87,9.87,9.38,9.38,9.38,9.08]},"peerSeries":{"timestamp":[1693526400,1696118400,1698796800,1701388800,1704067200,1706745600,1709251200,1711929600,1714521600,1717200000,1719792000,1722470400,1725148800,1727740800,1730419200,1733011200,1735689600,1738368000,1740787200,1743465600,1746057600,1748736000,1751328000,1754006400,1756684800,1759276800],"esgScore":[26.205,null,null,null,29.340000000000003,null,null,null,null,null,null,null,23.91,28.313461538461517,27.172400793650795,27.936449704142003,28.057075098814227,28.16109126984127,28.43976047904193,28.698548707753503,28.735040485829977,28.985785288270392,29.375306930693093,29.51563492063495,29.614665354330747,29.387563850687673],"governanceScore":[8.768,null,null,null,null,null,null,null,null,null,null,null,null,6.1897222222222235,6.379929577464789,6.366111111111112,6.294027777777778,6.281608391608393,6.212430555555556,6.198620689655174,6.1139864864864855,6.1419999999999995,6.09472972972973,6.0218367346938795,5.967278911564627,5.575342465753423],"environmentScore":[2.304,null,null,null,null,null,null,null,null,null,null,null,null,1.6988888888888891,2.1654929577464794,2.2250000000000005,2.303958333333333,2.3278321678321676,2.4882638888888904,2.527034482758622,2.629797297297298,2.6907333333333336,2.778108108108109,2.8656462585034013,2.9548979591836737,2.943082191780821],"socialScore":[15.458000000000002,null,null,null,null,null,null,null,null,null,null,null,null,15.03638888888889,13.70514084507042,13.6425,13.576944444444445,13.622237762237766,13.517708333333339,13.53889655172414,13.485945945945947,13.452733333333335,13.475810810810813,13.43047619047619,13.40299319727891,13.04568493150685]}}],"error":null}}}