{"update_time":"2024-06-30 15:33:28.763959","data":{"esgChart":{"result":[{"peerGroup":"Pharmaceuticals","symbolSeries":{"timestamp":[1693526400],"esgScore":[16.7],"governanceScore":[5.85],"environmentScore":[0.75],"socialScore":[10.1]},"peerSeries":{"timestamp":[1693526400],"esgScore":[24.20120481927711],"governanceScore":[8.228987341772154],"environmentScore":[2.018607594936709],"socialScore":[13.569240506329118]}}],"error":null}}}