{"update_time":"2024-12-04 12:23:50.262885","data":{"esgChart":{"result":[{"peerGroup":"Transportation","symbolSeries":{"timestamp":[1730419200],"esgScore":[20.67],"governanceScore":[0.0],"environmentScore":[0.0],"socialScore":[0.0]},"peerSeries":{"timestamp":[1730419200],"esgScore":[22.98057471264368],"governanceScore":[5.127553191489362],"environmentScore":[7.5640425531914905],"socialScore":[9.61404255319149]}}],"error":null}}}