{"update_time":"2024-12-04 12:23:50.432339","data":{"esgChart":{"result":[{"peerGroup":"Insurance","symbolSeries":{"timestamp":[1730419200],"esgScore":[25.52],"governanceScore":[12.28],"environmentScore":[0.31],"socialScore":[12.93]},"peerSeries":{"timestamp":[1730419200],"esgScore":[23.217486033519574],"governanceScore":[9.244173913043477],"environmentScore":[1.3306956521739126],"socialScore":[9.86895652173913]}}],"error":null}}}