{"update_time":"2024-12-20 12:17:57.384949","data":{"esgChart":{"result":[{"peerGroup":"Traders & Distributors","symbolSeries":{"timestamp":[1730419200,1733011200],"esgScore":[24.35,24.35],"governanceScore":[0.0,0.0],"environmentScore":[0.0,0.0],"socialScore":[0.0,0.0]},"peerSeries":{"timestamp":[1730419200,1733011200],"esgScore":[21.603894736842104,21.51115789473684],"governanceScore":[4.988823529411765,5.093333333333333],"environmentScore":[6.743235294117646,6.726666666666666],"socialScore":[6.840294117647059,6.906666666666668]}}],"error":null}}}