{"update_time":"2024-12-20 12:17:57.525554","data":{"esgChart":{"result":[{"peerGroup":"Precious Metals","symbolSeries":{"timestamp":[1730419200,1733011200],"esgScore":[29.43,29.43],"governanceScore":[7.82,7.82],"environmentScore":[10.26,10.26],"socialScore":[11.35,11.35]},"peerSeries":{"timestamp":[1730419200,1733011200],"esgScore":[32.06808988764045,32.26561797752808],"governanceScore":[5.057090909090908,5.0992592592592585],"environmentScore":[12.458909090909087,12.408888888888885],"socialScore":[10.650909090909089,10.789814814814811]}}],"error":null}}}