{"update_time":"2025-03-28 15:33:48.276454","data":{"esgChart":{"result":[{"peerGroup":"Precious Metals","symbolSeries":{"timestamp":[1730419200,1733011200,1735689600,1738368000,1740787200],"esgScore":[29.43,29.43,29.99,29.99,29.99],"governanceScore":[7.82,7.82,7.82,7.82,7.82],"environmentScore":[10.26,10.26,10.26,10.26,10.26],"socialScore":[11.35,11.35,11.91,11.91,11.91]},"peerSeries":{"timestamp":[1730419200,1733011200,1735689600,1738368000,1740787200],"esgScore":[32.06808988764045,32.26561797752808,32.322471910112334,32.2235227272727,32.41873563218388],"governanceScore":[5.057090909090908,5.0992592592592585,5.1285185185185185,5.004339622641509,5.039107142857142],"environmentScore":[12.458909090909087,12.408888888888885,12.468888888888886,12.378490566037735,12.730178571428567],"socialScore":[10.650909090909089,10.789814814814811,10.858518518518515,10.744905660377352,11.07839285714285]}}],"error":null}}}