{"update_time":"2024-12-04 12:23:50.687335","data":{"esgChart":{"result":[{"peerGroup":"Precious Metals","symbolSeries":{"timestamp":[1730419200],"esgScore":[29.43],"governanceScore":[7.82],"environmentScore":[10.26],"socialScore":[11.35]},"peerSeries":{"timestamp":[1730419200],"esgScore":[32.06808988764045],"governanceScore":[5.057090909090908],"environmentScore":[12.458909090909087],"socialScore":[10.650909090909089]}}],"error":null}}}