{"update_time":"2025-03-04 18:19:51.239938","data":{"esgChart":{"result":[{"peerGroup":"Food Products","symbolSeries":{"timestamp":[1730419200,1733011200,1735689600,1738368000],"esgScore":[31.85,31.85,31.85,30.35],"governanceScore":[5.86,5.86,5.86,5.21],"environmentScore":[11.46,11.46,11.46,10.69],"socialScore":[14.53,14.53,14.53,14.45]},"peerSeries":{"timestamp":[1730419200,1733011200,1735689600,1738368000],"esgScore":[30.339107142857163,30.482500000000005,30.68071428571428,30.71929203539823],"governanceScore":[5.0987068965517235,5.083448275862067,5.082695652173912,5.075130434782607],"environmentScore":[11.703275862068962,11.85215517241379,12.050086956521739,12.073652173913045],"socialScore":[11.015603448275856,11.06922413793103,11.020347826086955,10.983565217391304]}}],"error":null}}}