{"update_time":"2024-12-12 12:28:03.675449","data":{"esgChart":{"result":[{"peerGroup":"Food Products","symbolSeries":{"timestamp":[1730419200,1733011200],"esgScore":[31.85,31.85],"governanceScore":[5.86,5.86],"environmentScore":[11.46,11.46],"socialScore":[14.53,14.53]},"peerSeries":{"timestamp":[1730419200,1733011200],"esgScore":[30.339107142857163,30.482500000000005],"governanceScore":[5.0987068965517235,5.083448275862067],"environmentScore":[11.703275862068962,11.85215517241379],"socialScore":[11.015603448275856,11.06922413793103]}}],"error":null}}}