{"update_time":"2024-06-22 15:59:26.231679","data":{"esgChart":{"result":[{"peerGroup":"US CE Allocation--70% to 85% Equity","symbolSeries":{"timestamp":[1517443200,1519862400,1522540800,1525132800,1527811200,1530403200,1533081600,1535760000,1538352000,1541030400,1543622400,1546300800,1548979200,1551398400,1554076800,1556668800,1559347200,1561939200,1564617600,1567296000,1569888000,1572566400,1575158400,1577836800,1580515200,1583020800,1585699200,1588291200,1590969600,1593561600,1596240000,1598918400,1601510400,1604188800,1606780800],"esgScore":[51.5,51.71,51.61,50.86,50.87,50.62,50.02,49.52,49.52,49.34,48.77,47.29,null,null,null,null,null,null,null,null,null,null,null,null,null,null,null,null,null,26.82,26.67,26.62,26.27,26.38,26.14],"governanceScore":[53.05,53.05,53.27,52.36,52.17,52.04,51.56,51.04,51.27,50.83,50.72,51.06,null,null,null,null,null,null,null,null,null,null,null,null,null,null,null,null,null,6.7,6.74,6.65,6.63,6.21,6.28],"environmentScore":[53.21,52.87,52.68,52.32,52.48,52.32,51.77,51.5,51.55,51.43,51.26,49.92,null,null,null,null,null,null,null,null,null,null,null,null,null,null,null,null,null,4.65,4.47,4.75,4.82,4.26,4.18],"socialScore":[52.64,52.59,52.76,52.17,52.45,52.29,51.94,51.57,51.44,51.24,51.15,49.48,null,null,null,null,null,null,null,null,null,null,null,null,null,null,null,null,null,8.81,8.85,8.75,8.65,7.84,7.85]},"peerSeries":{"timestamp":[1517443200,1519862400,1522540800,1525132800,1527811200,1530403200,1533081600,1535760000,1538352000,1541030400,1543622400,1546300800,1548979200,1551398400,1554076800,1556668800,1559347200,1561939200,1564617600,1567296000,1569888000,1572566400,1575158400,1577836800,1580515200,1583020800,1585699200,1588291200,1590969600,1593561600,1596240000,1598918400,1601510400,1604188800,1606780800],"esgScore":[45.61142857142857,45.557142857142864,45.728571428571435,45.85285714285715,45.824285714285715,45.705714285714286,46.126666666666665,46.03,46.17333333333334,45.97833333333333,45.81333333333333,45.64833333333333,null,null,null,null,null,null,null,25.012,25.003333333333334,25.326666666666664,25.256666666666664,25.12,24.86666666666667,24.775000000000002,24.516666666666666,24.328333333333333,24.224999999999998,24.046666666666667,23.808333333333337,23.82,23.674,23.343999999999998,23.3925],"governanceScore":[51.802857142857135,51.80571428571428,51.73857142857143,51.69857142857143,51.698571428571434,51.534285714285716,51.58833333333334,51.41833333333333,51.36833333333333,51.20666666666667,51.083333333333336,50.855,null,null,null,null,null,null,null,7.926,7.851666666666667,7.661666666666666,7.63,7.598333333333334,7.611666666666667,7.595,7.6049999999999995,7.553333333333334,7.4799999999999995,7.4750000000000005,7.423333333333333,7.4879999999999995,7.438,7.403999999999999,7.4125],"environmentScore":[54.74,54.64142857142857,54.71142857142858,54.674285714285716,54.64857142857143,54.51857142857143,55.085,54.99166666666667,55.07833333333334,54.99333333333333,54.848333333333336,54.646666666666675,null,null,null,null,null,null,null,4.279999999999999,4.296666666666667,4.365,4.281666666666666,4.248333333333334,4.028333333333333,3.9916666666666667,3.8383333333333334,3.8333333333333335,3.8533333333333335,3.865,3.7816666666666663,3.9219999999999997,3.8920000000000003,3.8939999999999997,4.0275],"socialScore":[52.85142857142857,52.78428571428572,53.028571428571425,53.07428571428572,53.0642857142857,53.03285714285715,53.22166666666666,53.083333333333336,53.13333333333333,53.125,52.96666666666667,52.69999999999999,null,null,null,null,null,null,null,10.114,9.950000000000001,10.516666666666667,10.475000000000001,10.441666666666668,10.386666666666668,10.391666666666666,10.385,10.311666666666666,10.231666666666667,10.248333333333333,10.136666666666667,10.212,10.118000000000002,9.904,9.817499999999999]}}],"error":null}}}