{"update_time":"2024-12-12 12:28:06.911010","data":{"esgChart":{"result":[{"peerGroup":"Chemicals","symbolSeries":{"timestamp":[1730419200,1733011200],"esgScore":[29.01,29.01],"governanceScore":[0.0,0.0],"environmentScore":[0.0,0.0],"socialScore":[0.0,0.0]},"peerSeries":{"timestamp":[1730419200,1733011200],"esgScore":[28.19076086956522,28.28934426229508],"governanceScore":[5.159374999999999,5.137083333333332],"environmentScore":[13.540104166666667,13.74072916666667],"socialScore":[6.123437499999999,6.130937499999999]}}],"error":null}}}