{"update_time":"2025-05-14 14:02:25.053466","data":{"esgChart":{"result":[{"peerGroup":"Commercial Services","symbolSeries":{"timestamp":[1727740800,1730419200,1733011200,1735689600,1738368000,1740787200,1743465600,1746057600],"esgScore":[29.17,29.17,29.17,29.17,29.17,29.17,29.17,29.17],"governanceScore":[0.0,0.0,0.0,0.0,0.0,0.0,0.0,0.0],"environmentScore":[0.0,0.0,0.0,0.0,0.0,0.0,0.0,0.0],"socialScore":[0.0,0.0,0.0,0.0,0.0,0.0,0.0,0.0]},"peerSeries":{"timestamp":[1727740800,1730419200,1733011200,1735689600,1738368000,1740787200,1743465600,1746057600],"esgScore":[20.095000000000006,17.10367441860465,17.402232558139538,17.466572769953054,17.53452830188679,17.5382380952381,17.553636363636365,17.54645320197045],"governanceScore":[3.901666666666667,4.026956521739131,3.9688405797101454,3.9461764705882367,4.001304347826087,3.9895652173913048,3.9695652173913047,3.9497101449275367],"environmentScore":[4.173333333333333,2.467971014492754,2.640724637681159,2.7095588235294112,2.678115942028985,2.6424637681159413,2.6079710144927533,2.5500000000000003],"socialScore":[9.865,9.374637681159424,9.410289855072467,9.39720588235294,9.450724637681159,9.450724637681159,9.41463768115942,9.358840579710145]}}],"error":null}}}