{"update_time":"2025-11-04 15:06:11.705073","data":{"esgChart":{"result":[{"peerGroup":"EAA Fund USD High Yield Bond","symbolSeries":{"timestamp":[1517443200,1519862400,1522540800,1525132800,1527811200,1530403200,1533081600],"esgScore":[43.88,44.09,44.04,43.92,43.78,43.78,43.92],"governanceScore":[48.78,49.36,49.27,49.23,49.15,49.17,48.83],"environmentScore":[46.05,46.14,45.95,45.94,45.78,45.8,46.0],"socialScore":[45.38,45.71,45.34,45.24,45.04,45.04,45.07]},"peerSeries":{"timestamp":[1517443200,1519862400,1522540800,1525132800,1527811200,1530403200,1533081600],"esgScore":[40.52813559322029,40.13933734939755,40.17363636363633,39.96140624999996,39.972582417582394,40.05912087912087,40.845500000000044],"governanceScore":[48.77974576271191,48.40102409638559,48.32573863636366,48.1061979166667,48.113956043956115,48.095329670329775,48.63224999999994],"environmentScore":[46.87389830508482,46.68204819277115,46.78437500000004,46.596406249999966,46.68054945054946,46.75763736263735,47.14337499999996],"socialScore":[45.8333050847457,45.78222891566258,45.89971590909087,45.68947916666661,45.69142857142848,45.799230769230675,46.26150000000006]}}],"error":null}}}