{"update_time":"2024-12-18 15:36:19.029449","data":{"esgChart":{"result":[{"peerGroup":"Electrical Equipment","symbolSeries":{"timestamp":[1727740800,1730419200,1733011200],"esgScore":[15.31,15.31,15.31],"governanceScore":[5.28,5.28,5.28],"environmentScore":[4.89,4.89,4.89],"socialScore":[5.15,5.15,5.15]},"peerSeries":{"timestamp":[1727740800,1730419200,1733011200],"esgScore":[25.45,22.866637168141594,23.67621621621622],"governanceScore":[6.1240000000000006,5.423589743589744,5.416666666666667],"environmentScore":[6.134,6.308974358974358,6.957692307692305],"socialScore":[8.62,8.199487179487178,8.22205128205128]}}],"error":null}}}