{"update_time":"2024-12-08 16:34:47.839782","data":{"esgChart":{"result":[{"peerGroup":"Electrical Equipment","symbolSeries":{"timestamp":[1727740800,1730419200],"esgScore":[15.31,15.31],"governanceScore":[5.28,5.28],"environmentScore":[4.89,4.89],"socialScore":[5.15,5.15]},"peerSeries":{"timestamp":[1727740800,1730419200],"esgScore":[25.45,22.866637168141594],"governanceScore":[6.1240000000000006,5.423589743589744],"environmentScore":[6.134,6.308974358974358],"socialScore":[8.62,8.199487179487178]}}],"error":null}}}