{"update_time":"2025-08-25 22:13:26.160984","data":{"esgChart":{"result":[{"peerGroup":"Healthcare","symbolSeries":{"timestamp":[1754006400],"esgScore":[29.11],"governanceScore":[0.0],"environmentScore":[0.0],"socialScore":[0.0]},"peerSeries":{"timestamp":[1754006400],"esgScore":[23.815015974440886],"governanceScore":[5.950000000000004],"environmentScore":[2.567647058823529],"socialScore":[11.897394957983195]}}],"error":null}}}