{"update_time":"2024-10-22 14:44:43.026236","data":{"esgChart":{"result":[{"peerGroup":"Food Retailers","symbolSeries":{"timestamp":[1727740800],"esgScore":[17.77],"governanceScore":[0.0],"environmentScore":[0.0],"socialScore":[0.0]},"peerSeries":{"timestamp":[1727740800],"esgScore":[22.578181818181818],"governanceScore":[5.233333333333333],"environmentScore":[7.876666666666668],"socialScore":[13.106666666666667]}}],"error":null}}}