{"update_time":"2025-09-02 15:18:06.824979","data":{"esgChart":{"result":[{"peerGroup":"Diversified Financials","symbolSeries":{"timestamp":[1743465600,1746057600,1748736000,1751328000,1754006400],"esgScore":[31.56,31.56,31.56,31.56,31.56],"governanceScore":[0.0,0.0,0.0,0.0,0.0],"environmentScore":[0.0,0.0,0.0,0.0,0.0],"socialScore":[0.0,0.0,0.0,0.0,0.0]},"peerSeries":{"timestamp":[1743465600,1746057600,1748736000,1751328000,1754006400],"esgScore":[23.842801120448176,23.803361581920907,23.640812324929964,23.62831932773108,23.593249999999994],"governanceScore":[9.915818181818183,9.864736842105264,9.745739644970417,9.711705882352943,9.717816091954022],"environmentScore":[1.6113939393939383,1.6047953216374256,1.621597633136093,1.6129411764705868,1.659195402298849],"socialScore":[8.895939393939388,8.96052631578947,8.883136094674553,8.897882352941176,8.971666666666666]}}],"error":null}}}