{"update_time":"2025-05-14 14:03:56.242280","data":{"esgChart":{"result":[{"peerGroup":"Diversified Financials","symbolSeries":{"timestamp":[1743465600,1746057600],"esgScore":[31.56,31.56],"governanceScore":[0.0,0.0],"environmentScore":[0.0,0.0],"socialScore":[0.0,0.0]},"peerSeries":{"timestamp":[1743465600,1746057600],"esgScore":[23.842801120448176,23.814844192634563],"governanceScore":[9.915818181818183,9.871058823529411],"environmentScore":[1.6113939393939383,1.6122352941176457],"socialScore":[8.895939393939388,8.950705882352938]}}],"error":null}}}