{"update_time":"2025-03-04 18:22:38.252262","data":{"esgChart":{"result":[{"peerGroup":"Healthcare","symbolSeries":{"timestamp":[1727740800,1730419200,1733011200,1735689600,1738368000],"esgScore":[30.83,30.83,30.83,30.83,30.83],"governanceScore":[0.0,0.0,0.0,0.0,0.0],"environmentScore":[0.0,0.0,0.0,0.0,0.0],"socialScore":[0.0,0.0,0.0,0.0,0.0]},"peerSeries":{"timestamp":[1727740800,1730419200,1733011200,1735689600,1738368000],"esgScore":[25.107839999999985,23.63607142857143,23.61544262295082,23.609477124183005,23.636372549019608],"governanceScore":[6.648181818181819,6.38878260869565,6.38086956521739,6.289572649572649,6.276581196581196],"environmentScore":[3.321818181818181,2.653217391304347,2.6531304347826072,2.635213675213674,2.6327350427350416],"socialScore":[12.416363636363634,12.468869565217396,12.473913043478264,12.402136752136753,12.395470085470087]}}],"error":null}}}