{"update_time":"2025-11-04 15:07:46.504254","data":{"esgChart":{"result":[{"peerGroup":"Consumer Durables","symbolSeries":{"timestamp":[1738368000,1740787200,1743465600,1746057600,1748736000,1751328000,1754006400,1756684800,1759276800],"esgScore":[12.67,12.67,12.67,12.83,12.9,12.7,12.7,12.7,12.59],"governanceScore":[3.54,3.54,3.54,3.46,3.46,3.46,3.46,3.46,3.46],"environmentScore":[5.14,5.14,5.14,5.02,5.02,4.82,4.82,4.82,4.92],"socialScore":[4.0,4.0,4.0,4.35,4.41,4.41,4.41,4.41,4.2]},"peerSeries":{"timestamp":[1738368000,1740787200,1743465600,1746057600,1748736000,1751328000,1754006400,1756684800,1759276800],"esgScore":[17.331157894736837,17.3198947368421,17.46231578947368,17.64577777777777,17.664408602150534,17.98548387096774,17.867362637362632,17.819890109890103,17.581666666666667],"governanceScore":[4.251142857142857,4.325277777777777,4.350540540540541,4.353947368421053,4.252702702702703,4.365675675675676,4.336388888888889,4.349428571428571,4.213823529411765],"environmentScore":[4.2137142857142855,4.33138888888889,4.275675675675677,4.212894736842107,4.31810810810811,4.2586486486486494,4.136666666666667,4.416571428571429,4.517941176470588],"socialScore":[7.680285714285713,7.765833333333331,7.804864864864864,7.818421052631581,7.8529729729729745,8.151891891891895,8.046388888888892,8.278571428571428,8.024705882352942]}}],"error":null}}}