{"update_time":"2025-05-14 14:04:22.050494","data":{"esgChart":{"result":[{"peerGroup":"Utilities","symbolSeries":{"timestamp":[1730419200,1733011200,1735689600,1738368000,1740787200,1743465600,1746057600],"esgScore":[42.37,42.37,42.37,42.37,42.37,42.37,42.37],"governanceScore":[0.0,0.0,0.0,0.0,0.0,0.0,0.0],"environmentScore":[0.0,0.0,0.0,0.0,0.0,0.0,0.0],"socialScore":[0.0,0.0,0.0,0.0,0.0,0.0,0.0]},"peerSeries":{"timestamp":[1730419200,1733011200,1735689600,1738368000,1740787200,1743465600,1746057600],"esgScore":[27.886468085106358,27.956751054852298,28.287038626609416,28.522723404255302,28.782563025210074,28.96453389830507,29.020614035087718],"governanceScore":[5.0064968152866225,4.996962025316454,5.023290322580643,5.012692307692307,5.017948717948716,5.010584415584414,5.0200657894736835],"environmentScore":[10.325796178343946,10.282088607594934,10.411677419354838,10.43346153846154,10.542884615384617,10.688831168831172,10.732105263157898],"socialScore":[9.850700636942678,9.863291139240507,10.135870967741939,10.31826923076923,10.415,10.491103896103898,10.604539473684207]}}],"error":null}}}