{"update_time":"2024-12-04 12:25:24.405082","data":{"esgChart":{"result":[{"peerGroup":"Utilities","symbolSeries":{"timestamp":[1730419200],"esgScore":[42.37],"governanceScore":[0.0],"environmentScore":[0.0],"socialScore":[0.0]},"peerSeries":{"timestamp":[1730419200],"esgScore":[27.886468085106358],"governanceScore":[5.0064968152866225],"environmentScore":[10.325796178343946],"socialScore":[9.850700636942678]}}],"error":null}}}