{"update_time":"2024-12-20 12:18:08.788223","data":{"esgChart":{"result":[{"peerGroup":"Consumer Services","symbolSeries":{"timestamp":[1730419200,1733011200],"esgScore":[35.8,35.52],"governanceScore":[0.0,0.0],"environmentScore":[0.0,0.0],"socialScore":[0.0,0.0]},"peerSeries":{"timestamp":[1730419200,1733011200],"esgScore":[24.887383177570083,24.813474178403748],"governanceScore":[5.635421686746988,5.629277108433734],"environmentScore":[6.204698795180725,6.255542168674702],"socialScore":[10.488795180722889,10.500722891566262]}}],"error":null}}}