{"update_time":"2025-11-04 15:08:06.670509","data":{"esgChart":{"result":[{"peerGroup":"Canada Fund Canadian Equity","symbolSeries":{"timestamp":[1517443200,1519862400,1522540800,1525132800,1527811200,1530403200,1533081600,1535760000,1538352000,1541030400],"esgScore":[55.65,55.66,56.16,55.95,55.99,56.61,56.16,55.68,55.68,55.7],"governanceScore":[60.42,60.52,61.07,61.07,61.1,61.74,61.53,61.48,61.48,61.18],"environmentScore":[53.6,53.58,53.95,53.7,53.8,54.27,53.61,53.18,53.18,53.11],"socialScore":[50.57,50.53,50.9,50.72,50.69,51.19,51.0,50.26,50.26,50.68]},"peerSeries":{"timestamp":[1517443200,1519862400,1522540800,1525132800,1527811200,1530403200,1533081600,1535760000,1538352000,1541030400],"esgScore":[47.6622950819672,47.69032786885247,47.9222950819672,48.01790322580643,48.15666666666665,48.23816666666666,48.12677966101693,48.07737704918035,47.89875000000001,47.951406250000005],"governanceScore":[55.864262295081986,55.945573770491784,56.15180327868852,56.23129032258064,56.376999999999974,56.47449999999997,56.485254237288125,56.569016393442595,56.569062499999994,56.494531249999994],"environmentScore":[51.05950819672132,51.031803278688535,51.21245901639344,51.20403225806452,51.269166666666656,51.34566666666664,51.12338983050847,51.19573770491803,51.01609375000004,51.17890624999999],"socialScore":[49.98081967213116,50.07868852459017,50.279016393442646,50.34677419354838,50.45699999999997,50.53416666666666,50.35881355932206,50.3549180327869,50.19359374999999,50.31703125]}}],"error":null}}}