{"update_time":"2025-11-04 15:08:58.105363","data":{"esgChart":{"result":[{"peerGroup":"Canada Fund US Equity","symbolSeries":{"timestamp":[1517443200,1519862400,1522540800,1525132800,1527811200,1530403200,1533081600,1535760000,1538352000,1541030400],"esgScore":[47.89,47.89,45.92,47.64,46.12,46.12,45.39,48.2,47.58,47.58],"governanceScore":[50.12,50.12,48.79,48.88,48.02,48.02,47.46,51.3,49.55,49.55],"environmentScore":[47.86,47.86,45.8,48.98,47.29,47.29,47.16,49.02,48.66,48.66],"socialScore":[49.1,49.1,47.89,49.18,47.5,47.5,47.11,46.8,48.25,48.25]},"peerSeries":{"timestamp":[1517443200,1519862400,1522540800,1525132800,1527811200,1530403200,1533081600,1535760000,1538352000,1541030400],"esgScore":[46.85987654320987,46.878765432098774,46.981481481481495,47.114457831325296,47.068915662650625,47.05746987951809,47.0378823529412,47.227586206896575,46.76479674796749,46.70887096774196],"governanceScore":[51.799629629629635,51.72962962962962,51.81506172839506,51.75566265060239,51.73927710843372,51.74277108433734,51.64894117647058,51.843103448275855,51.516829268292675,51.42330645161289],"environmentScore":[54.08283950617282,54.101851851851855,54.140246913580235,54.30120481927712,54.33578313253012,54.36879518072291,54.61905882352941,54.65413793103447,54.25154471544715,54.14306451612901],"socialScore":[52.38876543209877,52.499629629629645,52.58061728395058,52.63530120481925,52.52819277108434,52.48325301204818,52.51505882352941,52.6233333333333,52.29113821138212,52.246129032258075]}}],"error":null}}}