{"update_time":"2025-03-28 15:39:24.721121","data":{"esgChart":{"result":[{"peerGroup":"Diversified Financials","symbolSeries":{"timestamp":[1730419200,1733011200,1735689600,1738368000,1740787200],"esgScore":[27.69,27.69,27.69,27.69,27.22],"governanceScore":[11.6,11.6,11.6,11.6,11.96],"environmentScore":[3.12,3.12,3.12,3.12,3.28],"socialScore":[12.97,12.97,12.97,12.97,11.98]},"peerSeries":{"timestamp":[1730419200,1733011200,1735689600,1738368000,1740787200],"esgScore":[23.972808988764058,23.876629213483152,23.837521126760574,23.7646218487395,23.696966292134835],"governanceScore":[9.909254658385091,9.883024691358026,9.851349693251533,9.830545454545454,9.820060240963855],"environmentScore":[1.5136645962732904,1.5319753086419738,1.536012269938649,1.5576969696969685,1.552108433734939],"socialScore":[8.95701863354037,8.920925925925925,8.88687116564417,8.852545454545453,8.899036144578309]}}],"error":null}}}