{"update_time":"2024-12-04 12:25:25.300833","data":{"esgChart":{"result":[{"peerGroup":"Diversified Financials","symbolSeries":{"timestamp":[1730419200],"esgScore":[27.69],"governanceScore":[11.6],"environmentScore":[3.12],"socialScore":[12.97]},"peerSeries":{"timestamp":[1730419200],"esgScore":[23.972808988764058],"governanceScore":[9.909254658385091],"environmentScore":[1.5136645962732904],"socialScore":[8.95701863354037]}}],"error":null}}}