{"update_time":"2023-06-11 05:18:57.850996","data":{"esgChart":{"result":[{"peerGroup":"US Fund Equity Precious Metals","symbolSeries":{"timestamp":[1517443200,1519862400,1522540800,1525132800,1527811200,1530403200,1533081600,1535760000,1538352000,1541030400,1543622400,1546300800,1548979200,1551398400,1554076800,1556668800,1559347200,1561939200,1564617600,1567296000,1569888000,1572566400,1575158400,1577836800,1580515200,1583020800,1585699200,1588291200,1590969600,1593561600,1596240000,1598918400,1601510400,1604188800,1606780800],"esgScore":[45.72,45.63,46.02,46.27,45.97,45.89,48.17,47.44,48.15,48.4,48.16,48.29,null,null,null,null,null,null,null,null,37.25,37.61,38.19,37.27,36.19,34.13,33.9,35.83,35.17,36.0,36.06,35.86,34.89,33.46,34.28],"governanceScore":[49.36,49.42,48.92,49.15,49.16,49.05,49.4,48.32,48.66,48.77,48.47,48.36,null,null,null,null,null,null,null,null,6.29,6.64,6.48,6.49,6.75,6.74,6.64,6.63,6.57,6.24,6.22,6.23,6.18,6.02,5.88],"environmentScore":[50.04,49.84,49.73,50.19,49.98,49.92,52.79,52.21,52.97,53.28,53.28,53.56,null,null,null,null,null,null,null,null,11.8,12.03,11.85,11.76,11.81,11.37,11.16,12.63,12.71,12.13,12.14,12.05,11.77,10.68,10.7],"socialScore":[45.75,45.56,45.74,45.88,45.38,45.35,48.08,47.38,47.39,47.67,47.16,47.27,null,null,null,null,null,null,null,null,10.14,9.59,9.49,9.41,9.43,8.95,8.86,10.27,10.16,9.74,9.76,9.87,9.85,10.05,10.0]},"peerSeries":{"timestamp":[1517443200,1519862400,1522540800,1525132800,1527811200,1530403200,1533081600,1535760000,1538352000,1541030400,1543622400,1546300800,1548979200,1551398400,1554076800,1556668800,1559347200,1561939200,1564617600,1567296000,1569888000,1572566400,1575158400,1577836800,1580515200,1583020800,1585699200,1588291200,1590969600,1593561600,1596240000,1598918400,1601510400,1604188800,1606780800],"esgScore":[45.36837499999998,45.31851851851852,45.41397590361446,45.63313253012048,45.876506024096365,45.86698795180721,46.062380952380956,46.13746987951808,45.98762499999998,46.142124999999986,46.26512499999998,46.08775,null,null,null,null,null,null,49.2,37.37466666666667,36.511842105263135,36.7603947368421,36.59702702702704,36.468684210526305,36.60734177215188,35.73714285714286,35.70947368421052,35.19040540540541,34.74324324324327,34.99109589041096,35.41960526315789,35.44136363636362,35.22772727272728,34.36435483870971,35.61103448275861],"governanceScore":[52.04237499999999,52.059753086419775,52.10831325301202,52.33927710843377,52.31506024096382,52.299156626506004,52.17261904761905,52.00530120481925,51.862874999999974,52.063999999999986,52.28512499999996,52.265625000000014,null,null,null,null,null,null,50.13,6.981538461538462,6.792957746478872,6.775774647887319,6.738732394366199,6.766712328767124,6.717432432432429,6.630138888888888,6.619999999999997,6.582638888888892,6.466527777777782,6.293424657534245,6.0637837837837845,5.905312499999999,5.950923076923079,5.951475409836065,5.955087719298247],"environmentScore":[49.641375,49.59777777777778,49.5002409638554,49.71855421686746,49.88144578313254,49.88144578313254,50.31380952380951,50.56879518072288,50.47450000000002,50.98462500000001,51.12762499999998,51.075375,null,null,null,null,null,null,53.13,14.675384615384614,13.860704225352114,13.895774647887325,13.840422535211271,13.812054794520552,14.045945945945938,13.84652777777777,14.117746478873237,13.909861111111105,14.018194444444442,14.088767123287674,13.775270270270275,13.576093750000005,13.741384615384614,13.555409836065575,13.702280701754386],"socialScore":[50.573,50.60740740740739,50.42361445783135,50.6498795180723,51.05180722891566,51.04506024096384,51.320476190476214,51.350000000000016,51.26512499999997,51.36125,51.66112499999999,51.651125,null,null,null,null,null,null,50.75,11.916153846153843,11.164084507042254,10.831408450704226,10.763521126760564,10.773287671232877,10.89202702702703,10.690277777777776,10.89070422535212,10.792777777777784,10.840416666666664,10.63657534246575,10.338783783783779,10.18718749999999,10.184769230769236,10.434262295081968,10.674035087719295]}}],"error":null}}}