{"update_time":"2024-12-03 12:15:04.505715","data":{"esgChart":{"result":[{"peerGroup":"Precious Metals","symbolSeries":{"timestamp":[1727740800,1730419200],"esgScore":[47.01,47.01],"governanceScore":[6.59,6.59],"environmentScore":[22.76,22.76],"socialScore":[17.65,17.65]},"peerSeries":{"timestamp":[1727740800,1730419200],"esgScore":[35.40888888888889,32.06808988764045],"governanceScore":[4.634285714285715,5.057090909090908],"environmentScore":[13.620000000000001,12.458909090909087],"socialScore":[9.964285714285714,10.650909090909089]}}],"error":null}}}