{"update_time":"2024-12-10 12:19:49.398740","data":{"esgChart":{"result":[{"peerGroup":"Precious Metals","symbolSeries":{"timestamp":[1727740800,1730419200,1733011200],"esgScore":[47.01,47.01,47.01],"governanceScore":[6.59,6.59,6.59],"environmentScore":[22.76,22.76,22.76],"socialScore":[17.65,17.65,17.65]},"peerSeries":{"timestamp":[1727740800,1730419200,1733011200],"esgScore":[35.40888888888889,32.06808988764045,32.26561797752808],"governanceScore":[4.634285714285715,5.057090909090908,5.0992592592592585],"environmentScore":[13.620000000000001,12.458909090909087,12.408888888888885],"socialScore":[9.964285714285714,10.650909090909089,10.789814814814811]}}],"error":null}}}