{"update_time":"2024-12-12 12:28:17.196821","data":{"esgChart":{"result":[{"peerGroup":"Traders & Distributors","symbolSeries":{"timestamp":[1730419200,1733011200],"esgScore":[16.58,16.58],"governanceScore":[4.6,4.6],"environmentScore":[5.84,5.84],"socialScore":[6.14,6.14]},"peerSeries":{"timestamp":[1730419200,1733011200],"esgScore":[21.603894736842104,21.51115789473684],"governanceScore":[4.988823529411765,5.093333333333333],"environmentScore":[6.743235294117646,6.726666666666666],"socialScore":[6.840294117647059,6.906666666666668]}}],"error":null}}}