{"update_time":"2024-12-04 12:25:27.357142","data":{"esgChart":{"result":[{"peerGroup":"Traders & Distributors","symbolSeries":{"timestamp":[1730419200],"esgScore":[16.58],"governanceScore":[4.6],"environmentScore":[5.84],"socialScore":[6.14]},"peerSeries":{"timestamp":[1730419200],"esgScore":[21.603894736842104],"governanceScore":[4.988823529411765],"environmentScore":[6.743235294117646],"socialScore":[6.840294117647059]}}],"error":null}}}