{"update_time":"2025-02-13 16:32:41.008271","data":{"esgChart":{"result":[{"peerGroup":"Utilities","symbolSeries":{"timestamp":[1730419200,1733011200,1735689600,1738368000],"esgScore":[35.13,35.13,35.13,35.13],"governanceScore":[0.0,0.0,0.0,0.0],"environmentScore":[0.0,0.0,0.0,0.0],"socialScore":[0.0,0.0,0.0,0.0]},"peerSeries":{"timestamp":[1730419200,1733011200,1735689600,1738368000],"esgScore":[27.886468085106358,27.956751054852298,28.287038626609416,28.54615384615383],"governanceScore":[5.0064968152866225,4.996962025316454,5.023290322580643,5.011548387096774],"environmentScore":[10.325796178343946,10.282088607594934,10.411677419354838,10.438516129032259],"socialScore":[9.850700636942678,9.863291139240507,10.135870967741939,10.331935483870966]}}],"error":null}}}