{"update_time":"2024-12-04 12:25:28.888363","data":{"esgChart":{"result":[{"peerGroup":"Textiles & Apparel","symbolSeries":{"timestamp":[1730419200],"esgScore":[24.54],"governanceScore":[8.38],"environmentScore":[5.53],"socialScore":[10.63]},"peerSeries":{"timestamp":[1730419200],"esgScore":[16.093466666666668],"governanceScore":[4.6753125],"environmentScore":[2.2481250000000004],"socialScore":[7.761562499999998]}}],"error":null}}}