{"update_time":"2025-11-04 15:10:09.506162","data":{"esgChart":{"result":[{"peerGroup":"Textiles & Apparel","symbolSeries":{"timestamp":[1730419200,1733011200,1735689600,1738368000,1740787200,1743465600,1746057600,1748736000,1751328000,1754006400,1756684800],"esgScore":[24.54,24.54,24.54,24.54,24.54,24.52,24.52,24.55,24.55,24.58,24.58],"governanceScore":[8.38,8.38,8.38,8.38,8.38,8.35,8.35,8.38,8.38,8.41,8.41],"environmentScore":[5.53,5.53,5.53,5.53,5.53,5.46,5.46,5.46,5.46,5.46,5.46],"socialScore":[10.63,10.63,10.63,10.63,10.63,10.71,10.71,10.71,10.71,10.71,10.71]},"peerSeries":{"timestamp":[1730419200,1733011200,1735689600,1738368000,1740787200,1743465600,1746057600,1748736000,1751328000,1754006400,1756684800],"esgScore":[16.093466666666668,16.19173333333334,16.599600000000006,17.236052631578957,17.551315789473694,17.65907894736843,17.7971052631579,17.819358974358973,18.131282051282053,18.08311688311688,17.971818181818183],"governanceScore":[4.6753125,4.675000000000001,4.652500000000001,4.6675,4.707812499999999,4.703939393939393,4.80090909090909,4.759999999999999,4.734857142857142,4.735428571428571,4.667941176470588],"environmentScore":[2.2481250000000004,2.2396875,2.7190625,2.7703125,2.9418750000000005,3.078787878787879,3.1236363636363635,3.3437142857142854,3.4771428571428564,3.708571428571429,3.8002941176470593],"socialScore":[7.761562499999998,7.741562499999999,7.735312499999998,7.721875,7.6909374999999995,7.677272727272728,7.704848484848483,7.6257142857142854,7.564857142857142,7.465428571428572,7.361764705882353]}}],"error":null}}}