{"update_time":"2024-12-12 12:28:18.563887","data":{"esgChart":{"result":[{"peerGroup":"Textiles & Apparel","symbolSeries":{"timestamp":[1730419200,1733011200],"esgScore":[24.54,24.54],"governanceScore":[8.38,8.38],"environmentScore":[5.53,5.53],"socialScore":[10.63,10.63]},"peerSeries":{"timestamp":[1730419200,1733011200],"esgScore":[16.093466666666668,16.19173333333334],"governanceScore":[4.6753125,4.675000000000001],"environmentScore":[2.2481250000000004,2.2396875],"socialScore":[7.761562499999998,7.741562499999999]}}],"error":null}}}