{"update_time":"2024-12-04 12:25:30.714088","data":{"esgChart":{"result":[{"peerGroup":"Containers & Packaging","symbolSeries":{"timestamp":[1730419200],"esgScore":[20.78],"governanceScore":[3.14],"environmentScore":[15.84],"socialScore":[1.8]},"peerSeries":{"timestamp":[1730419200],"esgScore":[17.53909090909091],"governanceScore":[2.822000000000001],"environmentScore":[11.943666666666667],"socialScore":[1.2806666666666666]}}],"error":null}}}