{"update_time":"2025-11-04 15:11:22.904368","data":{"esgChart":{"result":[{"peerGroup":"EAA CE UK Small-Cap Equity","symbolSeries":{"timestamp":[1517443200,1519862400,1522540800,1525132800,1527811200,1530403200,1533081600,1535760000,1538352000,1541030400],"esgScore":[47.49,47.49,46.92,46.91,43.94,44.58,44.32,43.25,43.25,42.87],"governanceScore":[49.19,49.19,48.73,49.21,48.6,49.0,49.06,48.1,48.1,47.26],"environmentScore":[50.87,50.87,49.77,50.15,51.4,50.31,50.13,49.61,49.61,49.93],"socialScore":[50.56,50.56,51.05,51.13,50.33,50.98,50.87,50.0,50.0,49.95]},"peerSeries":{"timestamp":[1517443200,1519862400,1522540800,1525132800,1527811200,1530403200,1533081600,1535760000,1538352000,1541030400],"esgScore":[47.791428571428575,47.67875,47.0425,45.99692307692307,45.45615384615384,45.46307692307692,44.85588235294117,45.00214285714286,44.78714285714286,44.704285714285724],"governanceScore":[50.681428571428576,50.41625,50.1975,50.45461538461538,50.25692307692307,50.26846153846153,49.374705882352934,50.08428571428571,49.84428571428571,49.83714285714286],"environmentScore":[49.160000000000004,49.1425,48.99999999999999,48.94461538461538,48.78615384615384,48.69461538461538,48.81705882352941,49.20428571428572,49.21642857142858,49.14785714285715],"socialScore":[50.83714285714286,50.88125,51.150000000000006,51.74692307692308,51.51615384615384,51.55692307692308,50.981176470588245,51.51142857142857,51.020714285714284,50.86785714285715]}}],"error":null}}}