{"update_time":"2024-12-20 12:18:15.315237","data":{"esgChart":{"result":[{"peerGroup":"Paper & Forestry","symbolSeries":{"timestamp":[1730419200,1733011200],"esgScore":[25.85,25.97],"governanceScore":[0.0,0.0],"environmentScore":[0.0,0.0],"socialScore":[0.0,0.0]},"peerSeries":{"timestamp":[1730419200,1733011200],"esgScore":[21.11405405405406,21.284736842105264],"governanceScore":[3.0974999999999993,2.947894736842105],"environmentScore":[10.913999999999998,10.730526315789474],"socialScore":[4.6015,4.444736842105263]}}],"error":null}}}