{"update_time":"2025-05-14 14:07:19.161581","data":{"esgChart":{"result":[{"peerGroup":"Software & Services","symbolSeries":{"timestamp":[1730419200,1733011200,1735689600],"esgScore":[16.6,16.6,16.6],"governanceScore":[5.0,5.0,5.0],"environmentScore":[1.81,1.81,1.81],"socialScore":[9.79,9.79,9.79]},"peerSeries":{"timestamp":[1730419200,1733011200,1735689600],"esgScore":[20.749752066115704,20.741456953642388,20.740710743801657],"governanceScore":[5.80553435114504,5.763629343629346,5.76223076923077],"environmentScore":[2.9668320610687022,2.974131274131274,2.9947307692307694],"socialScore":[9.796335877862584,9.807606177606166,9.812038461538451]}}],"error":null}}}