{"update_time":"2025-11-04 15:11:45.529483","data":{"esgChart":{"result":[{"peerGroup":"Refiners & Pipelines","symbolSeries":{"timestamp":[1730419200],"esgScore":[35.65],"governanceScore":[0.0],"environmentScore":[0.0],"socialScore":[0.0]},"peerSeries":{"timestamp":[1730419200],"esgScore":[32.28977528089889],"governanceScore":[3.317317073170732],"environmentScore":[15.065365853658536],"socialScore":[9.36048780487805]}}],"error":null}}}