{"update_time":"2025-08-25 22:19:19.237890","data":{"esgChart":{"result":[{"peerGroup":"Consumer Durables","symbolSeries":{"timestamp":[1751328000,1754006400],"esgScore":[27.26,27.26],"governanceScore":[5.74,5.74],"environmentScore":[7.25,7.25],"socialScore":[14.27,14.27]},"peerSeries":{"timestamp":[1751328000,1754006400],"esgScore":[17.98548387096774,17.867362637362632],"governanceScore":[4.365675675675676,4.336388888888889],"environmentScore":[4.2586486486486494,4.136666666666667],"socialScore":[8.151891891891895,8.046388888888892]}}],"error":null}}}