{"update_time":"2025-11-04 15:12:28.979062","data":{"esgChart":{"result":[{"peerGroup":"Consumer Durables","symbolSeries":{"timestamp":[1751328000,1754006400,1756684800,1759276800],"esgScore":[27.26,27.26,27.26,26.89],"governanceScore":[5.74,5.74,5.74,5.58],"environmentScore":[7.25,7.25,7.25,7.35],"socialScore":[14.27,14.27,14.27,13.96]},"peerSeries":{"timestamp":[1751328000,1754006400,1756684800,1759276800],"esgScore":[17.98548387096774,17.867362637362632,17.819890109890103,17.581666666666667],"governanceScore":[4.365675675675676,4.336388888888889,4.349428571428571,4.213823529411765],"environmentScore":[4.2586486486486494,4.136666666666667,4.416571428571429,4.517941176470588],"socialScore":[8.151891891891895,8.046388888888892,8.278571428571428,8.024705882352942]}}],"error":null}}}