{"update_time":"2024-12-04 12:25:31.751836","data":{"esgChart":{"result":[{"peerGroup":"Software & Services","symbolSeries":{"timestamp":[1730419200],"esgScore":[20.01],"governanceScore":[6.35],"environmentScore":[0.89],"socialScore":[12.77]},"peerSeries":{"timestamp":[1730419200],"esgScore":[20.749752066115704],"governanceScore":[5.80553435114504],"environmentScore":[2.9668320610687022],"socialScore":[9.796335877862584]}}],"error":null}}}