{"update_time":"2025-08-25 22:20:28.848726","data":{"esgChart":{"result":[{"peerGroup":"Refiners & Pipelines","symbolSeries":{"timestamp":[1754006400],"esgScore":[49.04],"governanceScore":[6.9],"environmentScore":[20.94],"socialScore":[21.2]},"peerSeries":{"timestamp":[1754006400],"esgScore":[36.05621951219514],"governanceScore":[4.578292682926829],"environmentScore":[15.778292682926828],"socialScore":[11.328048780487807]}}],"error":null}}}