{"update_time":"2025-11-04 15:13:33.989209","data":{"esgChart":{"result":[{"peerGroup":"Refiners & Pipelines","symbolSeries":{"timestamp":[1754006400,1756684800,1759276800],"esgScore":[49.04,49.04,48.9],"governanceScore":[6.9,6.9,6.9],"environmentScore":[20.94,20.94,20.8],"socialScore":[21.2,21.2,21.2]},"peerSeries":{"timestamp":[1754006400,1756684800,1759276800],"esgScore":[36.05621951219514,36.09987804878051,35.356707317073166],"governanceScore":[4.578292682926829,4.579024390243902,4.363170731707317],"environmentScore":[15.778292682926828,15.857073170731708,15.605853658536581],"socialScore":[11.328048780487807,11.29609756097561,10.92]}}],"error":null}}}