{"update_time":"2025-11-04 15:13:36.790830","data":{"esgChart":{"result":[{"peerGroup":"Oil & Gas Producers","symbolSeries":{"timestamp":[1751328000,1754006400,1756684800,1759276800],"esgScore":[60.57,61.27,61.27,59.12],"governanceScore":[0.0,0.0,0.0,0.0],"environmentScore":[0.0,0.0,0.0,0.0],"socialScore":[0.0,0.0,0.0,0.0]},"peerSeries":{"timestamp":[1751328000,1754006400,1756684800,1759276800],"esgScore":[43.716121212121244,43.95206060606063,44.145153374233125,42.97730061349696],"governanceScore":[6.676823529411765,6.793529411764704,6.790357142857142,6.201666666666667],"environmentScore":[22.28517647058823,22.70635294117647,22.855357142857144,22.48666666666666],"socialScore":[10.398235294117656,10.628352941176475,10.550476190476195,10.111547619047624]}}],"error":null}}}