{"update_time":"2025-09-02 15:23:44.566732","data":{"esgChart":{"result":[{"peerGroup":"Oil & Gas Producers","symbolSeries":{"timestamp":[1751328000,1754006400],"esgScore":[60.57,61.27],"governanceScore":[0.0,0.0],"environmentScore":[0.0,0.0],"socialScore":[0.0,0.0]},"peerSeries":{"timestamp":[1751328000,1754006400],"esgScore":[43.716121212121244,43.95206060606063],"governanceScore":[6.676823529411765,6.793529411764704],"environmentScore":[22.28517647058823,22.70635294117647],"socialScore":[10.398235294117656,10.628352941176475]}}],"error":null}}}