{"update_time":"2024-12-03 12:17:45.311116","data":{"esgChart":{"result":[{"peerGroup":"Diversified Financials","symbolSeries":{"timestamp":[1727740800,1730419200],"esgScore":[24.68,24.68],"governanceScore":[10.15,10.15],"environmentScore":[0.39,0.39],"socialScore":[14.14,14.14]},"peerSeries":{"timestamp":[1727740800,1730419200],"esgScore":[27.30876923076923,23.972808988764058],"governanceScore":[10.350909090909092,9.909254658385091],"environmentScore":[1.6604545454545452,1.5136645962732904],"socialScore":[10.07090909090909,8.95701863354037]}}],"error":null}}}