{"update_time":"2024-10-22 15:13:27.181010","data":{"esgChart":{"result":[{"peerGroup":"Diversified Financials","symbolSeries":{"timestamp":[1727740800],"esgScore":[24.68],"governanceScore":[10.15],"environmentScore":[0.39],"socialScore":[14.14]},"peerSeries":{"timestamp":[1727740800],"esgScore":[27.207460317460317],"governanceScore":[10.350909090909092],"environmentScore":[1.6604545454545452],"socialScore":[10.07090909090909]}}],"error":null}}}