{"update_time":"2025-05-14 14:08:52.443472","data":{"esgChart":{"result":[{"peerGroup":"Healthcare","symbolSeries":{"timestamp":[1743465600,1746057600],"esgScore":[19.24,19.24],"governanceScore":[6.58,6.58],"environmentScore":[2.52,2.52],"socialScore":[10.14,10.14]},"peerSeries":{"timestamp":[1743465600,1746057600],"esgScore":[23.711067961165043,23.722990033222594],"governanceScore":[6.230336134453781,6.149249999999999],"environmentScore":[2.639663865546216,2.626333333333332],"socialScore":[12.37243697478992,12.295083333333338]}}],"error":null}}}