{"update_time":"2025-09-02 15:24:04.206090","data":{"esgChart":{"result":[{"peerGroup":"Healthcare","symbolSeries":{"timestamp":[1743465600,1746057600,1748736000,1751328000,1754006400],"esgScore":[19.24,19.24,19.24,19.24,19.24],"governanceScore":[6.58,6.58,6.58,6.58,6.58],"environmentScore":[2.52,2.52,2.52,2.52,2.52],"socialScore":[10.14,10.14,10.14,10.14,10.14]},"peerSeries":{"timestamp":[1743465600,1746057600,1748736000,1751328000,1754006400],"esgScore":[23.711067961165043,23.722990033222594,23.75258899676375,23.813818770226533,23.815015974440886],"governanceScore":[6.230336134453781,6.149249999999999,6.071393442622953,5.950940170940173,5.950000000000004],"environmentScore":[2.639663865546216,2.626333333333332,2.5986885245901616,2.586923076923076,2.567647058823529],"socialScore":[12.37243697478992,12.295083333333338,12.19631147540984,12.068632478632482,11.897394957983195]}}],"error":null}}}