{"update_time":"2024-10-04 07:00:30.248336","data":{"esgChart":{"result":[{"peerGroup":"Household Products","symbolSeries":{"timestamp":[1493596800,1496275200,1498867200,1501545600,1504224000,1506816000,1509494400,1512086400,1514764800,1517443200,1519862400,1522540800,1525132800,1527811200,1530403200,1533081600,1535760000,1538352000,1541030400,1543622400,1546300800,1548979200,1551398400,1554076800,1556668800,1559347200,1561939200,1564617600,1567296000,1569888000,1572566400,1575158400,1577836800],"esgScore":[42.6,42.6,42.6,42.6,42.6,44.79,44.79,44.79,44.79,44.79,46.21,46.21,46.21,46.21,46.21,null,null,null,null,null,null,null,null,null,null,null,null,null,null,null,null,47.32,28.83],"governanceScore":[50.45,50.45,50.45,50.45,50.45,51.85,51.85,51.85,51.85,51.85,51.35,51.35,51.35,51.35,51.35,null,null,null,null,null,null,null,null,null,null,null,null,null,null,null,null,51.05,7.46],"environmentScore":[35.2,35.2,35.2,35.2,35.2,37.78,37.78,37.78,37.78,37.78,41.26,41.26,41.26,41.26,41.26,null,null,null,null,null,null,null,null,null,null,null,null,null,null,null,null,43.87,9.96],"socialScore":[44.18,44.18,44.18,44.18,44.18,46.51,46.51,46.51,46.51,46.51,47.34,47.34,47.34,47.34,47.34,null,null,null,null,null,null,null,null,null,null,null,null,null,null,null,null,48.01,11.41]},"peerSeries":{"timestamp":[1493596800,1496275200,1498867200,1501545600,1504224000,1506816000,1509494400,1512086400,1514764800,1517443200,1519862400,1522540800,1525132800,1527811200,1530403200,1533081600,1535760000,1538352000,1541030400,1543622400,1546300800,1548979200,1551398400,1554076800,1556668800,1559347200,1561939200,1564617600,1567296000,1569888000,1572566400,1575158400,1577836800],"esgScore":[65.49096774193548,65.74935483870968,66.01806451612904,66.23774193548388,66.50161290322583,65.73466666666666,65.9990322580645,65.97387096774193,66.317,66.31266666666667,66.43366666666665,66.32999999999998,66.071,65.66172413793103,66.41241379310345,66.5748275862069,66.69620689655171,66.28896551724138,66.42482758620689,66.633,66.633,66.68233333333333,66.72800000000001,67.77482758620691,67.76379310344828,67.76896551724138,67.9748275862069,67.76448275862069,67.77827586206897,67.76896551724138,67.87586206896553,53.585517241379314,24.962758620689655],"governanceScore":[67.19225806451612,67.1116129032258,67.41,67.45838709677419,67.4016129032258,64.17466666666667,64.78548387096775,64.73064516129033,65.105,65.16833333333334,65.141,64.92099999999999,65.19433333333333,64.7703448275862,65.45482758620689,65.4651724137931,65.60310344827586,65.50103448275863,65.20103448275862,65.26733333333333,65.26733333333333,65.15733333333334,64.95933333333333,65.74448275862069,65.71000000000001,65.73068965517243,65.96517241379311,66.00655172413794,66.02206896551725,65.98275862068967,66.21551724137932,48.22034482758621,7.720344827586205],"environmentScore":[65.88516129032259,66.21354838709676,66.37967741935483,66.57612903225805,67.18806451612903,67.04099999999998,67.4483870967742,67.42258064516129,68.03966666666666,68.10333333333332,68.273,68.064,67.746,67.76620689655172,68.56655172413792,68.49172413793103,68.37931034482757,67.96206896551723,68.05896551724136,68.44666666666666,68.44666666666666,68.58733333333333,68.535,69.6706896551724,69.6655172413793,69.6655172413793,69.88965517241378,69.43344827586205,69.49448275862069,69.49448275862069,69.52448275862068,49.567586206896564,9.346206896551722],"socialScore":[64.08225806451613,64.49193548387098,64.83193548387098,65.17838709677419,65.33548387096775,65.56633333333333,65.48870967741934,65.4816129032258,65.564,65.45899999999999,65.63066666666666,65.69199999999998,65.151,64.3751724137931,65.12344827586206,65.58862068965517,65.90448275862069,65.31517241379309,65.75758620689655,65.89766666666667,65.89766666666667,65.967,66.25000000000001,67.38413793103449,67.38413793103449,67.38413793103449,67.55620689655174,67.4037931034483,67.37517241379312,67.37517241379312,67.46827586206898,50.124827586206905,7.896206896551725]}}],"error":null}}}