{"update_time":"2023-08-17 13:46:09.600666","data":{"esgChart":{"result":[{"peerGroup":"EAA Fund EUR Corporate Bond","symbolSeries":{"timestamp":[1517443200,1519862400,1522540800,1525132800,1527811200,1530403200,1533081600,1535760000,1538352000,1541030400],"esgScore":[61.12,61.14,61.0,61.0,60.85,60.85,60.75,60.79,60.79,60.12],"governanceScore":[57.36,57.97,57.65,57.65,57.63,57.63,57.49,57.2,57.2,56.75],"environmentScore":[61.18,60.89,60.8,60.8,60.61,60.61,60.71,60.94,60.94,60.34],"socialScore":[59.39,59.54,59.49,59.49,59.43,59.43,59.06,59.18,59.18,58.62]},"peerSeries":{"timestamp":[1517443200,1519862400,1522540800,1525132800,1527811200,1530403200,1533081600,1535760000,1538352000,1541030400],"esgScore":[52.466097046413616,52.48710084033614,52.61806853582551,52.65191069574247,52.75308853118727,52.73479125248514,52.63881338742386,52.48920163766632,52.52982741116761,52.420494559841764],"governanceScore":[56.711286919831004,56.73967436974784,56.82921079958474,56.863094496365456,57.0714788732395,57.049860834990284,57.29612576064895,57.0557215967248,56.95175634517772,56.88965380811087],"environmentScore":[59.68689873417706,59.74336134453768,59.909169262720525,59.88762201453795,59.911841046277736,59.90411530815116,60.0366734279918,59.82131013306036,59.827604060913565,59.743194856577716],"socialScore":[58.25725738396654,58.376796218487314,58.617217030114396,58.66934579439282,58.796177062374475,58.768807157057836,58.69622718052741,58.46992835209822,58.49856852791861,58.43433234421344]}}],"error":null}}}