{"update_time":"2025-03-28 15:46:30.600488","data":{"esgChart":{"result":[{"peerGroup":"Food Retailers","symbolSeries":{"timestamp":[1727740800,1730419200,1733011200,1735689600,1738368000,1740787200],"esgScore":[15.42,15.42,15.42,15.42,22.59,22.59],"governanceScore":[0.0,0.0,0.0,0.0,0.0,0.0],"environmentScore":[0.0,0.0,0.0,0.0,0.0,0.0],"socialScore":[0.0,0.0,0.0,0.0,0.0,0.0]},"peerSeries":{"timestamp":[1727740800,1730419200,1733011200,1735689600,1738368000,1740787200],"esgScore":[22.578181818181818,21.42108108108108,21.799054054054057,22.322465753424655,22.561232876712328,22.730138888888884],"governanceScore":[5.233333333333333,4.581666666666668,4.586904761904763,4.587142857142857,4.5706976744186045,4.545813953488372],"environmentScore":[7.876666666666668,6.4678571428571425,6.465714285714284,6.567857142857142,6.683488372093023,6.7553488372093025],"socialScore":[13.106666666666667,10.541904761904762,10.531904761904762,10.677380952380952,10.739302325581393,10.716511627906975]}}],"error":null}}}