{"update_time":"2024-12-10 12:24:38.766987","data":{"esgChart":{"result":[{"peerGroup":"Food Retailers","symbolSeries":{"timestamp":[1727740800,1730419200,1733011200],"esgScore":[15.42,15.42,15.42],"governanceScore":[0.0,0.0,0.0],"environmentScore":[0.0,0.0,0.0],"socialScore":[0.0,0.0,0.0]},"peerSeries":{"timestamp":[1727740800,1730419200,1733011200],"esgScore":[22.578181818181818,21.42108108108108,21.799054054054057],"governanceScore":[5.233333333333333,4.581666666666668,4.586904761904763],"environmentScore":[7.876666666666668,6.4678571428571425,6.465714285714284],"socialScore":[13.106666666666667,10.541904761904762,10.531904761904762]}}],"error":null}}}