{"update_time":"2024-12-12 12:28:29.906180","data":{"esgChart":{"result":[{"peerGroup":"Building Products","symbolSeries":{"timestamp":[1730419200,1733011200],"esgScore":[22.07,22.07],"governanceScore":[0.0,0.0],"environmentScore":[0.0,0.0],"socialScore":[0.0,0.0]},"peerSeries":{"timestamp":[1730419200,1733011200],"esgScore":[23.676119402985083,23.807462686567177],"governanceScore":[5.2078125,5.220625000000001],"environmentScore":[9.87,9.960625],"socialScore":[5.682812499999999,5.675624999999999]}}],"error":null}}}