{"update_time":"2025-02-13 16:44:57.888367","data":{"esgChart":{"result":[{"peerGroup":"Auto Components","symbolSeries":{"timestamp":[1730419200,1733011200,1735689600,1738368000],"esgScore":[22.88,22.88,22.88,22.88],"governanceScore":[0.0,0.0,0.0,0.0],"environmentScore":[0.0,0.0,0.0,0.0],"socialScore":[0.0,0.0,0.0,0.0]},"peerSeries":{"timestamp":[1730419200,1733011200,1735689600,1738368000],"esgScore":[16.850116279069763,18.906551724137923,19.13337209302325,19.2703488372093],"governanceScore":[5.755588235294116,5.6999999999999975,5.783235294117644,5.737352941176469],"environmentScore":[4.439117647058823,4.435999999999999,4.532647058823528,4.5520588235294115],"socialScore":[5.920588235294117,5.8845714285714275,5.955882352941175,5.914705882352941]}}],"error":null}}}