{"update_time":"2024-12-04 12:25:42.680911","data":{"esgChart":{"result":[{"peerGroup":"Auto Components","symbolSeries":{"timestamp":[1730419200],"esgScore":[22.88],"governanceScore":[0.0],"environmentScore":[0.0],"socialScore":[0.0]},"peerSeries":{"timestamp":[1730419200],"esgScore":[16.850116279069763],"governanceScore":[5.755588235294116],"environmentScore":[4.439117647058823],"socialScore":[5.920588235294117]}}],"error":null}}}