{"update_time":"2025-05-14 14:11:01.549368","data":{"esgChart":{"result":[{"peerGroup":"EAA CE Asia ex-Japan Small/Mid-Cap Equity","symbolSeries":{"timestamp":[1525132800,1527811200,1530403200,1533081600,1535760000],"esgScore":[43.49,43.62,43.62,44.06,44.06],"governanceScore":[45.57,45.74,45.74,47.39,47.39],"environmentScore":[49.8,49.34,49.34,49.35,49.35],"socialScore":[51.13,51.09,51.09,53.35,53.35]},"peerSeries":{"timestamp":[1525132800,1527811200,1530403200,1533081600,1535760000],"esgScore":[42.06,42.025000000000006,42.144999999999996,41.29333333333334,40.76],"governanceScore":[46.555,46.75,46.89,44.86333333333332,48.61],"environmentScore":[49.144999999999996,48.86,49.485,44.879999999999995,48.04],"socialScore":[50.63,50.695,51.1,48.21666666666667,50.27]}}],"error":null}}}