{"update_time":"2025-02-13 16:45:57.830323","data":{"esgChart":{"result":[{"peerGroup":"Healthcare","symbolSeries":{"timestamp":[1730419200,1733011200,1735689600,1738368000],"esgScore":[23.57,23.57,23.14,23.17],"governanceScore":[6.37,6.37,6.22,6.22],"environmentScore":[5.11,5.11,4.83,4.85],"socialScore":[12.09,12.09,12.09,12.09]},"peerSeries":{"timestamp":[1730419200,1733011200,1735689600,1738368000],"esgScore":[23.63607142857143,23.61544262295082,23.609477124183005,23.654655737704925],"governanceScore":[6.38878260869565,6.38086956521739,6.289572649572649,6.276581196581196],"environmentScore":[2.653217391304347,2.6531304347826072,2.635213675213674,2.6327350427350416],"socialScore":[12.468869565217396,12.473913043478264,12.402136752136753,12.395470085470087]}}],"error":null}}}