{"update_time":"2024-12-18 16:04:04.925405","data":{"esgChart":{"result":[{"peerGroup":"Banks","symbolSeries":{"timestamp":[1730419200,1733011200],"esgScore":[34.71,34.71],"governanceScore":[0.0,0.0],"environmentScore":[0.0,0.0],"socialScore":[0.0,0.0]},"peerSeries":{"timestamp":[1730419200,1733011200],"esgScore":[26.026034858387803,26.028449781659383],"governanceScore":[9.488187134502924,9.40505882352941],"environmentScore":[1.3997660818713453,1.3817058823529411],"socialScore":[9.820935672514619,9.813294117647057]}}],"error":null}}}