{"update_time":"2024-12-18 16:04:08.745739","data":{"esgChart":{"result":[{"peerGroup":"Electrical Equipment","symbolSeries":{"timestamp":[1730419200,1733011200],"esgScore":[26.41,33.53],"governanceScore":[0.0,0.0],"environmentScore":[0.0,0.0],"socialScore":[0.0,0.0]},"peerSeries":{"timestamp":[1730419200,1733011200],"esgScore":[22.866637168141594,23.67621621621622],"governanceScore":[5.423589743589744,5.416666666666667],"environmentScore":[6.308974358974358,6.957692307692305],"socialScore":[8.199487179487178,8.22205128205128]}}],"error":null}}}