{"update_time":"2025-11-07 12:21:57.055492","data":{"esgChart":{"result":[{"peerGroup":"Healthcare","symbolSeries":{"timestamp":[1756684800,1759276800],"esgScore":[38.83,38.44],"governanceScore":[0.0,0.0],"environmentScore":[0.0,0.0],"socialScore":[0.0,0.0]},"peerSeries":{"timestamp":[1756684800,1759276800],"esgScore":[23.839584664536734,23.455175718849844],"governanceScore":[5.916440677966105,5.703813559322033],"environmentScore":[2.593305084745763,2.637796610169491],"socialScore":[11.769491525423728,11.337627118644061]}}],"error":null}}}