{"update_time":"2025-11-04 15:17:10.128214","data":{"esgChart":{"result":[{"peerGroup":"US CE Technology","symbolSeries":{"timestamp":[1517443200,1519862400,1522540800,1525132800,1527811200,1530403200,1533081600,1535760000,1538352000,1541030400,1543622400,1546300800,1548979200,1551398400,1554076800,1556668800,1559347200,1561939200,1564617600,1567296000,1569888000,1572566400,1575158400,1577836800,1580515200,1583020800,1585699200,1588291200,1590969600,1593561600,1596240000,1598918400,1601510400,1604188800,1606780800],"esgScore":[47.51,47.55,47.39,47.23,47.26,47.26,47.74,48.33,47.91,47.42,47.35,47.81,null,null,null,null,null,null,null,null,22.26,22.48,22.53,22.48,22.44,22.38,22.07,21.68,21.44,21.59,20.73,20.97,21.08,20.72,20.82],"governanceScore":[49.62,48.52,49.08,48.79,48.69,48.69,48.86,48.94,48.48,48.59,48.38,48.65,null,null,null,null,null,null,null,null,6.69,7.0,6.88,6.9,6.86,6.43,6.73,6.88,6.9,6.87,6.72,6.56,6.49,6.23,6.12],"environmentScore":[52.34,53.44,52.77,52.8,53.14,53.14,54.17,54.35,54.33,54.07,53.74,53.93,null,null,null,null,null,null,null,null,4.15,3.63,3.61,3.54,3.6,3.84,3.59,3.39,3.6,3.53,3.34,3.35,3.31,3.16,3.04],"socialScore":[52.73,53.65,53.08,53.21,53.18,53.18,53.39,53.44,53.34,52.87,52.83,53.29,null,null,null,null,null,null,null,null,8.69,8.91,8.84,8.88,8.75,8.24,8.58,8.81,8.78,8.74,8.22,8.11,7.96,7.48,7.39]},"peerSeries":{"timestamp":[1517443200,1519862400,1522540800,1525132800,1527811200,1530403200,1533081600,1535760000,1538352000,1541030400,1543622400,1546300800,1548979200,1551398400,1554076800,1556668800,1559347200,1561939200,1564617600,1567296000,1569888000,1572566400,1575158400,1577836800,1580515200,1583020800,1585699200,1588291200,1590969600,1593561600,1596240000,1598918400,1601510400,1604188800,1606780800],"esgScore":[47.51,47.55,47.39,47.23,47.26,47.26,47.74,48.33,47.175,46.93,46.894999999999996,47.385000000000005,null,null,null,null,null,null,null,null,22.775,23.07,23.095,22.86,22.759999999999998,22.725,22.455,22.205,22.009999999999998,22.165,21.59,21.545,21.564999999999998,21.09,21.125],"governanceScore":[49.62,48.52,49.08,48.79,48.69,48.69,48.86,48.94,47.54,47.595,47.49,48.265,null,null,null,null,null,null,null,null,6.880000000000001,7.02,6.9399999999999995,7.050000000000001,7.025,6.785,6.885,6.96,6.95,6.82,6.779999999999999,6.775,6.805,6.61,6.550000000000001],"environmentScore":[52.34,53.44,52.77,52.8,53.14,53.14,54.17,54.35,54.55,54.42,54.255,54.16,null,null,null,null,null,null,null,null,3.365,2.95,2.94,3.135,3.12,3.23,3.025,2.925,3.02,2.8899999999999997,2.795,2.8,2.75,2.645,2.59],"socialScore":[52.73,53.65,53.08,53.21,53.18,53.18,53.39,53.44,53.615,53.379999999999995,53.36,53.730000000000004,null,null,null,null,null,null,null,null,9.09,9.325,9.3,9.29,9.190000000000001,8.91,9.129999999999999,9.21,9.16,9.08,8.81,8.925,8.875,8.43,8.375]}}],"error":null}}}