{"update_time":"2024-12-18 16:08:27.511065","data":{"esgChart":{"result":[{"peerGroup":"Automobiles","symbolSeries":{"timestamp":[1730419200,1733011200],"esgScore":[22.15,22.15],"governanceScore":[6.15,6.15],"environmentScore":[8.96,8.96],"socialScore":[7.04,7.04]},"peerSeries":{"timestamp":[1730419200,1733011200],"esgScore":[23.875208333333333,24.447916666666668],"governanceScore":[7.018750000000002,7.063000000000001],"environmentScore":[6.434,6.541000000000001],"socialScore":[10.81,10.7895]}}],"error":null}}}