{"update_time":"2025-11-04 15:17:21.661010","data":{"esgChart":{"result":[{"peerGroup":"Automobiles","symbolSeries":{"timestamp":[1730419200,1733011200,1735689600,1738368000,1740787200,1743465600,1746057600,1748736000,1751328000,1754006400,1756684800,1759276800],"esgScore":[22.15,22.15,22.15,21.61,21.61,21.61,21.73,21.61,21.06,21.22,21.22,21.4],"governanceScore":[6.15,6.15,6.15,5.52,5.52,5.52,5.52,5.52,5.06,5.06,5.06,3.8],"environmentScore":[8.96,8.96,8.96,8.96,8.96,8.96,9.08,8.96,8.86,9.02,9.02,9.67],"socialScore":[7.04,7.04,7.04,7.13,7.13,7.13,7.13,7.13,7.13,7.13,7.13,7.93]},"peerSeries":{"timestamp":[1730419200,1733011200,1735689600,1738368000,1740787200,1743465600,1746057600,1748736000,1751328000,1754006400,1756684800,1759276800],"esgScore":[23.875208333333333,24.749387755102045,24.88520833333334,25.166458333333342,25.390000000000004,25.433541666666674,25.488222222222223,25.932708333333334,26.172291666666663,26.448979591836736,26.30729166666666,24.953125000000004],"governanceScore":[7.018750000000002,7.063000000000001,6.995750000000001,6.901538461538462,6.8612820512820525,6.862564102564104,6.923076923076924,6.968947368421054,6.9436842105263175,6.899210526315791,6.854736842105264,6.15736842105263],"environmentScore":[6.434,6.541000000000001,6.8855,7.076153846153847,7.405897435897437,7.485641025641027,7.7379487179487185,7.870789473684211,8.120000000000001,8.565263157894734,8.577631578947367,8.915263157894737],"socialScore":[10.81,10.7895,10.8445,10.853846153846154,10.82897435897436,10.801538461538463,10.784102564102565,10.98657894736842,10.690526315789473,10.38578947368421,10.438684210526315,9.286052631578947]}}],"error":null}}}