{"update_time":"2025-03-04 18:30:16.365698","data":{"esgChart":{"result":[{"peerGroup":"Construction & Engineering","symbolSeries":{"timestamp":[1730419200,1733011200,1735689600,1738368000],"esgScore":[13.65,15.8,15.8,15.8],"governanceScore":[4.35,4.67,4.67,4.67],"environmentScore":[3.55,3.91,3.91,3.91],"socialScore":[5.75,7.22,7.22,7.22]},"peerSeries":{"timestamp":[1730419200,1733011200,1735689600,1738368000],"esgScore":[33.4324060150376,34.06503759398497,34.166119402985075,34.137481481481494],"governanceScore":[7.260208333333332,7.246874999999999,7.206666666666666,7.030625],"environmentScore":[10.69041666666667,10.810416666666669,10.864791666666669,10.897916666666667],"socialScore":[12.61125,12.567916666666667,12.639999999999999,12.573124999999997]}}],"error":null}}}