{"update_time":"2024-12-18 16:08:35.951538","data":{"esgChart":{"result":[{"peerGroup":"Construction & Engineering","symbolSeries":{"timestamp":[1730419200,1733011200],"esgScore":[13.65,15.8],"governanceScore":[4.35,4.67],"environmentScore":[3.55,3.91],"socialScore":[5.75,7.22]},"peerSeries":{"timestamp":[1730419200,1733011200],"esgScore":[33.4324060150376,34.06503759398497],"governanceScore":[7.260208333333332,7.246874999999999],"environmentScore":[10.69041666666667,10.810416666666669],"socialScore":[12.61125,12.567916666666667]}}],"error":null}}}