{"update_time":"2024-12-18 16:08:48.669049","data":{"esgChart":{"result":[{"peerGroup":"Construction & Engineering","symbolSeries":{"timestamp":[1727740800,1730419200,1733011200],"esgScore":[32.21,37.0,37.0],"governanceScore":[0.0,0.0,0.0],"environmentScore":[0.0,0.0,0.0],"socialScore":[0.0,0.0,0.0]},"peerSeries":{"timestamp":[1727740800,1730419200,1733011200],"esgScore":[37.54333333333333,33.4324060150376,34.06503759398497],"governanceScore":[8.24,7.260208333333332,7.246874999999999],"environmentScore":[11.23,10.69041666666667,10.810416666666669],"socialScore":[11.32,12.61125,12.567916666666667]}}],"error":null}}}