{"update_time":"2025-03-28 15:49:55.496559","data":{"esgChart":{"result":[{"peerGroup":"Real Estate","symbolSeries":{"timestamp":[1730419200,1733011200,1735689600,1738368000,1740787200],"esgScore":[14.54,14.54,14.54,14.54,16.54],"governanceScore":[5.74,5.74,5.74,5.74,7.14],"environmentScore":[5.31,5.31,5.31,5.31,5.9],"socialScore":[3.49,3.49,3.49,3.49,3.5]},"peerSeries":{"timestamp":[1730419200,1733011200,1735689600,1738368000,1740787200],"esgScore":[15.647762645914394,15.964171539961017,16.008109161793374,16.117980582524286,16.127076023391826],"governanceScore":[5.357873303167427,5.360818181818187,5.344885844748863,5.343076923076928,5.372556053811665],"environmentScore":[3.6234389140271506,3.686590909090909,3.6987214611872155,3.716923076923078,3.7390134529147994],"socialScore":[3.8858371040723987,3.885545454545455,3.854657534246575,3.8938461538461535,3.884753363228698]}}],"error":null}}}