{"update_time":"2024-12-18 16:09:15.779035","data":{"esgChart":{"result":[{"peerGroup":"Construction Materials","symbolSeries":{"timestamp":[1730419200,1733011200],"esgScore":[32.82,32.82],"governanceScore":[0.0,0.0],"environmentScore":[0.0,0.0],"socialScore":[0.0,0.0]},"peerSeries":{"timestamp":[1730419200,1733011200],"esgScore":[29.912439024390242,30.169756097560978],"governanceScore":[6.805238095238095,6.77],"environmentScore":[14.497142857142856,14.42],"socialScore":[6.2476190476190485,6.190952380952382]}}],"error":null}}}