{"update_time":"2025-05-14 14:12:53.144141","data":{"esgChart":{"result":[{"peerGroup":"Auto Components","symbolSeries":{"timestamp":[1730419200,1733011200,1735689600,1738368000,1740787200,1743465600,1746057600],"esgScore":[19.86,19.86,19.86,19.86,19.86,19.86,19.86],"governanceScore":[0.0,0.0,0.0,0.0,0.0,0.0,0.0],"environmentScore":[0.0,0.0,0.0,0.0,0.0,0.0,0.0],"socialScore":[0.0,0.0,0.0,0.0,0.0,0.0,0.0]},"peerSeries":{"timestamp":[1730419200,1733011200,1735689600,1738368000,1740787200,1743465600,1746057600],"esgScore":[16.850116279069763,18.906551724137923,19.13337209302325,19.2703488372093,19.311976744186044,19.519302325581393,19.78036144578313],"governanceScore":[5.755588235294116,5.6999999999999975,5.783235294117644,5.737352941176469,5.770606060606058,5.761818181818181,5.848749999999999],"environmentScore":[4.439117647058823,4.435999999999999,4.532647058823528,4.5520588235294115,4.529090909090909,4.876969696969697,5.071875],"socialScore":[5.920588235294117,5.8845714285714275,5.955882352941175,5.914705882352941,5.957575757575756,5.91090909090909,5.899062499999999]}}],"error":null}}}