{"update_time":"2024-12-18 16:09:41.441795","data":{"esgChart":{"result":[{"peerGroup":"Precious Metals","symbolSeries":{"timestamp":[1727740800,1730419200,1733011200],"esgScore":[25.21,25.0,25.0],"governanceScore":[0.0,0.0,0.0],"environmentScore":[0.0,0.0,0.0],"socialScore":[0.0,0.0,0.0]},"peerSeries":{"timestamp":[1727740800,1730419200,1733011200],"esgScore":[35.40888888888889,32.06808988764045,32.26561797752808],"governanceScore":[4.634285714285715,5.057090909090908,5.0992592592592585],"environmentScore":[13.620000000000001,12.458909090909087,12.408888888888885],"socialScore":[9.964285714285714,10.650909090909089,10.789814814814811]}}],"error":null}}}