{"update_time":"2025-09-02 15:29:06.080014","data":{"esgChart":{"result":[{"peerGroup":"Containers & Packaging","symbolSeries":{"timestamp":[1754006400],"esgScore":[18.56],"governanceScore":[2.51],"environmentScore":[13.57],"socialScore":[2.47]},"peerSeries":{"timestamp":[1754006400],"esgScore":[17.633333333333333],"governanceScore":[2.81],"environmentScore":[12.969999999999999],"socialScore":[1.4271428571428573]}}],"error":null}}}