{"update_time":"2025-11-04 15:19:13.770769","data":{"esgChart":{"result":[{"peerGroup":"Containers & Packaging","symbolSeries":{"timestamp":[1754006400,1756684800,1759276800],"esgScore":[18.56,18.56,18.34],"governanceScore":[2.51,2.51,2.51],"environmentScore":[13.57,13.57,13.42],"socialScore":[2.47,2.47,2.41]},"peerSeries":{"timestamp":[1754006400,1756684800,1759276800],"esgScore":[17.633333333333333,17.62410256410256,17.499487179487176],"governanceScore":[2.81,2.7725000000000004,2.7746428571428576],"environmentScore":[12.969999999999999,13.001428571428571,12.879285714285713],"socialScore":[1.4271428571428573,1.42,1.4067857142857143]}}],"error":null}}}