{"update_time":"2025-05-14 14:13:35.783542","data":{"esgChart":{"result":[{"peerGroup":"US Fund Large Growth","symbolSeries":{"timestamp":[1517443200,1519862400,1522540800,1525132800,1527811200,1530403200,1533081600],"esgScore":[46.36,46.28,46.39,46.58,46.45,46.44,46.44],"governanceScore":[48.71,48.76,48.12,48.45,48.43,48.42,48.42],"environmentScore":[47.17,47.01,47.18,47.24,47.24,47.24,47.24],"socialScore":[46.46,46.51,47.97,47.86,47.82,47.8,47.8]},"peerSeries":{"timestamp":[1517443200,1519862400,1522540800,1525132800,1527811200,1530403200,1533081600],"esgScore":[45.91389046941688,45.864656488549784,45.84649895178202,45.707858642407345,45.67678217821784,45.68550316678399,45.7194699646644],"governanceScore":[48.75780938833575,48.78407356002772,48.7396575821104,48.55908327501761,48.532715700141594,48.563532723434314,48.568204946996524],"environmentScore":[53.92260312944524,53.951464260929875,53.92298392732351,53.89910426871942,53.95082743988661,53.96971147079496,54.09131448763234],"socialScore":[52.147873399715394,52.17142956280369,52.217700908455626,52.2766060181946,52.286435643564474,52.27760731878975,52.38698939929331]}}],"error":null}}}