{"update_time":"2025-08-25 22:26:58.952987","data":{"esgChart":{"result":[{"peerGroup":"Steel","symbolSeries":{"timestamp":[1730419200,1733011200,1735689600,1738368000,1740787200,1743465600,1746057600,1748736000,1751328000,1754006400],"esgScore":[34.26,34.26,34.26,34.26,34.26,34.26,34.26,34.26,34.26,34.26],"governanceScore":[0.0,0.0,0.0,0.0,0.0,0.0,0.0,0.0,0.0,0.0],"environmentScore":[0.0,0.0,0.0,0.0,0.0,0.0,0.0,0.0,0.0,0.0],"socialScore":[0.0,0.0,0.0,0.0,0.0,0.0,0.0,0.0,0.0,0.0]},"peerSeries":{"timestamp":[1730419200,1733011200,1735689600,1738368000,1740787200,1743465600,1746057600,1748736000,1751328000,1754006400],"esgScore":[34.34549019607843,34.5152,34.49100000000001,34.42755102040817,34.298367346938775,34.151428571428575,34.42857142857143,34.428000000000004,34.48306122448979,34.188125],"governanceScore":[5.75,5.6031818181818185,5.44,5.406818181818182,5.32409090909091,5.427391304347827,5.193333333333334,5.333750000000001,5.374782608695654,5.394583333333334],"environmentScore":[12.178181818181816,12.220454545454546,12.509545454545457,12.459545454545458,12.54909090909091,12.746521739130435,13.24875,13.347916666666668,13.047391304347824,13.333333333333334],"socialScore":[11.872727272727275,11.68090909090909,11.500000000000002,11.325,11.030454545454544,10.783478260869565,10.864166666666664,10.835416666666665,10.905652173913042,10.649166666666664]}}],"error":null}}}