{"update_time":"2025-11-04 15:20:20.798885","data":{"esgChart":{"result":[{"peerGroup":"Pharmaceuticals","symbolSeries":{"timestamp":[1746057600,1748736000,1751328000,1754006400,1756684800,1759276800],"esgScore":[35.01,35.01,35.01,35.01,35.01,35.01],"governanceScore":[0.0,0.0,0.0,0.0,0.0,0.0],"environmentScore":[0.0,0.0,0.0,0.0,0.0,0.0],"socialScore":[0.0,0.0,0.0,0.0,0.0,0.0]},"peerSeries":{"timestamp":[1746057600,1748736000,1751328000,1754006400,1756684800,1759276800],"esgScore":[28.735040485829977,28.985785288270392,29.375306930693093,29.51563492063495,29.614665354330747,29.387563850687673],"governanceScore":[6.1139864864864855,6.1419999999999995,6.09472972972973,6.0218367346938795,5.967278911564627,5.575342465753423],"environmentScore":[2.629797297297298,2.6907333333333336,2.778108108108109,2.8656462585034013,2.9548979591836737,2.943082191780821],"socialScore":[13.485945945945947,13.452733333333335,13.475810810810813,13.43047619047619,13.40299319727891,13.04568493150685]}}],"error":null}}}