{"update_time":"2025-05-14 14:14:17.212247","data":{"esgChart":{"result":[{"peerGroup":"Pharmaceuticals","symbolSeries":{"timestamp":[1746057600],"esgScore":[35.01],"governanceScore":[0.0],"environmentScore":[0.0],"socialScore":[0.0]},"peerSeries":{"timestamp":[1746057600],"esgScore":[28.735040485829977],"governanceScore":[6.1139864864864855],"environmentScore":[2.629797297297298],"socialScore":[13.485945945945947]}}],"error":null}}}