{"update_time":"2024-12-12 12:28:39.157154","data":{"esgChart":{"result":[{"peerGroup":"Utilities","symbolSeries":{"timestamp":[1730419200,1733011200],"esgScore":[23.95,23.95],"governanceScore":[4.42,4.42],"environmentScore":[11.9,11.9],"socialScore":[7.62,7.62]},"peerSeries":{"timestamp":[1730419200,1733011200],"esgScore":[27.886468085106358,27.982127659574445],"governanceScore":[5.0064968152866225,4.9947770700636935],"environmentScore":[10.325796178343946,10.330127388535029],"socialScore":[9.850700636942678,9.86019108280255]}}],"error":null}}}