{"update_time":"2024-10-04 07:30:02.709355","data":{"esgChart":{"result":[{"peerGroup":"Retailing","symbolSeries":{"timestamp":[1575158400,1577836800,1580515200,1583020800,1585699200,1588291200,1590969600,1593561600,1596240000,1598918400,1601510400,1604188800,1606780800,1609459200,1612137600,1614556800,1617235200,1619827200],"esgScore":[43.81,24.89,24.89,24.89,null,null,null,24.89,24.89,null,27.63,null,null,27.63,27.63,27.63,null,23.31],"governanceScore":[51.6,9.55,9.55,9.55,null,null,null,9.55,9.55,null,10.43,null,null,10.43,10.43,10.43,null,9.77],"environmentScore":[34.9,4.28,4.28,4.28,null,null,null,4.28,4.28,null,2.94,null,null,2.94,2.94,2.94,null,2.53],"socialScore":[46.74,11.07,11.07,11.07,null,null,null,11.07,11.07,null,14.26,null,null,14.26,14.26,14.26,null,11.02]},"peerSeries":{"timestamp":[1575158400,1577836800,1580515200,1583020800,1585699200,1588291200,1590969600,1593561600,1596240000,1598918400,1601510400,1604188800,1606780800,1609459200,1612137600,1614556800,1617235200,1619827200],"esgScore":[49.937936507936485,17.4965625,17.315079365079363,17.290000000000003,null,null,null,17.13936507936508,16.970158730158733,16.982539682539684,16.761612903225807,null,null,16.595555555555563,16.570000000000004,16.511774193548383,null,16.646885245901636],"governanceScore":[53.55813559322035,6.206333333333334,6.128813559322034,6.124915254237287,null,null,null,6.1249152542372896,6.025762711864408,6.021186440677968,5.948448275862069,null,null,5.918135593220337,5.897627118644066,5.8777586206896535,null,5.895178571428569],"environmentScore":[44.30118644067795,3.3055,3.2374576271186437,3.232881355932203,null,null,null,3.0876271186440682,3.0786440677966107,3.061016949152543,3.092413793103449,null,null,3.001186440677967,2.998813559322035,2.9986206896551733,null,2.990000000000001],"socialScore":[46.539999999999985,8.043833333333335,7.997627118644071,7.979491525423734,null,null,null,7.84762711864407,7.77491525423729,7.810000000000001,7.61241379310345,null,null,7.5218644067796605,7.516949152542372,7.463448275862067,null,7.539821428571427]}}],"error":null}}}