{"update_time":"2025-11-04 15:22:05.022945","data":{"esgChart":{"result":[{"peerGroup":"US CE China Region","symbolSeries":{"timestamp":[1517443200,1519862400,1522540800,1525132800,1527811200,1530403200,1533081600,1535760000,1538352000],"esgScore":[48.31,47.58,47.58,47.58,47.58,47.58,46.53,46.53,47.26],"governanceScore":[46.68,45.86,45.86,45.86,45.86,45.86,46.03,46.03,46.56],"environmentScore":[50.47,50.83,50.83,50.83,50.83,50.83,50.51,50.51,50.92],"socialScore":[48.85,47.77,47.77,47.77,47.77,47.77,46.85,46.85,47.79]},"peerSeries":{"timestamp":[1517443200,1519862400,1522540800,1525132800,1527811200,1530403200,1533081600,1535760000,1538352000],"esgScore":[47.8,47.545,47.545,47.135,47.01,47.01,47.215,47.85,47.85],"governanceScore":[48.125,48.635000000000005,48.635000000000005,49.995000000000005,49.86,49.86,50.265,50.974999999999994,50.974999999999994],"environmentScore":[51.92,52.269999999999996,52.269999999999996,52.44,52.415,52.415,52.93,53.730000000000004,53.730000000000004],"socialScore":[51.754999999999995,52.36,52.36,52.269999999999996,52.315,52.315,51.825,52.83,52.83]}}],"error":null}}}