{"update_time":"2024-12-04 12:25:52.687591","data":{"esgChart":{"result":[{"peerGroup":"Healthcare","symbolSeries":{"timestamp":[1730419200],"esgScore":[22.22],"governanceScore":[6.75],"environmentScore":[0.39],"socialScore":[15.08]},"peerSeries":{"timestamp":[1730419200],"esgScore":[23.63607142857143],"governanceScore":[6.38878260869565],"environmentScore":[2.653217391304347],"socialScore":[12.468869565217396]}}],"error":null}}}