{"update_time":"2024-12-18 16:19:49.934509","data":{"esgChart":{"result":[{"peerGroup":"Telecommunication Services","symbolSeries":{"timestamp":[1730419200,1733011200],"esgScore":[36.88,36.88],"governanceScore":[0.0,0.0],"environmentScore":[0.0,0.0],"socialScore":[0.0,0.0]},"peerSeries":{"timestamp":[1730419200,1733011200],"esgScore":[24.555,24.7564],"governanceScore":[5.281896551724136,5.3772881355932185],"environmentScore":[4.940172413793102,5.01322033898305],"socialScore":[10.787413793103452,10.901016949152545]}}],"error":null}}}