{"update_time":"2025-11-04 15:22:12.550658","data":{"esgChart":{"result":[{"peerGroup":"Telecommunication Services","symbolSeries":{"timestamp":[1730419200,1733011200,1735689600,1738368000,1740787200,1743465600,1746057600,1748736000,1751328000,1754006400,1756684800,1759276800],"esgScore":[36.88,36.88,36.88,36.88,36.88,36.88,36.88,36.09,36.09,36.47,36.47,36.09],"governanceScore":[0.0,0.0,0.0,0.0,0.0,0.0,0.0,0.0,0.0,0.0,0.0,0.0],"environmentScore":[0.0,0.0,0.0,0.0,0.0,0.0,0.0,0.0,0.0,0.0,0.0,0.0],"socialScore":[0.0,0.0,0.0,0.0,0.0,0.0,0.0,0.0,0.0,0.0,0.0,0.0]},"peerSeries":{"timestamp":[1730419200,1733011200,1735689600,1738368000,1740787200,1743465600,1746057600,1748736000,1751328000,1754006400,1756684800,1759276800],"esgScore":[24.555,24.7564,24.688999999999997,24.582277227722766,24.56039603960395,24.65169999999999,24.385204081632647,24.75,24.749603960396037,24.864509803921568,24.972330097087372,24.320291262135928],"governanceScore":[5.281896551724136,5.3772881355932185,5.321355932203388,5.381525423728813,5.36050847457627,5.29017543859649,5.283448275862068,5.297017543859648,5.314137931034481,5.3625423728813555,5.3815,4.933833333333334],"environmentScore":[4.940172413793102,5.01322033898305,5.045593220338982,5.03593220338983,5.000338983050847,4.977894736842106,4.956724137931034,4.979298245614035,4.969310344827585,5.028135593220339,5.091166666666668,5.2911666666666655],"socialScore":[10.787413793103452,10.901016949152545,11.034576271186442,11.12406779661017,11.132372881355932,11.177368421052632,11.2651724137931,11.302807017543856,11.449655172413788,11.58881355932203,11.697,11.155666666666658]}}],"error":null}}}