{"update_time":"2025-03-28 15:54:42.520512","data":{"esgChart":{"result":[{"peerGroup":"Telecommunication Services","symbolSeries":{"timestamp":[1730419200,1733011200,1735689600,1738368000,1740787200],"esgScore":[36.88,36.88,36.88,36.88,36.88],"governanceScore":[0.0,0.0,0.0,0.0,0.0],"environmentScore":[0.0,0.0,0.0,0.0,0.0],"socialScore":[0.0,0.0,0.0,0.0,0.0]},"peerSeries":{"timestamp":[1730419200,1733011200,1735689600,1738368000,1740787200],"esgScore":[24.555,24.7564,24.688999999999997,24.582277227722766,24.552199999999992],"governanceScore":[5.281896551724136,5.3772881355932185,5.321355932203388,5.381525423728813,5.321724137931033],"environmentScore":[4.940172413793102,5.01322033898305,5.045593220338982,5.03593220338983,4.964482758620689],"socialScore":[10.787413793103452,10.901016949152545,11.034576271186442,11.12406779661017,11.14]}}],"error":null}}}