{"update_time":"2024-12-18 16:19:56.239546","data":{"esgChart":{"result":[{"peerGroup":"Aerospace & Defense","symbolSeries":{"timestamp":[1730419200,1733011200],"esgScore":[34.28,34.28],"governanceScore":[6.56,6.56],"environmentScore":[10.8,10.8],"socialScore":[16.92,16.92]},"peerSeries":{"timestamp":[1730419200,1733011200],"esgScore":[32.22622950819671,32.6855737704918],"governanceScore":[5.868750000000001,5.837500000000001],"environmentScore":[8.670999999999998,8.938999999999998],"socialScore":[14.9845,15.023999999999997]}}],"error":null}}}