{"update_time":"2025-11-04 15:22:32.294215","data":{"esgChart":{"result":[{"peerGroup":"Australia Fund Equity Global Technology","symbolSeries":{"timestamp":[1535760000,1538352000],"esgScore":[55.14,55.17],"governanceScore":[48.83,48.85],"environmentScore":[56.91,56.89],"socialScore":[56.35,56.41]},"peerSeries":{"timestamp":[1535760000,1538352000],"esgScore":[48.620000000000005,48.085],"governanceScore":[48.89,48.46],"environmentScore":[53.504999999999995,52.19],"socialScore":[54.83,53.41]}}],"error":null}}}