{"update_time":"2025-08-25 22:30:17.631349","data":{"esgChart":{"result":[{"peerGroup":"Telecommunication Services","symbolSeries":{"timestamp":[1659312000],"esgScore":[17.36],"governanceScore":[6.59],"environmentScore":[1.57],"socialScore":[9.2]},"peerSeries":{"timestamp":[1659312000],"esgScore":[25.177777777777774],"governanceScore":[7.257777777777777],"environmentScore":[5.077777777777778],"socialScore":[12.84222222222222]}}],"error":null}}}