{"update_time":"2024-10-04 07:33:23.882419","data":{"esgChart":{"result":[{"peerGroup":"Telecommunication Services","symbolSeries":{"timestamp":[1659312000],"esgScore":[17.36],"governanceScore":[6.59],"environmentScore":[1.57],"socialScore":[9.2]},"peerSeries":{"timestamp":[1659312000],"esgScore":[22.633437499999996],"governanceScore":[6.866271186440678],"environmentScore":[4.346610169491526],"socialScore":[10.711694915254238]}}],"error":null}}}