{"update_time":"2024-06-30 16:54:35.643043","data":{"esgChart":{"result":[{"peerGroup":"Pharmaceuticals","symbolSeries":{"timestamp":[1409529600,1412121600,1414800000,1417392000,1420070400,1422748800,1425168000,1427846400,1430438400,1433116800,1435708800,1438387200,1441065600,1443657600,1446336000,1448928000,1451606400,1454284800,1456790400,1459468800,1462060800,1464739200,1467331200,1470009600,1472688000,1475280000,1477958400,1480550400,1483228800,1485907200,1488326400,1491004800,1493596800,1496275200,1498867200,1501545600,1504224000,1506816000,1509494400,1512086400,1514764800,1517443200,1519862400,1522540800,1525132800,1527811200,1530403200],"esgScore":[53.0,52.0,53.0,53.0,58.0,58.0,58.0,57.0,56.0,56.0,56.0,56.0,56.0,56.0,56.0,56.0,56.29,56.29,56.29,55.88,55.88,55.88,57.22,57.22,57.22,57.22,57.22,57.22,54.62,54.62,54.62,54.62,54.21,54.21,54.21,54.21,57.88,56.8,56.8,56.8,56.8,56.8,56.8,null,null,null,56.8],"governanceScore":[66.0,66.0,66.0,66.0,66.0,66.0,66.0,66.0,63.0,63.0,63.0,63.0,63.0,63.0,63.0,64.0,64.46,64.46,64.46,64.47,64.47,64.47,66.87,66.87,66.87,66.87,66.87,66.87,66.42,66.42,66.42,66.42,66.42,66.42,66.42,66.42,66.42,62.26,62.26,62.26,62.26,62.26,62.26,null,null,null,62.26],"environmentScore":[57.0,57.0,57.0,57.0,62.0,62.0,70.0,70.0,70.0,70.0,70.0,70.0,70.0,70.0,70.0,70.0,70.22,70.22,70.22,70.22,70.22,70.22,69.68,69.68,69.68,69.68,69.68,69.68,70.77,70.77,70.77,70.77,69.15,69.15,69.15,69.15,70.93,72.02,72.02,72.02,72.02,72.02,72.02,null,null,null,72.02],"socialScore":[42.0,42.0,42.0,42.0,50.0,50.0,47.0,43.0,43.0,43.0,43.0,43.0,43.0,43.0,43.0,43.0,43.1,43.1,43.1,42.2,42.2,42.2,43.86,43.86,43.86,43.86,43.86,43.86,37.78,37.78,37.78,37.78,37.78,37.78,37.78,37.78,44.94,44.7,44.7,44.7,44.7,44.7,44.7,null,null,null,44.7]},"peerSeries":{"timestamp":[1409529600,1412121600,1414800000,1417392000,1420070400,1422748800,1425168000,1427846400,1430438400,1433116800,1435708800,1438387200,1441065600,1443657600,1446336000,1448928000,1451606400,1454284800,1456790400,1459468800,1462060800,1464739200,1467331200,1470009600,1472688000,1475280000,1477958400,1480550400,1483228800,1485907200,1488326400,1491004800,1493596800,1496275200,1498867200,1501545600,1504224000,1506816000,1509494400,1512086400,1514764800,1517443200,1519862400,1522540800,1525132800,1527811200,1530403200],"esgScore":[58.41891891891892,57.58108108108108,58.4054054054054,58.4054054054054,59.22666666666667,59.18666666666667,58.86666666666667,58.89473684210526,58.62337662337662,58.63636363636363,58.58441558441559,58.55844155844156,58.32051282051282,57.936708860759495,57.74683544303797,57.8125,57.78925,57.90737499999999,57.81325,56.64787500000001,56.61500000000001,56.58437500000001,56.445731707317094,56.517317073170766,56.58304878048783,56.49890243902442,56.44146341463416,56.38414634146343,56.055,56.05439024390244,56.18012195121952,56.165487804878055,56.11743902439026,56.053780487804886,55.931707317073176,55.982439024390246,56.3340243902439,56.14536585365854,56.22219512195122,56.32475609756098,56.15915662650603,56.38698795180725,56.3777108433735,56.245060240963845,56.30698795180722,56.29795180722888,56.44647727272724],"governanceScore":[61.2027027027027,61.189189189189186,61.148648648648646,61.148648648648646,61.68,61.57333333333333,61.61333333333334,61.89473684210526,61.72727272727273,61.532467532467535,61.54545454545455,61.63636363636363,61.41025641025641,61.31645569620253,61.11392405063291,61.2,61.11562500000001,61.151125000000015,61.134125000000004,60.61650000000001,60.56412500000001,60.44525000000001,60.402560975609745,60.37999999999999,60.46329268292681,60.30902439024389,60.24048780487804,60.19743902439023,59.800853658536575,59.79902439024389,59.8840243902439,60.00963414634146,59.93841463414634,60.00524390243903,59.97621951219512,60.140975609756104,60.590731707317055,58.55060975609756,58.73341463414634,58.845731707317064,58.57951807228916,58.80216867469879,58.715421686747,58.785421686746986,58.836987951807224,58.89349397590361,58.994090909090936],"environmentScore":[65.87837837837837,66.29729729729729,66.10810810810811,66.10810810810811,66.30666666666667,66.32,66.38666666666667,66.22368421052632,66.06493506493507,66.40259740259741,66.31168831168831,66.25974025974025,66.1025641025641,65.74683544303798,65.56962025316456,65.65,65.630875,65.77575000000002,65.58237500000001,65.39237500000002,65.47975000000001,65.4595,64.68317073170729,64.82914634146339,65.05329268292682,65.00280487804876,64.9670731707317,64.94682926829266,63.99804878048784,63.99804878048784,64.08402439024394,63.98475609756101,64.10987804878047,64.02768292682926,63.86439024390243,63.97134146341462,64.53378048780486,65.92060975609758,65.93719512195122,66.0962195121951,65.92650602409638,66.0610843373494,66.08518072289156,65.90240963855422,66.0013253012048,66.10096385542168,66.42193181818182],"socialScore":[52.445945945945944,52.33783783783784,52.32432432432432,52.32432432432432,53.76,53.74666666666667,52.81333333333333,52.73684210526316,52.298701298701296,52.246753246753244,52.142857142857146,52.16883116883117,51.8974358974359,51.177215189873415,51.050632911392405,51.1875,51.21725,51.375750000000004,51.28574999999999,49.15274999999998,49.06624999999998,49.08912499999998,49.241341463414614,49.33341463414632,49.29926829268292,49.24304878048779,49.18036585365852,49.093170731707296,49.14670731707318,49.14670731707318,49.32158536585366,49.26048780487804,49.13182926829268,48.99158536585365,48.83012195121951,48.773658536585366,48.942560975609766,49.11426829268293,49.15365853658537,49.21792682926829,49.121445783132515,49.404337349397586,49.42807228915661,49.18831325301205,49.23710843373494,49.12457831325302,49.208181818181814]}}],"error":null}}}