{"update_time":"2024-10-22 15:57:22.694961","data":{"esgChart":{"result":[{"peerGroup":"Banks","symbolSeries":{"timestamp":[1575158400,1577836800,1580515200,1583020800],"esgScore":[25.42,25.42,25.42,25.42],"governanceScore":[10.39,10.39,10.39,10.39],"environmentScore":[2.01,2.01,2.01,2.01],"socialScore":[13.02,13.02,13.02,13.02]},"peerSeries":{"timestamp":[1575158400,1577836800,1580515200,1583020800],"esgScore":[51.83302857142856,27.799771428571432,27.739885714285723,27.71017142857143],"governanceScore":[45.9512716763006,12.824450867052022,12.798612716763005,12.784161849710982],"environmentScore":[41.81404624277457,1.9358959537572262,1.9308670520231221,1.9260693641618505],"socialScore":[53.70722543352597,12.938554913294805,12.90901734104047,12.897861271676303]}}],"error":null}}}