{"update_time":"2024-12-18 16:24:35.199536","data":{"esgChart":{"result":[{"peerGroup":"Transportation","symbolSeries":{"timestamp":[1730419200,1733011200],"esgScore":[20.07,20.07],"governanceScore":[5.05,5.05],"environmentScore":[5.81,5.81],"socialScore":[9.21,9.21]},"peerSeries":{"timestamp":[1730419200,1733011200],"esgScore":[22.98057471264368,23.052080924855492],"governanceScore":[5.127553191489362,5.114893617021278],"environmentScore":[7.5640425531914905,7.58648936170213],"socialScore":[9.61404255319149,9.621063829787236]}}],"error":null}}}