{"update_time":"2024-10-22 15:58:19.448531","data":{"esgChart":{"result":[{"peerGroup":"Banks","symbolSeries":{"timestamp":[1727740800],"esgScore":[28.2],"governanceScore":[11.3],"environmentScore":[3.84],"socialScore":[13.06]},"peerSeries":{"timestamp":[1727740800],"esgScore":[29.565989304812856],"governanceScore":[10.725384615384616],"environmentScore":[2.108461538461538],"socialScore":[10.570000000000002]}}],"error":null}}}