{"update_time":"2024-12-03 12:35:29.076210","data":{"esgChart":{"result":[{"peerGroup":"Banks","symbolSeries":{"timestamp":[1727740800,1730419200],"esgScore":[28.2,28.2],"governanceScore":[11.3,11.3],"environmentScore":[3.84,3.84],"socialScore":[13.06,13.06]},"peerSeries":{"timestamp":[1727740800,1730419200],"esgScore":[29.64186528497411,26.026034858387803],"governanceScore":[10.725384615384616,9.488187134502924],"environmentScore":[2.108461538461538,1.3997660818713453],"socialScore":[10.570000000000002,9.820935672514619]}}],"error":null}}}