{"update_time":"2025-05-14 14:16:48.446783","data":{"esgChart":{"result":[{"peerGroup":"Aerospace & Defense","symbolSeries":{"timestamp":[1730419200,1733011200,1735689600,1738368000,1740787200,1743465600,1746057600],"esgScore":[29.18,29.18,29.18,29.18,29.18,29.18,29.18],"governanceScore":[0.0,0.0,0.0,0.0,0.0,0.0,0.0],"environmentScore":[0.0,0.0,0.0,0.0,0.0,0.0,0.0],"socialScore":[0.0,0.0,0.0,0.0,0.0,0.0,0.0]},"peerSeries":{"timestamp":[1730419200,1733011200,1735689600,1738368000,1740787200,1743465600,1746057600],"esgScore":[32.22622950819671,32.6855737704918,32.90704918032787,32.91213114754098,33.336721311475415,33.55688524590164,33.56645161290322],"governanceScore":[5.868750000000001,5.837500000000001,5.791,5.7844999999999995,5.74925,5.793000000000001,5.750750000000001],"environmentScore":[8.670999999999998,8.938999999999998,9.24225,9.24225,9.505999999999998,9.629499999999998,9.843749999999998],"socialScore":[14.9845,15.023999999999997,15.104999999999999,15.105249999999998,15.255999999999997,15.274249999999995,15.328749999999994]}}],"error":null}}}