{"update_time":"2024-12-04 12:29:55.311099","data":{"esgChart":{"result":[{"peerGroup":"Construction Materials","symbolSeries":{"timestamp":[1730419200],"esgScore":[37.53],"governanceScore":[0.0],"environmentScore":[0.0],"socialScore":[0.0]},"peerSeries":{"timestamp":[1730419200],"esgScore":[29.912439024390242],"governanceScore":[6.805238095238095],"environmentScore":[14.497142857142856],"socialScore":[6.2476190476190485]}}],"error":null}}}