{"update_time":"2025-03-28 15:56:15.581710","data":{"esgChart":{"result":[{"peerGroup":"Construction Materials","symbolSeries":{"timestamp":[1730419200,1733011200,1735689600,1738368000,1740787200],"esgScore":[37.53,37.53,37.53,37.53,37.53],"governanceScore":[0.0,0.0,0.0,0.0,0.0],"environmentScore":[0.0,0.0,0.0,0.0,0.0],"socialScore":[0.0,0.0,0.0,0.0,0.0]},"peerSeries":{"timestamp":[1730419200,1733011200,1735689600,1738368000,1740787200],"esgScore":[29.912439024390242,30.169756097560978,29.982682926829273,29.99170731707317,30.158250000000002],"governanceScore":[6.805238095238095,6.77,6.714285714285714,6.714285714285714,6.744761904761904],"environmentScore":[14.497142857142856,14.42,14.068571428571426,14.063809523809523,14.116666666666665],"socialScore":[6.2476190476190485,6.190952380952382,6.211428571428572,6.212380952380952,6.080952380952381]}}],"error":null}}}