{"update_time":"2024-12-03 12:35:53.125713","data":{"esgChart":{"result":[{"peerGroup":"Consumer Services","symbolSeries":{"timestamp":[1727740800,1730419200],"esgScore":[30.45,30.45],"governanceScore":[0.0,0.0],"environmentScore":[0.0,0.0],"socialScore":[0.0,0.0]},"peerSeries":{"timestamp":[1727740800,1730419200],"esgScore":[26.164035087719295,24.887383177570083],"governanceScore":[7.6383333333333345,5.635421686746988],"environmentScore":[4.8025,6.204698795180725],"socialScore":[11.341666666666667,10.488795180722889]}}],"error":null}}}