{"update_time":"2024-12-18 16:25:09.209952","data":{"esgChart":{"result":[{"peerGroup":"Healthcare","symbolSeries":{"timestamp":[1730419200,1733011200],"esgScore":[34.15,34.15],"governanceScore":[6.5,6.5],"environmentScore":[5.3,5.3],"socialScore":[22.35,22.35]},"peerSeries":{"timestamp":[1730419200,1733011200],"esgScore":[23.63607142857143,23.61544262295082],"governanceScore":[6.38878260869565,6.38086956521739],"environmentScore":[2.653217391304347,2.6531304347826072],"socialScore":[12.468869565217396,12.473913043478264]}}],"error":null}}}