{"update_time":"2024-12-18 16:25:13.256486","data":{"esgChart":{"result":[{"peerGroup":"Insurance","symbolSeries":{"timestamp":[1730419200,1733011200],"esgScore":[22.13,22.13],"governanceScore":[9.35,9.35],"environmentScore":[1.46,1.46],"socialScore":[11.32,11.32]},"peerSeries":{"timestamp":[1730419200,1733011200],"esgScore":[23.217486033519574,23.19050000000001],"governanceScore":[9.244173913043477,9.231565217391301],"environmentScore":[1.3306956521739126,1.327478260869565],"socialScore":[9.86895652173913,9.862086956521741]}}],"error":null}}}