{"update_time":"2025-03-04 18:35:02.826310","data":{"esgChart":{"result":[{"peerGroup":"Insurance","symbolSeries":{"timestamp":[1730419200,1733011200,1735689600,1738368000],"esgScore":[22.13,22.13,22.13,22.13],"governanceScore":[9.35,9.35,9.35,9.35],"environmentScore":[1.46,1.46,1.46,1.46],"socialScore":[11.32,11.32,11.32,11.32]},"peerSeries":{"timestamp":[1730419200,1733011200,1735689600,1738368000],"esgScore":[23.217486033519574,23.19050000000001,23.16800000000001,23.144419889502764],"governanceScore":[9.244173913043477,9.231565217391301,9.229304347826083,9.201120689655168],"environmentScore":[1.3306956521739126,1.327478260869565,1.3224347826086953,1.319655172413793],"socialScore":[9.86895652173913,9.862086956521741,9.858608695652178,9.87629310344828]}}],"error":null}}}