{"update_time":"2024-12-04 12:29:55.516361","data":{"esgChart":{"result":[{"peerGroup":"Insurance","symbolSeries":{"timestamp":[1730419200],"esgScore":[22.13],"governanceScore":[9.35],"environmentScore":[1.46],"socialScore":[11.32]},"peerSeries":{"timestamp":[1730419200],"esgScore":[23.217486033519574],"governanceScore":[9.244173913043477],"environmentScore":[1.3306956521739126],"socialScore":[9.86895652173913]}}],"error":null}}}