{"update_time":"2024-12-18 16:25:32.839814","data":{"esgChart":{"result":[{"peerGroup":"Auto Components","symbolSeries":{"timestamp":[1727740800,1730419200,1733011200],"esgScore":[12.75,12.75,12.75],"governanceScore":[0.0,0.0,0.0],"environmentScore":[0.0,0.0,0.0],"socialScore":[0.0,0.0,0.0]},"peerSeries":{"timestamp":[1727740800,1730419200,1733011200],"esgScore":[17.445333333333334,16.850116279069763,18.976511627906973],"governanceScore":[7.44,5.755588235294116,5.750882352941174],"environmentScore":[4.695,4.439117647058823,4.438529411764706],"socialScore":[5.470000000000001,5.920588235294117,5.923529411764704]}}],"error":null}}}