{"update_time":"2025-11-04 15:24:40.459726","data":{"esgChart":{"result":[{"peerGroup":"US CE Health","symbolSeries":{"timestamp":[1517443200,1519862400,1522540800,1525132800,1527811200,1530403200,1533081600,1535760000,1538352000,1541030400,1543622400,1546300800],"esgScore":[55.95,55.95,55.18,55.17,55.17,56.6,56.6,56.6,54.39,54.39,54.95,54.95],"governanceScore":[56.19,56.19,56.41,56.41,56.41,56.68,56.68,56.68,53.29,53.29,54.06,54.06],"environmentScore":[56.97,56.97,57.4,57.39,57.39,57.94,57.94,57.94,57.16,57.16,57.64,57.64],"socialScore":[56.45,56.45,55.4,55.4,55.4,57.58,57.58,57.58,55.32,55.32,55.53,55.53]},"peerSeries":{"timestamp":[1517443200,1519862400,1522540800,1525132800,1527811200,1530403200,1533081600,1535760000,1538352000,1541030400,1543622400,1546300800],"esgScore":[46.278333333333336,46.373333333333335,45.36333333333334,45.35333333333333,45.416666666666664,45.788333333333334,45.788333333333334,45.71666666666667,46.11428571428571,46.11428571428571,45.917142857142856,45.74714285714286],"governanceScore":[51.94166666666666,52.00333333333333,51.56,51.58166666666667,51.553333333333335,51.55833333333334,51.55833333333334,51.59166666666667,52.15571428571429,52.15571428571429,53.21142857142858,53.04571428571429],"environmentScore":[54.505,54.59666666666667,54.21333333333334,54.205000000000005,54.19,54.73500000000001,54.73500000000001,54.78666666666666,56.065714285714286,56.065714285714286,55.49571428571429,55.284285714285716],"socialScore":[52.17666666666667,52.203333333333326,51.85833333333333,51.76333333333334,51.80500000000001,52.38166666666666,52.38166666666666,52.346666666666664,52.29,52.29,52.135714285714286,52.24571428571429]}}],"error":null}}}