{"update_time":"2024-06-30 17:01:32.642300","data":{"esgChart":{"result":[{"peerGroup":"Telecommunication Services","symbolSeries":{"timestamp":[1409529600,1412121600,1414800000,1417392000,1420070400,1422748800,1425168000,1427846400,1430438400,1433116800,1435708800,1438387200,1441065600,1443657600,1446336000,1448928000,1451606400,1454284800,1456790400,1459468800,1462060800,1464739200,1467331200,1470009600,1472688000,1475280000,1477958400,1480550400,1483228800,1485907200,1488326400,1491004800,1493596800,1496275200,1498867200,1501545600,1504224000,1506816000,1509494400,1512086400,1514764800,1517443200,1519862400,1522540800,1525132800,1527811200,1530403200],"esgScore":[65.0,65.0,65.0,65.0,70.0,70.0,69.0,69.0,69.0,69.0,69.0,69.0,69.0,69.0,69.0,69.0,68.6,68.6,72.97,70.83,70.83,70.83,70.83,70.83,70.83,70.83,70.83,73.5,73.5,73.5,73.5,72.94,72.8,72.8,72.8,72.46,72.46,72.34,72.34,72.34,72.34,72.34,72.34,null,null,null,72.34],"governanceScore":[73.0,73.0,73.0,73.0,73.0,73.0,73.0,73.0,73.0,73.0,73.0,73.0,73.0,73.0,73.0,70.0,69.75,69.75,72.69,71.7,71.7,71.7,71.7,71.7,71.7,71.7,71.7,73.9,73.9,73.9,73.9,73.9,73.9,73.9,73.9,78.15,78.15,74.95,74.95,74.95,74.95,74.95,74.95,null,null,null,74.95],"environmentScore":[63.0,64.0,63.0,63.0,68.0,68.0,68.0,68.0,68.0,68.0,68.0,68.0,68.0,68.0,68.0,68.0,67.96,67.96,74.33,74.32,74.32,74.32,74.32,74.32,74.32,74.32,74.32,76.14,76.14,76.14,76.14,76.14,75.69,75.69,75.69,74.32,74.32,76.57,76.57,76.57,76.57,76.57,76.57,null,null,null,76.57],"socialScore":[63.0,63.0,63.0,63.0,70.0,70.0,68.0,68.0,68.0,68.0,68.0,68.0,68.0,68.0,68.0,68.0,68.38,68.38,72.22,68.01,68.01,68.01,68.01,68.01,68.01,68.01,68.01,71.51,71.51,71.51,71.51,70.25,70.25,70.25,70.25,68.05,68.05,68.05,68.05,68.05,68.05,68.05,68.05,null,null,null,68.05]},"peerSeries":{"timestamp":[1409529600,1412121600,1414800000,1417392000,1420070400,1422748800,1425168000,1427846400,1430438400,1433116800,1435708800,1438387200,1441065600,1443657600,1446336000,1448928000,1451606400,1454284800,1456790400,1459468800,1462060800,1464739200,1467331200,1470009600,1472688000,1475280000,1477958400,1480550400,1483228800,1485907200,1488326400,1491004800,1493596800,1496275200,1498867200,1501545600,1504224000,1506816000,1509494400,1512086400,1514764800,1517443200,1519862400,1522540800,1525132800,1527811200,1530403200],"esgScore":[62.0,61.61666666666667,62.032786885245905,62.032786885245905,62.34426229508197,62.278688524590166,61.868852459016395,61.9344262295082,61.983333333333334,61.54838709677419,61.54838709677419,61.62903225806452,61.596774193548384,61.857142857142854,61.904761904761905,62.17460317460318,62.25301587301587,62.21507936507936,62.208412698412694,61.51412698412699,61.51412698412699,61.471269841269844,61.357619047619046,61.2347619047619,61.25396825396825,61.15095238095239,61.11603174603176,61.20126984126985,61.35603174603176,61.37031746031747,61.68857142857143,61.72269841269841,62.03158730158731,62.17857142857143,62.36709677419354,62.60015873015873,62.69253968253968,62.40523809523811,62.40603174603176,62.457142857142884,62.41190476190478,62.424126984127,62.43968253968256,62.66306451612906,62.718064516129054,62.956290322580664,62.29220588235297],"governanceScore":[69.45762711864407,69.83333333333333,69.77049180327869,69.75409836065573,69.85245901639344,69.70491803278688,69.55737704918033,69.45901639344262,69.38333333333334,69.11290322580645,69.09677419354838,69.41935483870968,69.7258064516129,69.93650793650794,69.96825396825396,70.14285714285714,70.08984126984127,70.00031746031746,69.99873015873017,70.38952380952382,70.38952380952382,70.41333333333333,70.33333333333333,70.15968253968255,70.05825396825396,69.92492063492064,69.92746031746032,70.02587301587303,69.5673015873016,69.5673015873016,69.87285714285716,69.88555555555557,70.07285714285716,70.43714285714287,70.48741935483874,70.8266666666667,71.22539682539687,68.71825396825399,68.77380952380953,68.6436507936508,68.82460317460318,68.87873015873018,68.87873015873018,68.80016129032258,68.73806451612901,68.80048387096772,68.70485294117645],"environmentScore":[63.6271186440678,63.583333333333336,63.31147540983606,63.24590163934426,63.77049180327869,63.885245901639344,63.47540983606557,63.47540983606557,63.71666666666667,63.096774193548384,63.096774193548384,62.96774193548387,62.96774193548387,63.111111111111114,63.19047619047619,63.57142857142857,63.55079365079363,63.66428571428569,63.77555555555553,63.781904761904755,63.781904761904755,63.55730158730159,63.234285714285726,63.125873015873026,63.27142857142859,63.15984126984129,63.188888888888904,63.21523809523811,63.527936507936516,63.527936507936516,63.828888888888905,63.965396825396844,64.57761904761905,64.59285714285714,65.09435483870968,65.09492063492063,65.06095238095237,66.58412698412698,66.65603174603176,66.76634920634922,66.63396825396826,66.63396825396826,66.63396825396826,67.04951612903226,67.14048387096774,67.4709677419355,66.00279411764707],"socialScore":[56.728813559322035,57.11666666666667,56.868852459016395,56.90163934426229,57.16393442622951,56.967213114754095,56.59016393442623,56.81967213114754,56.766666666666666,56.33870967741935,56.32258064516129,56.46774193548387,56.32258064516129,56.65079365079365,56.698412698412696,57.0,57.036031746031746,56.92571428571429,56.837460317460334,55.06301587301586,55.06301587301586,55.104285714285695,55.111587301587285,55.006984126984115,55.00952380952379,54.9290476190476,54.830952380952375,54.94857142857143,55.339047619047605,55.37079365079364,55.70825396825396,55.68571428571428,55.85968253968253,55.973650793650776,56.02967741935482,56.358888888888885,56.36555555555555,56.101111111111095,56.02349206349204,56.135555555555534,56.02285714285712,56.020158730158705,56.05460317460315,56.31709677419353,56.413064516129026,56.68790322580646,56.24485294117647]}}],"error":null}}}