{"update_time":"2024-12-18 16:30:05.017342","data":{"esgChart":{"result":[{"peerGroup":"Media","symbolSeries":{"timestamp":[1733011200],"esgScore":[17.19],"governanceScore":[8.13],"environmentScore":[0.43],"socialScore":[8.63]},"peerSeries":{"timestamp":[1733011200],"esgScore":[15.70535714285715],"governanceScore":[6.1804999999999986],"environmentScore":[0.5151666666666668],"socialScore":[7.3501666666666665]}}],"error":null}}}