{"update_time":"2025-03-28 15:57:55.627584","data":{"esgChart":{"result":[{"peerGroup":"Media","symbolSeries":{"timestamp":[1733011200,1735689600,1738368000,1740787200],"esgScore":[17.19,17.19,17.19,16.93],"governanceScore":[8.13,8.13,8.13,7.87],"environmentScore":[0.43,0.43,0.43,0.43],"socialScore":[8.63,8.63,8.63,8.63]},"peerSeries":{"timestamp":[1733011200,1735689600,1738368000,1740787200],"esgScore":[15.70535714285715,15.681500000000009,15.613571428571436,15.537410071942451],"governanceScore":[6.1804999999999986,6.173999999999999,6.1368333333333345,6.1085],"environmentScore":[0.5151666666666668,0.514,0.4695,0.4708333333333333],"socialScore":[7.3501666666666665,7.3485000000000005,7.353666666666668,7.347833333333335]}}],"error":null}}}