{"update_time":"2025-02-13 17:16:44.152977","data":{"esgChart":{"result":[{"peerGroup":"Media","symbolSeries":{"timestamp":[1733011200,1735689600,1738368000],"esgScore":[17.19,17.19,17.19],"governanceScore":[8.13,8.13,8.13],"environmentScore":[0.43,0.43,0.43],"socialScore":[8.63,8.63,8.63]},"peerSeries":{"timestamp":[1733011200,1735689600,1738368000],"esgScore":[15.70535714285715,15.681500000000009,15.613571428571436],"governanceScore":[6.1804999999999986,6.173999999999999,6.1368333333333345],"environmentScore":[0.5151666666666668,0.514,0.4695],"socialScore":[7.3501666666666665,7.3485000000000005,7.353666666666668]}}],"error":null}}}