{"update_time":"2024-12-04 12:30:01.753525","data":{"esgChart":{"result":[{"peerGroup":"Machinery","symbolSeries":{"timestamp":[1730419200],"esgScore":[21.48],"governanceScore":[5.68],"environmentScore":[5.92],"socialScore":[9.89]},"peerSeries":{"timestamp":[1730419200],"esgScore":[26.047604562737625],"governanceScore":[5.495258620689656],"environmentScore":[7.634913793103447],"socialScore":[10.773534482758619]}}],"error":null}}}