{"update_time":"2024-12-18 16:30:08.902305","data":{"esgChart":{"result":[{"peerGroup":"Machinery","symbolSeries":{"timestamp":[1730419200,1733011200],"esgScore":[21.48,21.48],"governanceScore":[5.68,5.68],"environmentScore":[5.92,5.92],"socialScore":[9.89,9.89]},"peerSeries":{"timestamp":[1730419200,1733011200],"esgScore":[26.047604562737625,26.77321969696968],"governanceScore":[5.495258620689656,5.507777777777777],"environmentScore":[7.634913793103447,7.945811965811965],"socialScore":[10.773534482758619,10.801965811965811]}}],"error":null}}}