{"update_time":"2025-02-13 17:17:11.452126","data":{"esgChart":{"result":[{"peerGroup":"Software & Services","symbolSeries":{"timestamp":[1730419200,1733011200,1735689600,1738368000],"esgScore":[26.28,26.28,26.28,26.28],"governanceScore":[8.45,8.45,8.45,8.45],"environmentScore":[4.8,4.8,4.8,4.8],"socialScore":[13.02,13.02,13.02,13.02]},"peerSeries":{"timestamp":[1730419200,1733011200,1735689600,1738368000],"esgScore":[20.749752066115704,20.741456953642388,20.740710743801657,20.810630182421228],"governanceScore":[5.80553435114504,5.763629343629346,5.76223076923077,5.750697674418606],"environmentScore":[2.9668320610687022,2.974131274131274,2.9947307692307694,3.008565891472868],"socialScore":[9.796335877862584,9.807606177606166,9.812038461538451,9.848488372093012]}}],"error":null}}}