{"update_time":"2024-12-18 16:30:28.399028","data":{"esgChart":{"result":[{"peerGroup":"Homebuilders","symbolSeries":{"timestamp":[1730419200,1733011200],"esgScore":[16.64,16.64],"governanceScore":[0.0,0.0],"environmentScore":[0.0,0.0],"socialScore":[0.0,0.0]},"peerSeries":{"timestamp":[1730419200,1733011200],"esgScore":[19.33073170731707,19.78609756097561],"governanceScore":[4.013888888888888,4.009444444444444],"environmentScore":[8.293333333333331,8.407777777777776],"socialScore":[5.917777777777777,5.919444444444444]}}],"error":null}}}