{"update_time":"2025-04-28 12:35:33.406542","data":{"esgChart":{"result":[{"peerGroup":"Consumer Services","symbolSeries":{"timestamp":[1619827200,1622505600,1625097600,1627776000,1630454400,1633046400,1635724800,1638316800,1640995200,1643673600,1646092800,1648771200,1651363200,1654041600,1656633600,1659312000,1661990400,1664582400,1667260800,1669852800,1672531200,1675209600,1677628800,1680307200,1682899200,1685577600,1688169600,1690848000,1693526400,1696118400,1698796800,1701388800,1704067200,1706745600,1709251200,1711929600,1714521600,1717200000,1719792000,1722470400,1725148800,1727740800,1730419200,1733011200,1735689600,1738368000,1740787200,1743465600],"esgScore":[26.0,null,null,null,25.57,null,null,null,null,25.63,null,null,25.24,null,null,25.24,null,null,null,null,24.79,null,null,null,null,null,null,null,24.72,null,null,null,null,null,null,null,null,null,null,null,null,null,24.61,24.61,24.61,24.61,24.61,24.61],"governanceScore":[4.95,null,null,null,4.53,null,null,null,null,4.53,null,null,4.53,null,null,4.53,null,null,null,null,4.09,null,null,null,null,null,null,null,4.09,null,null,null,null,null,null,null,null,null,null,null,null,null,4.57,4.57,4.57,4.57,4.57,4.57],"environmentScore":[9.31,null,null,null,9.31,null,null,null,null,9.31,null,null,9.54,null,null,9.54,null,null,null,null,9.54,null,null,null,null,null,null,null,9.46,null,null,null,null,null,null,null,null,null,null,null,null,null,9.44,9.44,9.44,9.44,9.44,9.44],"socialScore":[11.74,null,null,null,11.74,null,null,null,null,11.8,null,null,11.17,null,null,11.17,null,null,null,null,11.17,null,null,null,null,null,null,null,11.17,null,null,null,null,null,null,null,null,null,null,null,null,null,10.59,10.59,10.59,10.59,10.59,10.59]},"peerSeries":{"timestamp":[1619827200,1622505600,1625097600,1627776000,1630454400,1633046400,1635724800,1638316800,1640995200,1643673600,1646092800,1648771200,1651363200,1654041600,1656633600,1659312000,1661990400,1664582400,1667260800,1669852800,1672531200,1675209600,1677628800,1680307200,1682899200,1685577600,1688169600,1690848000,1693526400,1696118400,1698796800,1701388800,1704067200,1706745600,1709251200,1711929600,1714521600,1717200000,1719792000,1722470400,1725148800,1727740800,1730419200,1733011200,1735689600,1738368000,1740787200,1743465600],"esgScore":[24.953333333333333,null,null,null,24.89,null,null,null,null,24.939999999999998,null,null,26.75,null,null,27.61,24.836666666666662,24.836666666666662,24.836666666666662,28.37,24.836666666666662,28.37,23.309583333333332,23.446250000000003,null,null,null,null,19.02,null,null,null,26.413333333333338,null,null,null,null,null,24.89,null,null,26.164035087719295,24.887383177570083,24.813474178403748,24.84778301886792,24.926009389671357,24.957393364928908,24.860809523809525],"governanceScore":[8.635,null,null,null,8.54,null,null,null,null,8.565,null,null,8.47,null,null,8.47,8.47,8.47,8.47,3.94,8.47,3.94,6.428333333333335,6.412500000000001,null,null,null,null,null,null,null,null,null,null,null,null,null,null,null,null,null,7.6383333333333345,5.635421686746988,5.629277108433734,5.584698795180722,5.5863855421686734,5.577831325301204,5.439651162790699],"environmentScore":[6.140000000000001,null,null,null,6.140000000000001,null,null,null,null,6.195,null,null,8.6,null,null,8.6,8.6,8.6,8.6,13.33,8.6,13.33,5.985416666666668,6.2770833333333345,null,null,null,null,null,null,null,null,null,null,null,null,null,null,null,null,null,4.8025,6.204698795180725,6.255542168674702,6.29132530120482,6.294096385542169,6.397469879518073,6.508720930232557],"socialScore":[10.14,null,null,null,10.14,null,null,null,null,10.14,null,null,10.54,null,null,10.54,10.54,10.54,10.54,11.09,10.54,11.09,10.898333333333333,10.757083333333332,null,null,null,null,null,null,null,null,null,null,null,null,null,null,null,null,null,11.341666666666667,10.488795180722889,10.500722891566262,10.521807228915662,10.51879518072289,10.529277108433732,10.575930232558138]}}],"error":null}}}