{"update_time":"2024-06-30 17:08:24.748654","data":{"esgChart":{"result":[{"peerGroup":"Consumer Services","symbolSeries":{"timestamp":[1619827200,1622505600,1625097600,1627776000,1630454400,1633046400,1635724800,1638316800,1640995200,1643673600,1646092800,1648771200,1651363200,1654041600,1656633600,1659312000,1661990400,1664582400,1667260800,1669852800,1672531200,1675209600,1677628800,1680307200,1682899200,1685577600,1688169600,1690848000,1693526400],"esgScore":[26.0,null,null,null,25.57,null,null,null,null,25.63,null,null,25.24,null,null,25.24,null,null,null,null,24.79,null,null,null,null,null,null,null,24.72],"governanceScore":[4.95,null,null,null,4.53,null,null,null,null,4.53,null,null,4.53,null,null,4.53,null,null,null,null,4.09,null,null,null,null,null,null,null,4.09],"environmentScore":[9.31,null,null,null,9.31,null,null,null,null,9.31,null,null,9.54,null,null,9.54,null,null,null,null,9.54,null,null,null,null,null,null,null,9.46],"socialScore":[11.74,null,null,null,11.74,null,null,null,null,11.8,null,null,11.17,null,null,11.17,null,null,null,null,11.17,null,null,null,null,null,null,null,11.17]},"peerSeries":{"timestamp":[1619827200,1622505600,1625097600,1627776000,1630454400,1633046400,1635724800,1638316800,1640995200,1643673600,1646092800,1648771200,1651363200,1654041600,1656633600,1659312000,1661990400,1664582400,1667260800,1669852800,1672531200,1675209600,1677628800,1680307200,1682899200,1685577600,1688169600,1690848000,1693526400],"esgScore":[22.868666666666666,null,null,null,22.90119047619048,null,null,null,null,22.822222222222223,null,null,22.834666666666667,null,null,22.78954545454545,23.018055555555545,22.97777777777777,22.978055555555553,23.22083333333333,23.12638888888889,23.338333333333328,23.309583333333332,23.446250000000003,null,null,null,null,22.787954545454546],"governanceScore":[6.830232558139536,null,null,null,6.843589743589744,null,null,null,null,6.704146341463416,null,null,6.653170731707316,null,null,6.590975609756098,6.906875,6.868125,6.9153125,6.405416666666667,7.0325,6.450416666666668,6.428333333333335,6.412500000000001,null,null,null,null,6.504871794871797],"environmentScore":[5.205581395348838,null,null,null,5.34948717948718,null,null,null,null,5.506829268292684,null,null,5.653170731707317,null,null,5.711219512195122,5.715,5.7159375,5.7146875,5.952500000000001,5.766562499999999,5.985416666666668,5.985416666666668,6.2770833333333345,null,null,null,null,6.141025641025643],"socialScore":[10.729302325581394,null,null,null,10.73205128205128,null,null,null,null,10.863902439024391,null,null,10.774634146341464,null,null,10.78756097560976,10.919062500000004,10.901562500000004,10.857500000000005,10.865416666666667,10.908437500000003,10.904583333333335,10.898333333333333,10.757083333333332,null,null,null,null,10.512307692307695]}}],"error":null}}}