{"update_time":"2025-11-04 15:26:30.185887","data":{"esgChart":{"result":[{"peerGroup":"Healthcare","symbolSeries":{"timestamp":[1754006400],"esgScore":[24.86],"governanceScore":[0.0],"environmentScore":[0.0],"socialScore":[0.0]},"peerSeries":{"timestamp":[1754006400],"esgScore":[23.815015974440886],"governanceScore":[5.950000000000004],"environmentScore":[2.567647058823529],"socialScore":[11.897394957983195]}}],"error":null}}}