{"update_time":"2025-11-04 15:26:46.285775","data":{"esgChart":{"result":[{"peerGroup":"Construction & Engineering","symbolSeries":{"timestamp":[1730419200,1733011200,1735689600,1738368000,1740787200,1743465600,1746057600,1748736000,1751328000,1754006400,1756684800,1759276800],"esgScore":[37.54,37.54,37.54,37.54,46.76,46.76,46.76,46.76,46.76,46.76,46.76,45.21],"governanceScore":[0.0,0.0,0.0,0.0,0.0,0.0,0.0,0.0,0.0,0.0,0.0,0.0],"environmentScore":[0.0,0.0,0.0,0.0,0.0,0.0,0.0,0.0,0.0,0.0,0.0,0.0],"socialScore":[0.0,0.0,0.0,0.0,0.0,0.0,0.0,0.0,0.0,0.0,0.0,0.0]},"peerSeries":{"timestamp":[1730419200,1733011200,1735689600,1738368000,1740787200,1743465600,1746057600,1748736000,1751328000,1754006400,1756684800,1759276800],"esgScore":[33.4324060150376,34.06503759398497,34.166119402985075,34.137481481481494,34.409270072992705,34.65036764705883,35.04091603053434,35.00518518518519,34.948962962962945,35.03007352941176,35.07902985074627,34.50373134328359],"governanceScore":[7.260208333333332,7.246874999999999,7.206666666666666,7.030625,7.02,6.774399999999999,6.5018367346938755,6.467547169811319,6.449622641509433,6.370769230769229,6.318518518518518,5.99351851851852],"environmentScore":[10.69041666666667,10.810416666666669,10.864791666666669,10.897916666666667,10.812083333333334,11.023800000000001,11.461836734693877,11.574150943396228,11.597735849056603,11.704615384615389,11.748518518518521,11.82],"socialScore":[12.61125,12.567916666666667,12.639999999999999,12.573124999999997,12.576666666666666,12.586400000000001,12.735714285714288,12.769811320754723,12.89849056603774,12.997500000000004,13.089444444444448,12.86185185185185]}}],"error":null}}}