{"update_time":"2025-02-13 17:18:16.292164","data":{"esgChart":{"result":[{"peerGroup":"Homebuilders","symbolSeries":{"timestamp":[1730419200,1733011200,1735689600,1738368000],"esgScore":[16.37,16.37,16.37,16.37],"governanceScore":[0.0,0.0,0.0,0.0],"environmentScore":[0.0,0.0,0.0,0.0],"socialScore":[0.0,0.0,0.0,0.0]},"peerSeries":{"timestamp":[1730419200,1733011200,1735689600,1738368000],"esgScore":[19.33073170731707,19.78609756097561,19.718292682926826,19.798536585365852],"governanceScore":[4.013888888888888,4.009444444444444,4.009444444444444,4.009444444444444],"environmentScore":[8.293333333333331,8.407777777777776,8.407777777777776,8.407777777777776],"socialScore":[5.917777777777777,5.919444444444444,5.919444444444444,5.919444444444444]}}],"error":null}}}