{"update_time":"2024-12-03 12:44:44.843311","data":{"esgChart":{"result":[{"peerGroup":"Machinery","symbolSeries":{"timestamp":[1727740800,1730419200],"esgScore":[18.31,22.12],"governanceScore":[0.0,0.0],"environmentScore":[0.0,0.0],"socialScore":[0.0,0.0]},"peerSeries":{"timestamp":[1727740800,1730419200],"esgScore":[28.3,26.047604562737625],"governanceScore":[5.4475,5.495258620689656],"environmentScore":[7.744999999999999,7.634913793103447],"socialScore":[11.945,10.773534482758619]}}],"error":null}}}