{"update_time":"2024-12-04 12:30:04.588540","data":{"esgChart":{"result":[{"peerGroup":"Oil & Gas Producers","symbolSeries":{"timestamp":[1730419200],"esgScore":[7.58],"governanceScore":[5.94],"environmentScore":[0.3],"socialScore":[1.35]},"peerSeries":{"timestamp":[1730419200],"esgScore":[40.66664670658685],"governanceScore":[6.480229885057474],"environmentScore":[21.059310344827583],"socialScore":[9.211034482758624]}}],"error":null}}}