{"update_time":"2024-12-04 12:30:04.679627","data":{"esgChart":{"result":[{"peerGroup":"Consumer Durables","symbolSeries":{"timestamp":[1730419200],"esgScore":[12.67],"governanceScore":[3.54],"environmentScore":[5.14],"socialScore":[4.0]},"peerSeries":{"timestamp":[1730419200],"esgScore":[16.831734693877547],"governanceScore":[4.296571428571428],"environmentScore":[4.137428571428571],"socialScore":[7.659428571428571]}}],"error":null}}}