{"update_time":"2024-12-18 16:35:32.108604","data":{"esgChart":{"result":[{"peerGroup":"Food Products","symbolSeries":{"timestamp":[1730419200,1733011200],"esgScore":[37.03,37.03],"governanceScore":[0.0,0.0],"environmentScore":[0.0,0.0],"socialScore":[0.0,0.0]},"peerSeries":{"timestamp":[1730419200,1733011200],"esgScore":[30.339107142857163,30.482500000000005],"governanceScore":[5.0987068965517235,5.083448275862067],"environmentScore":[11.703275862068962,11.85215517241379],"socialScore":[11.015603448275856,11.06922413793103]}}],"error":null}}}