{"update_time":"2025-04-28 12:36:38.194779","data":{"esgChart":{"result":[{"peerGroup":"Building Products","symbolSeries":{"timestamp":[1730419200,1733011200,1735689600,1738368000,1740787200,1743465600],"esgScore":[21.74,21.74,21.74,21.74,23.01,23.01],"governanceScore":[4.53,4.53,4.53,4.53,5.13,5.13],"environmentScore":[10.62,10.62,10.62,10.62,11.85,11.85],"socialScore":[6.59,6.59,6.59,6.59,6.03,6.03]},"peerSeries":{"timestamp":[1730419200,1733011200,1735689600,1738368000,1740787200,1743465600],"esgScore":[23.676119402985083,23.807462686567177,23.877014925373143,23.89132352941177,24.116911764705886,24.056086956521746],"governanceScore":[5.2078125,5.220625000000001,5.196250000000001,5.165937500000001,5.238235294117647,5.212571428571429],"environmentScore":[9.87,9.960625,10.0496875,10.219375,10.414705882352942,10.468571428571432],"socialScore":[5.682812499999999,5.675624999999999,5.637187499999999,5.644687499999999,5.706176470588235,5.727714285714286]}}],"error":null}}}