{"update_time":"2025-03-28 16:00:09.775180","data":{"esgChart":{"result":[{"peerGroup":"Building Products","symbolSeries":{"timestamp":[1730419200,1733011200,1735689600,1738368000,1740787200],"esgScore":[21.74,21.74,21.74,21.74,23.01],"governanceScore":[4.53,4.53,4.53,4.53,5.13],"environmentScore":[10.62,10.62,10.62,10.62,11.85],"socialScore":[6.59,6.59,6.59,6.59,6.03]},"peerSeries":{"timestamp":[1730419200,1733011200,1735689600,1738368000,1740787200],"esgScore":[23.676119402985083,23.807462686567177,23.877014925373143,23.89132352941177,24.116911764705886],"governanceScore":[5.2078125,5.220625000000001,5.196250000000001,5.165937500000001,5.238235294117647],"environmentScore":[9.87,9.960625,10.0496875,10.219375,10.414705882352942],"socialScore":[5.682812499999999,5.675624999999999,5.637187499999999,5.644687499999999,5.706176470588235]}}],"error":null}}}