{"update_time":"2024-12-18 16:35:44.450627","data":{"esgChart":{"result":[{"peerGroup":"Building Products","symbolSeries":{"timestamp":[1730419200,1733011200],"esgScore":[21.74,21.74],"governanceScore":[4.53,4.53],"environmentScore":[10.62,10.62],"socialScore":[6.59,6.59]},"peerSeries":{"timestamp":[1730419200,1733011200],"esgScore":[23.676119402985083,23.807462686567177],"governanceScore":[5.2078125,5.220625000000001],"environmentScore":[9.87,9.960625],"socialScore":[5.682812499999999,5.675624999999999]}}],"error":null}}}