{"update_time":"2024-12-04 12:30:05.101716","data":{"esgChart":{"result":[{"peerGroup":"Chemicals","symbolSeries":{"timestamp":[1730419200],"esgScore":[25.92],"governanceScore":[0.0],"environmentScore":[0.0],"socialScore":[0.0]},"peerSeries":{"timestamp":[1730419200],"esgScore":[28.19076086956522],"governanceScore":[5.159374999999999],"environmentScore":[13.540104166666667],"socialScore":[6.123437499999999]}}],"error":null}}}