{"update_time":"2024-12-04 12:30:07.117938","data":{"esgChart":{"result":[{"peerGroup":"Commercial Services","symbolSeries":{"timestamp":[1730419200],"esgScore":[19.41],"governanceScore":[4.44],"environmentScore":[0.16],"socialScore":[14.82]},"peerSeries":{"timestamp":[1730419200],"esgScore":[17.10367441860465],"governanceScore":[4.026956521739131],"environmentScore":[2.467971014492754],"socialScore":[9.374637681159424]}}],"error":null}}}