{"update_time":"2024-12-03 12:46:03.652150","data":{"esgChart":{"result":[{"peerGroup":"Chemicals","symbolSeries":{"timestamp":[1730419200],"esgScore":[26.61],"governanceScore":[0.0],"environmentScore":[0.0],"socialScore":[0.0]},"peerSeries":{"timestamp":[1730419200],"esgScore":[28.19076086956522],"governanceScore":[5.159374999999999],"environmentScore":[13.540104166666667],"socialScore":[6.123437499999999]}}],"error":null}}}