{"update_time":"2024-10-22 16:28:06.781713","data":{"esgChart":{"result":[{"peerGroup":"Software & Services","symbolSeries":{"timestamp":[1727740800],"esgScore":[22.36],"governanceScore":[8.41],"environmentScore":[1.5],"socialScore":[12.45]},"peerSeries":{"timestamp":[1727740800],"esgScore":[21.48289719626167],"governanceScore":[6.047160493827162],"environmentScore":[2.80037037037037],"socialScore":[9.712592592592593]}}],"error":null}}}