{"update_time":"2025-11-04 15:29:47.572725","data":{"esgChart":{"result":[{"peerGroup":"Software & Services","symbolSeries":{"timestamp":[1727740800,1730419200,1733011200],"esgScore":[26.47,26.47,26.47],"governanceScore":[0.0,0.0,0.0],"environmentScore":[0.0,0.0,0.0],"socialScore":[0.0,0.0,0.0]},"peerSeries":{"timestamp":[1727740800,1730419200,1733011200],"esgScore":[21.95,20.749752066115704,20.741456953642388],"governanceScore":[6.047160493827162,5.80553435114504,5.763629343629346],"environmentScore":[2.80037037037037,2.9668320610687022,2.974131274131274],"socialScore":[9.712592592592593,9.796335877862584,9.807606177606166]}}],"error":null}}}