{"update_time":"2024-12-03 12:46:50.618927","data":{"esgChart":{"result":[{"peerGroup":"Retailing","symbolSeries":{"timestamp":[1727740800,1730419200],"esgScore":[16.59,16.59],"governanceScore":[0.0,0.0],"environmentScore":[0.0,0.0],"socialScore":[0.0,0.0]},"peerSeries":{"timestamp":[1727740800,1730419200],"esgScore":[20.056984126984123,17.983197026022317],"governanceScore":[4.686111111111111,4.282136752136752],"environmentScore":[4.739999999999998,3.7912820512820513],"socialScore":[9.368888888888891,9.143760683760691]}}],"error":null}}}