{"update_time":"2024-12-18 16:46:03.556861","data":{"esgChart":{"result":[{"peerGroup":"Diversified Financials","symbolSeries":{"timestamp":[1727740800,1730419200,1733011200],"esgScore":[15.79,15.79,15.79],"governanceScore":[8.06,8.06,8.06],"environmentScore":[1.89,1.89,1.89],"socialScore":[5.84,5.84,5.84]},"peerSeries":{"timestamp":[1727740800,1730419200,1733011200],"esgScore":[27.30876923076923,23.972808988764058,23.876629213483152],"governanceScore":[10.350909090909092,9.909254658385091,9.883024691358026],"environmentScore":[1.6604545454545452,1.5136645962732904,1.5319753086419738],"socialScore":[10.07090909090909,8.95701863354037,8.920925925925925]}}],"error":null}}}