{"update_time":"2024-10-22 16:32:15.907907","data":{"esgChart":{"result":[{"peerGroup":"Diversified Financials","symbolSeries":{"timestamp":[1727740800],"esgScore":[15.79],"governanceScore":[8.06],"environmentScore":[1.89],"socialScore":[5.84]},"peerSeries":{"timestamp":[1727740800],"esgScore":[27.207460317460317],"governanceScore":[10.350909090909092],"environmentScore":[1.6604545454545452],"socialScore":[10.07090909090909]}}],"error":null}}}