{"update_time":"2025-04-28 12:39:42.728649","data":{"esgChart":{"result":[{"peerGroup":"Diversified Financials","symbolSeries":{"timestamp":[1727740800,1730419200,1733011200,1735689600,1738368000,1740787200,1743465600],"esgScore":[15.79,15.79,15.79,15.79,15.79,15.79,15.79],"governanceScore":[8.06,8.06,8.06,8.06,8.06,8.06,8.06],"environmentScore":[1.89,1.89,1.89,1.89,1.89,1.89,1.89],"socialScore":[5.84,5.84,5.84,5.84,5.84,5.84,5.84]},"peerSeries":{"timestamp":[1727740800,1730419200,1733011200,1735689600,1738368000,1740787200,1743465600],"esgScore":[27.30876923076923,23.972808988764058,23.876629213483152,23.837521126760574,23.7646218487395,23.696966292134835,23.842801120448176],"governanceScore":[10.350909090909092,9.909254658385091,9.883024691358026,9.851349693251533,9.830545454545454,9.820060240963855,9.915818181818183],"environmentScore":[1.6604545454545452,1.5136645962732904,1.5319753086419738,1.536012269938649,1.5576969696969685,1.552108433734939,1.6113939393939383],"socialScore":[10.07090909090909,8.95701863354037,8.920925925925925,8.88687116564417,8.852545454545453,8.899036144578309,8.895939393939388]}}],"error":null}}}