{"update_time":"2025-04-28 12:39:48.206979","data":{"esgChart":{"result":[{"peerGroup":"Commercial Services","symbolSeries":{"timestamp":[1727740800,1730419200],"esgScore":[18.24,18.24],"governanceScore":[0.0,0.0],"environmentScore":[0.0,0.0],"socialScore":[0.0,0.0]},"peerSeries":{"timestamp":[1727740800,1730419200],"esgScore":[20.095000000000006,17.10367441860465],"governanceScore":[3.901666666666667,4.026956521739131],"environmentScore":[4.173333333333333,2.467971014492754],"socialScore":[9.865,9.374637681159424]}}],"error":null}}}