{"update_time":"2024-12-03 12:47:14.592858","data":{"esgChart":{"result":[{"peerGroup":"Software & Services","symbolSeries":{"timestamp":[1730419200],"esgScore":[21.01],"governanceScore":[6.57],"environmentScore":[4.98],"socialScore":[9.46]},"peerSeries":{"timestamp":[1730419200],"esgScore":[20.749752066115704],"governanceScore":[5.80553435114504],"environmentScore":[2.9668320610687022],"socialScore":[9.796335877862584]}}],"error":null}}}