{"update_time":"2024-12-18 16:46:17.602862","data":{"esgChart":{"result":[{"peerGroup":"Steel","symbolSeries":{"timestamp":[1730419200,1733011200],"esgScore":[35.39,35.39],"governanceScore":[0.0,0.0],"environmentScore":[0.0,0.0],"socialScore":[0.0,0.0]},"peerSeries":{"timestamp":[1730419200,1733011200],"esgScore":[34.34549019607843,34.5152],"governanceScore":[5.75,5.6031818181818185],"environmentScore":[12.178181818181816,12.220454545454546],"socialScore":[11.872727272727275,11.68090909090909]}}],"error":null}}}