{"update_time":"2023-08-23 13:10:45.088629","data":{"esgChart":{"result":[{"peerGroup":"Australia Fund Equity Australia Large Blend","symbolSeries":{"timestamp":[1517443200,1519862400,1522540800,1525132800,1527811200,1530403200,1533081600,1535760000,1538352000],"esgScore":[59.43,59.34,59.79,59.65,59.8,59.8,59.32,59.35,59.35],"governanceScore":[61.72,61.75,62.12,61.75,61.85,61.85,61.15,61.25,61.25],"environmentScore":[55.9,55.71,55.99,56.0,56.34,56.34,56.11,56.26,56.26],"socialScore":[57.83,57.71,58.25,58.18,58.43,58.43,57.97,57.86,57.86]},"peerSeries":{"timestamp":[1517443200,1519862400,1522540800,1525132800,1527811200,1530403200,1533081600,1535760000,1538352000],"esgScore":[52.9478947368421,52.9821052631579,52.635789473684206,52.60947368421052,52.59842105263158,52.60210526315789,52.182631578947365,52.19578947368421,51.8855],"governanceScore":[60.74210526315789,60.84684210526316,60.76894736842106,60.73684210526314,60.466315789473676,60.47263157894736,60.04315789473684,60.0978947368421,59.9145],"environmentScore":[54.78894736842106,54.78157894736843,54.86052631578948,55.098947368421044,55.17526315789473,55.18631578947368,55.194736842105264,55.20157894736842,55.37449999999999],"socialScore":[56.973684210526315,57.06263157894737,57.21736842105264,57.369473684210526,57.40789473684212,57.40789473684212,56.94842105263159,56.79315789473684,56.588999999999984]}}],"error":null}}}