{"update_time":"2024-10-22 16:38:53.375035","data":{"esgChart":{"result":[{"peerGroup":"Software & Services","symbolSeries":{"timestamp":[1727740800],"esgScore":[12.84],"governanceScore":[3.96],"environmentScore":[0.92],"socialScore":[7.96]},"peerSeries":{"timestamp":[1727740800],"esgScore":[21.48289719626167],"governanceScore":[6.047160493827162],"environmentScore":[2.80037037037037],"socialScore":[9.712592592592593]}}],"error":null}}}