{"update_time":"2024-12-03 12:52:42.206014","data":{"esgChart":{"result":[{"peerGroup":"Transportation","symbolSeries":{"timestamp":[1727740800,1730419200],"esgScore":[38.87,38.87],"governanceScore":[0.0,0.0],"environmentScore":[0.0,0.0],"socialScore":[0.0,0.0]},"peerSeries":{"timestamp":[1727740800,1730419200],"esgScore":[24.091428571428565,22.98057471264368],"governanceScore":[4.704000000000001,5.127553191489362],"environmentScore":[6.514,7.5640425531914905],"socialScore":[8.556000000000001,9.61404255319149]}}],"error":null}}}