{"update_time":"2024-12-18 16:56:04.622938","data":{"esgChart":{"result":[{"peerGroup":"Food Retailers","symbolSeries":{"timestamp":[1730419200,1733011200],"esgScore":[17.7,17.7],"governanceScore":[3.6,3.6],"environmentScore":[6.22,6.22],"socialScore":[7.88,7.88]},"peerSeries":{"timestamp":[1730419200,1733011200],"esgScore":[21.42108108108108,21.799054054054057],"governanceScore":[4.581666666666668,4.586904761904763],"environmentScore":[6.4678571428571425,6.465714285714284],"socialScore":[10.541904761904762,10.531904761904762]}}],"error":null}}}