{"update_time":"2024-12-03 12:53:00.324797","data":{"esgChart":{"result":[{"peerGroup":"Food Retailers","symbolSeries":{"timestamp":[1730419200],"esgScore":[17.7],"governanceScore":[3.6],"environmentScore":[6.22],"socialScore":[7.88]},"peerSeries":{"timestamp":[1730419200],"esgScore":[21.42108108108108],"governanceScore":[4.581666666666668],"environmentScore":[6.4678571428571425],"socialScore":[10.541904761904762]}}],"error":null}}}