{"update_time":"2025-08-25 22:46:04.309140","data":{"esgChart":{"result":[{"peerGroup":"Transportation","symbolSeries":{"timestamp":[1754006400],"esgScore":[39.21],"governanceScore":[0.0],"environmentScore":[0.0],"socialScore":[0.0]},"peerSeries":{"timestamp":[1754006400],"esgScore":[23.170239520958084],"governanceScore":[5.000752688172043],"environmentScore":[6.950860215053763],"socialScore":[9.915161290322578]}}],"error":null}}}