{"update_time":"2025-11-04 15:33:59.027511","data":{"esgChart":{"result":[{"peerGroup":"Transportation","symbolSeries":{"timestamp":[1754006400,1756684800,1759276800],"esgScore":[39.21,39.21,38.76],"governanceScore":[0.0,0.0,0.0],"environmentScore":[0.0,0.0,0.0],"socialScore":[0.0,0.0,0.0]},"peerSeries":{"timestamp":[1754006400,1756684800,1759276800],"esgScore":[23.170239520958084,23.272455089820358,22.775688622754487],"governanceScore":[5.000752688172043,4.983870967741936,4.801182795698926],"environmentScore":[6.950860215053763,6.910215053763439,6.893655913978493],"socialScore":[9.915161290322578,10.074623655913975,9.681290322580644]}}],"error":null}}}