{"update_time":"2025-11-04 15:34:36.056031","data":{"esgChart":{"result":[{"peerGroup":"US CE Large Growth","symbolSeries":{"timestamp":[1517443200,1519862400,1522540800,1525132800,1527811200,1530403200,1533081600,1535760000,1538352000,1541030400,1543622400,1546300800,1548979200,1551398400,1554076800,1556668800,1559347200,1561939200,1564617600,1567296000,1569888000,1572566400,1575158400,1577836800,1580515200,1583020800,1585699200,1588291200,1590969600,1593561600,1596240000,1598918400,1601510400,1604188800,1606780800],"esgScore":[53.69,53.69,53.72,53.72,53.72,53.79,53.79,53.92,53.92,53.92,53.92,54.15,null,null,null,null,null,null,null,null,null,null,null,null,null,null,null,null,null,23.17,22.95,22.85,22.55,22.42,22.31],"governanceScore":[51.56,51.56,51.71,51.71,51.71,51.68,51.68,51.71,51.71,51.71,51.71,51.57,null,null,null,null,null,null,null,null,null,null,null,null,null,null,null,null,null,8.18,8.11,8.03,7.93,7.91,7.91],"environmentScore":[54.37,54.37,54.44,54.44,54.44,54.55,54.55,54.84,54.84,54.84,54.84,54.88,null,null,null,null,null,null,null,null,null,null,null,null,null,null,null,null,null,4.1,4.11,4.15,4.16,4.07,4.03],"socialScore":[52.65,52.65,52.63,52.63,52.63,52.77,52.77,52.83,52.83,52.83,52.83,53.36,null,null,null,null,null,null,null,null,null,null,null,null,null,null,null,null,null,10.73,10.58,10.51,10.28,10.25,10.19]},"peerSeries":{"timestamp":[1517443200,1519862400,1522540800,1525132800,1527811200,1530403200,1533081600,1535760000,1538352000,1541030400,1543622400,1546300800,1548979200,1551398400,1554076800,1556668800,1559347200,1561939200,1564617600,1567296000,1569888000,1572566400,1575158400,1577836800,1580515200,1583020800,1585699200,1588291200,1590969600,1593561600,1596240000,1598918400,1601510400,1604188800,1606780800],"esgScore":[45.870000000000005,45.870000000000005,45.440000000000005,45.440000000000005,45.14333333333334,45.20000000000001,45.190000000000005,45.330000000000005,45.419999999999995,45.419999999999995,45.419999999999995,45.61666666666667,null,null,null,null,null,null,null,23.689999999999998,22.795,23.147499999999997,23.082499999999996,23.085,22.982499999999998,22.9175,22.6975,22.814999999999998,22.615,22.494999999999997,22.17,22.047500000000003,21.91,21.5,21.4525],"governanceScore":[49.84,49.84,49.903333333333336,49.903333333333336,49.64000000000001,49.63,49.48,49.73666666666667,49.49333333333334,49.49333333333334,49.49333333333334,49.89333333333334,null,null,null,null,null,null,null,8.040000000000001,7.8975,7.747499999999999,7.7275,7.7524999999999995,7.745,7.705000000000001,7.742499999999999,7.765,7.7025,7.6850000000000005,7.6225,7.5675,7.659999999999999,7.5875,7.58],"environmentScore":[52.63666666666666,52.63666666666666,52.339999999999996,52.339999999999996,52.303333333333335,52.339999999999996,52.35333333333333,52.36000000000001,52.366666666666674,52.366666666666674,52.366666666666674,52.14666666666667,null,null,null,null,null,null,null,4.9350000000000005,4.08,4.16,4.1499999999999995,4.07,4.015,3.96,3.82,3.7975,3.7475,3.7624999999999997,3.7325,3.6950000000000003,3.325,3.28,3.2625],"socialScore":[51.1,51.1,50.69,50.69,50.52333333333333,50.57,50.449999999999996,50.42666666666667,50.56,50.56,50.56,50.330000000000005,null,null,null,null,null,null,null,10.71,10.0375,10.4475,10.412500000000001,10.42,10.379999999999999,10.407499999999999,10.52,10.6525,10.5975,10.4425,10.2075,10.175,10.125,9.825,9.845]}}],"error":null}}}