{"update_time":"2024-12-03 12:57:52.517148","data":{"esgChart":{"result":[{"peerGroup":"Food Retailers","symbolSeries":{"timestamp":[1730419200],"esgScore":[13.86],"governanceScore":[2.33],"environmentScore":[4.88],"socialScore":[6.65]},"peerSeries":{"timestamp":[1730419200],"esgScore":[21.42108108108108],"governanceScore":[4.581666666666668],"environmentScore":[6.4678571428571425],"socialScore":[10.541904761904762]}}],"error":null}}}