{"update_time":"2025-11-04 15:35:10.641963","data":{"esgChart":{"result":[{"peerGroup":"Construction Materials","symbolSeries":{"timestamp":[1727740800,1730419200,1733011200,1735689600,1738368000,1740787200,1743465600,1746057600,1748736000,1751328000,1754006400,1756684800,1759276800],"esgScore":[38.68,39.76,39.76,39.76,39.76,39.76,39.76,39.76,39.76,39.76,39.76,36.04,36.04],"governanceScore":[0.0,0.0,0.0,0.0,0.0,0.0,0.0,0.0,0.0,0.0,0.0,0.0,0.0],"environmentScore":[0.0,0.0,0.0,0.0,0.0,0.0,0.0,0.0,0.0,0.0,0.0,0.0,0.0],"socialScore":[0.0,0.0,0.0,0.0,0.0,0.0,0.0,0.0,0.0,0.0,0.0,0.0,0.0]},"peerSeries":{"timestamp":[1727740800,1730419200,1733011200,1735689600,1738368000,1740787200,1743465600,1746057600,1748736000,1751328000,1754006400,1756684800,1759276800],"esgScore":[38.68,29.912439024390242,30.169756097560978,29.982682926829273,29.99170731707317,30.158250000000002,30.31475000000001,29.054594594594594,29.715750000000007,29.898250000000008,29.69400000000001,29.46025000000001,29.15205128205128],"governanceScore":[null,6.805238095238095,6.77,6.714285714285714,6.714285714285714,6.744761904761904,6.828636363636363,6.42625,6.679600000000001,6.760000000000001,6.707083333333333,6.681666666666666,6.531304347826086],"environmentScore":[null,14.497142857142856,14.42,14.068571428571426,14.063809523809523,14.116666666666665,14.033636363636363,13.83083333333333,13.677999999999999,13.95125,14.01833333333333,14.087499999999999,13.91391304347826],"socialScore":[null,6.2476190476190485,6.190952380952382,6.211428571428572,6.212380952380952,6.080952380952381,6.2245454545454555,6.111250000000001,6.274000000000001,6.399583333333333,6.149583333333333,6.178750000000001,5.928695652173913]}}],"error":null}}}