{"update_time":"2025-04-28 12:47:38.137212","data":{"esgChart":{"result":[{"peerGroup":"Telecommunication Services","symbolSeries":{"timestamp":[1730419200,1733011200,1735689600,1738368000,1740787200,1743465600],"esgScore":[32.01,32.01,32.01,32.29,32.29,32.29],"governanceScore":[0.0,0.0,0.0,0.0,0.0,0.0],"environmentScore":[0.0,0.0,0.0,0.0,0.0,0.0],"socialScore":[0.0,0.0,0.0,0.0,0.0,0.0]},"peerSeries":{"timestamp":[1730419200,1733011200,1735689600,1738368000,1740787200,1743465600],"esgScore":[24.555,24.7564,24.688999999999997,24.582277227722766,24.56039603960395,24.65169999999999],"governanceScore":[5.281896551724136,5.3772881355932185,5.321355932203388,5.381525423728813,5.36050847457627,5.29017543859649],"environmentScore":[4.940172413793102,5.01322033898305,5.045593220338982,5.03593220338983,5.000338983050847,4.977894736842106],"socialScore":[10.787413793103452,10.901016949152545,11.034576271186442,11.12406779661017,11.132372881355932,11.177368421052632]}}],"error":null}}}