{"update_time":"2025-04-28 12:47:40.907801","data":{"esgChart":{"result":[{"peerGroup":"Household Products","symbolSeries":{"timestamp":[1730419200,1733011200,1735689600,1738368000,1740787200,1743465600],"esgScore":[28.53,28.53,32.36,32.36,32.36,32.36],"governanceScore":[0.0,0.0,0.0,0.0,0.0,0.0],"environmentScore":[0.0,0.0,0.0,0.0,0.0,0.0],"socialScore":[0.0,0.0,0.0,0.0,0.0,0.0]},"peerSeries":{"timestamp":[1730419200,1733011200,1735689600,1738368000,1740787200,1743465600],"esgScore":[26.09235294117646,26.57921568627451,26.544199999999993,26.662549019607837,26.6313725490196,26.79999999999999],"governanceScore":[5.808387096774195,5.795806451612905,5.872903225806452,5.8403125000000005,5.813125,5.850967741935484],"environmentScore":[9.74548387096774,9.716774193548385,9.632580645161289,9.5884375,9.621250000000002,9.62935483870968],"socialScore":[9.734516129032256,9.688387096774191,9.623870967741933,9.574375,9.543124999999998,9.53064516129032]}}],"error":null}}}