{"update_time":"2024-12-03 12:57:56.372970","data":{"esgChart":{"result":[{"peerGroup":"Household Products","symbolSeries":{"timestamp":[1730419200],"esgScore":[28.53],"governanceScore":[0.0],"environmentScore":[0.0],"socialScore":[0.0]},"peerSeries":{"timestamp":[1730419200],"esgScore":[26.09235294117646],"governanceScore":[5.808387096774195],"environmentScore":[9.74548387096774],"socialScore":[9.734516129032256]}}],"error":null}}}