{"update_time":"2024-12-03 12:58:06.299987","data":{"esgChart":{"result":[{"peerGroup":"Consumer Services","symbolSeries":{"timestamp":[1730419200],"esgScore":[18.42],"governanceScore":[0.0],"environmentScore":[0.0],"socialScore":[0.0]},"peerSeries":{"timestamp":[1730419200],"esgScore":[24.887383177570083],"governanceScore":[5.635421686746988],"environmentScore":[6.204698795180725],"socialScore":[10.488795180722889]}}],"error":null}}}