{"update_time":"2024-12-03 12:58:13.876542","data":{"esgChart":{"result":[{"peerGroup":"Food Products","symbolSeries":{"timestamp":[1730419200],"esgScore":[40.8],"governanceScore":[0.0],"environmentScore":[0.0],"socialScore":[0.0]},"peerSeries":{"timestamp":[1730419200],"esgScore":[30.339107142857163],"governanceScore":[5.0987068965517235],"environmentScore":[11.703275862068962],"socialScore":[11.015603448275856]}}],"error":null}}}