{"update_time":"2025-03-04 18:43:16.419121","data":{"esgChart":{"result":[{"peerGroup":"Diversified Metals","symbolSeries":{"timestamp":[1727740800,1730419200,1733011200,1735689600,1738368000],"esgScore":[45.28,45.28,45.28,45.28,45.28],"governanceScore":[5.24,5.24,5.24,5.24,5.24],"environmentScore":[22.33,22.33,22.33,22.33,22.33],"socialScore":[17.71,17.71,17.71,17.71,17.71]},"peerSeries":{"timestamp":[1727740800,1730419200,1733011200,1735689600,1738368000],"esgScore":[43.541428571428575,37.42411764705881,37.63224999999998,37.825289256198324,37.922644628099135],"governanceScore":[7.045,5.9679629629629645,5.966607142857144,5.989824561403509,6.003571428571429],"environmentScore":[15.509999999999998,14.932962962962959,15.219285714285713,15.47017543859649,15.322142857142854],"socialScore":[13.309999999999999,11.432592592592588,11.48892857142857,11.67017543859649,11.539107142857143]}}],"error":null}}}