{"update_time":"2024-12-03 12:58:15.702727","data":{"esgChart":{"result":[{"peerGroup":"Diversified Metals","symbolSeries":{"timestamp":[1727740800,1730419200],"esgScore":[45.28,45.28],"governanceScore":[5.24,5.24],"environmentScore":[22.33,22.33],"socialScore":[17.71,17.71]},"peerSeries":{"timestamp":[1727740800,1730419200],"esgScore":[43.541428571428575,37.42411764705881],"governanceScore":[7.045,5.9679629629629645],"environmentScore":[15.509999999999998,14.932962962962959],"socialScore":[13.309999999999999,11.432592592592588]}}],"error":null}}}