{"update_time":"2024-12-18 17:01:40.975789","data":{"esgChart":{"result":[{"peerGroup":"Banks","symbolSeries":{"timestamp":[1730419200,1733011200],"esgScore":[26.61,26.61],"governanceScore":[10.48,10.48],"environmentScore":[3.68,3.68],"socialScore":[12.45,12.45]},"peerSeries":{"timestamp":[1730419200,1733011200],"esgScore":[26.026034858387803,26.028449781659383],"governanceScore":[9.488187134502924,9.40505882352941],"environmentScore":[1.3997660818713453,1.3817058823529411],"socialScore":[9.820935672514619,9.813294117647057]}}],"error":null}}}