{"update_time":"2024-12-03 12:58:25.636807","data":{"esgChart":{"result":[{"peerGroup":"Banks","symbolSeries":{"timestamp":[1730419200],"esgScore":[26.61],"governanceScore":[10.48],"environmentScore":[3.68],"socialScore":[12.45]},"peerSeries":{"timestamp":[1730419200],"esgScore":[26.026034858387803],"governanceScore":[9.488187134502924],"environmentScore":[1.3997660818713453],"socialScore":[9.820935672514619]}}],"error":null}}}