{"update_time":"2025-04-28 12:48:28.383210","data":{"esgChart":{"result":[{"peerGroup":"Banks","symbolSeries":{"timestamp":[1730419200,1733011200,1735689600,1738368000,1740787200,1743465600],"esgScore":[26.61,26.61,26.61,26.61,28.46,28.46],"governanceScore":[10.48,10.48,10.48,10.48,12.53,12.53],"environmentScore":[3.68,3.68,3.68,3.68,3.64,3.64],"socialScore":[12.45,12.45,12.45,12.45,12.29,12.29]},"peerSeries":{"timestamp":[1730419200,1733011200,1735689600,1738368000,1740787200,1743465600],"esgScore":[26.026034858387803,26.028449781659383,26.076557017543845,26.123788546255494,26.301475770925087,26.405723684210503],"governanceScore":[9.488187134502924,9.40505882352941,9.388411764705879,9.35289940828402,9.33707602339181,9.32255813953488],"environmentScore":[1.3997660818713453,1.3817058823529411,1.362764705882353,1.3463313609467453,1.3215204678362569,1.3113953488372088],"socialScore":[9.820935672514619,9.813294117647057,10.01094117647059,9.98242603550296,10.048771929824564,10.060639534883723]}}],"error":null}}}