{"update_time":"2024-12-03 12:58:31.503822","data":{"esgChart":{"result":[{"peerGroup":"Consumer Services","symbolSeries":{"timestamp":[1730419200],"esgScore":[26.13],"governanceScore":[4.38],"environmentScore":[10.56],"socialScore":[11.19]},"peerSeries":{"timestamp":[1730419200],"esgScore":[24.887383177570083],"governanceScore":[5.635421686746988],"environmentScore":[6.204698795180725],"socialScore":[10.488795180722889]}}],"error":null}}}