{"update_time":"2025-08-25 22:48:42.201219","data":{"esgChart":{"result":[{"peerGroup":"Banks","symbolSeries":{"timestamp":[1743465600,1746057600,1748736000,1751328000,1754006400],"esgScore":[38.24,38.24,38.24,38.24,38.24],"governanceScore":[0.0,0.0,0.0,0.0,0.0],"environmentScore":[0.0,0.0,0.0,0.0,0.0],"socialScore":[0.0,0.0,0.0,0.0,0.0]},"peerSeries":{"timestamp":[1743465600,1746057600,1748736000,1751328000,1754006400],"esgScore":[26.37098468271332,26.419109131403097,26.487653508771903,26.764879120879108,26.718928571428563],"governanceScore":[9.294855491329477,9.2591124260355,9.22444444444444,9.146725146198825,9.04630952380952],"environmentScore":[1.3063005780346817,1.2965680473372778,1.2915789473684207,1.2756140350877192,1.243690476190476],"socialScore":[10.034682080924856,10.079704142011835,10.11029239766082,10.166959064327488,10.260654761904764]}}],"error":null}}}