{"update_time":"2024-01-20 15:25:21.643006","data":{"esgChart":{"result":[{"peerGroup":"Telecommunication Services","symbolSeries":{"timestamp":[1493596800,1496275200,1498867200,1501545600,1504224000,1506816000,1509494400,1512086400,1514764800,1517443200,1519862400,1522540800,1525132800,1527811200,1530403200,1533081600,1535760000,1538352000,1541030400,1543622400,1546300800,1548979200,1551398400,1554076800,1556668800,1559347200,1561939200],"esgScore":[53.99,53.99,null,53.99,60.25,58.06,58.06,58.06,58.06,58.06,58.06,57.12,57.12,57.12,57.12,54.07,54.07,54.07,54.07,54.07,54.07,54.07,54.07,54.07,54.07,54.07,54.07],"governanceScore":[61.45,61.45,null,61.45,69.45,69.65,69.65,69.65,69.65,69.65,69.65,69.65,69.65,69.65,69.65,61.65,61.65,61.65,61.65,61.65,61.65,61.65,61.65,61.65,61.65,61.65,61.65],"environmentScore":[47.25,47.25,null,47.25,50.58,51.83,51.83,51.83,51.83,51.83,51.83,51.83,51.83,51.83,51.83,50.17,50.17,50.17,50.17,50.17,50.17,50.17,50.17,50.17,50.17,50.17,50.17],"socialScore":[54.34,54.34,null,54.34,61.58,55.78,55.78,55.78,55.78,55.78,55.78,53.67,53.67,53.67,53.67,52.46,52.46,52.46,52.46,52.46,52.46,52.46,52.46,52.46,52.46,52.46,52.46]},"peerSeries":{"timestamp":[1493596800,1496275200,1498867200,1501545600,1504224000,1506816000,1509494400,1512086400,1514764800,1517443200,1519862400,1522540800,1525132800,1527811200,1530403200,1533081600,1535760000,1538352000,1541030400,1543622400,1546300800,1548979200,1551398400,1554076800,1556668800,1559347200,1561939200],"esgScore":[62.03158730158731,62.17857142857143,62.36709677419354,62.60015873015873,62.69253968253968,62.40523809523811,62.40603174603176,62.457142857142884,62.41190476190478,62.424126984127,62.43968253968256,62.66306451612906,62.718064516129054,62.956290322580664,62.29220588235297,63.25516129032259,63.76322580645162,63.859677419354846,63.83032258064517,64.0933870967742,63.78031746031747,63.83140625,63.95781249999998,64.03437499999998,64.08968749999998,64.16703125000001,64.23828125],"governanceScore":[70.07285714285716,70.43714285714287,70.48741935483874,70.8266666666667,71.22539682539687,68.71825396825399,68.77380952380953,68.6436507936508,68.82460317460318,68.87873015873018,68.87873015873018,68.80016129032258,68.73806451612901,68.80048387096772,68.70485294117645,68.8814516129032,69.13548387096772,69.29677419354837,69.28870967741935,69.54451612903225,69.25333333333332,69.31953124999998,69.37828124999999,69.44859375,69.52953124999999,69.58500000000001,69.6178125],"environmentScore":[64.57761904761905,64.59285714285714,65.09435483870968,65.09492063492063,65.06095238095237,66.58412698412698,66.65603174603176,66.76634920634922,66.63396825396826,66.63396825396826,66.63396825396826,67.04951612903226,67.14048387096774,67.4709677419355,66.00279411764707,67.62919354838711,68.2667741935484,68.42306451612903,68.46193548387096,68.68064516129031,68.34126984126982,68.56374999999998,68.7603125,68.84687499999998,68.86953125,69.03640625000001,69.17968750000001],"socialScore":[55.85968253968253,55.973650793650776,56.02967741935482,56.358888888888885,56.36555555555555,56.101111111111095,56.02349206349204,56.135555555555534,56.02285714285712,56.020158730158705,56.05460317460315,56.31709677419353,56.413064516129026,56.68790322580646,56.24485294117647,57.203225806451606,57.766774193548386,57.78693548387096,57.700161290322576,57.997096774193544,57.68952380952381,57.6175,57.73421874999999,57.806874999999984,57.87015624999999,57.90109374999998,57.94640624999998]}}],"error":null}}}