{"update_time":"2024-12-03 12:59:10.860573","data":{"esgChart":{"result":[{"peerGroup":"Oil & Gas Producers","symbolSeries":{"timestamp":[1730419200],"esgScore":[25.76],"governanceScore":[3.23],"environmentScore":[15.11],"socialScore":[7.42]},"peerSeries":{"timestamp":[1730419200],"esgScore":[40.66664670658685],"governanceScore":[6.480229885057474],"environmentScore":[21.059310344827583],"socialScore":[9.211034482758624]}}],"error":null}}}