{"update_time":"2024-12-18 17:06:49.101955","data":{"esgChart":{"result":[{"peerGroup":"Real Estate","symbolSeries":{"timestamp":[1730419200,1733011200],"esgScore":[13.92,13.92],"governanceScore":[4.27,4.27],"environmentScore":[4.3,4.3],"socialScore":[5.35,5.35]},"peerSeries":{"timestamp":[1730419200,1733011200],"esgScore":[15.647762645914394,15.964171539961017],"governanceScore":[5.357873303167427,5.360818181818187],"environmentScore":[3.6234389140271506,3.686590909090909],"socialScore":[3.8858371040723987,3.885545454545455]}}],"error":null}}}