{"update_time":"2025-09-02 15:47:45.796847","data":{"esgChart":{"result":[{"peerGroup":"Consumer Services","symbolSeries":{"timestamp":[1751328000,1754006400],"esgScore":[32.65,32.65],"governanceScore":[6.96,6.96],"environmentScore":[13.13,13.13],"socialScore":[12.57,12.57]},"peerSeries":{"timestamp":[1751328000,1754006400],"esgScore":[24.918476190476188,24.84644549763032],"governanceScore":[5.301264367816091,5.319550561797752],"environmentScore":[6.844022988505746,6.882584269662921],"socialScore":[10.615862068965516,10.569887640449435]}}],"error":null}}}