{"update_time":"2025-03-04 18:44:54.359493","data":{"esgChart":{"result":[{"peerGroup":"Diversified Financials","symbolSeries":{"timestamp":[1727740800,1730419200,1733011200,1735689600,1738368000],"esgScore":[31.21,31.21,31.21,31.21,31.21],"governanceScore":[14.78,14.78,14.78,14.78,14.78],"environmentScore":[3.12,3.12,3.12,3.12,3.12],"socialScore":[13.32,13.32,13.32,13.32,13.32]},"peerSeries":{"timestamp":[1727740800,1730419200,1733011200,1735689600,1738368000],"esgScore":[27.30876923076923,23.972808988764058,23.876629213483152,23.837521126760574,23.7646218487395],"governanceScore":[10.350909090909092,9.909254658385091,9.883024691358026,9.851349693251533,9.830545454545454],"environmentScore":[1.6604545454545452,1.5136645962732904,1.5319753086419738,1.536012269938649,1.5576969696969685],"socialScore":[10.07090909090909,8.95701863354037,8.920925925925925,8.88687116564417,8.852545454545453]}}],"error":null}}}