{"update_time":"2024-12-03 13:00:06.944745","data":{"esgChart":{"result":[{"peerGroup":"Machinery","symbolSeries":{"timestamp":[1730419200],"esgScore":[23.93],"governanceScore":[3.68],"environmentScore":[6.17],"socialScore":[14.08]},"peerSeries":{"timestamp":[1730419200],"esgScore":[26.047604562737625],"governanceScore":[5.495258620689656],"environmentScore":[7.634913793103447],"socialScore":[10.773534482758619]}}],"error":null}}}