{"update_time":"2024-12-18 17:07:41.366731","data":{"esgChart":{"result":[{"peerGroup":"Industrial Conglomerates","symbolSeries":{"timestamp":[1730419200,1733011200],"esgScore":[37.99,37.99],"governanceScore":[8.08,8.08],"environmentScore":[14.91,14.91],"socialScore":[15.0,15.0]},"peerSeries":{"timestamp":[1730419200,1733011200],"esgScore":[37.3240625,37.758593749999996],"governanceScore":[7.343488372093021,7.357906976744184],"environmentScore":[15.374186046511626,15.443255813953485],"socialScore":[13.69418604651163,13.64139534883721]}}],"error":null}}}