{"update_time":"2024-12-03 13:00:18.177468","data":{"esgChart":{"result":[{"peerGroup":"Industrial Conglomerates","symbolSeries":{"timestamp":[1730419200],"esgScore":[37.99],"governanceScore":[8.08],"environmentScore":[14.91],"socialScore":[15.0]},"peerSeries":{"timestamp":[1730419200],"esgScore":[37.3240625],"governanceScore":[7.343488372093021],"environmentScore":[15.374186046511626],"socialScore":[13.69418604651163]}}],"error":null}}}