{"update_time":"2025-11-04 15:38:56.662558","data":{"esgChart":{"result":[{"peerGroup":"Industrial Conglomerates","symbolSeries":{"timestamp":[1730419200,1733011200,1735689600,1738368000,1740787200,1743465600,1746057600,1748736000,1751328000,1754006400,1756684800,1759276800],"esgScore":[37.99,37.99,37.99,37.99,37.99,37.99,39.24,39.24,39.05,39.05,39.05,39.05],"governanceScore":[8.08,8.08,8.08,8.08,8.08,8.08,7.72,7.72,7.72,7.72,7.72,7.72],"environmentScore":[14.91,14.91,14.91,14.91,14.91,14.91,17.15,17.15,16.96,16.96,16.96,16.96],"socialScore":[15.0,15.0,15.0,15.0,15.0,15.0,14.37,14.37,14.37,14.37,14.37,14.37]},"peerSeries":{"timestamp":[1730419200,1733011200,1735689600,1738368000,1740787200,1743465600,1746057600,1748736000,1751328000,1754006400,1756684800,1759276800],"esgScore":[37.3240625,37.758593749999996,37.69603174603174,37.90793650793651,38.248709677419356,38.30677419354838,38.18409836065574,38.602903225806465,38.84062500000001,38.34076923076925,37.534264705882364,37.05029411764706],"governanceScore":[7.343488372093021,7.357906976744184,7.295,7.302380952380952,7.409024390243901,7.386829268292682,7.420243902439025,7.637317073170731,7.774186046511627,7.747500000000001,7.438510638297872,6.970638297872342],"environmentScore":[15.374186046511626,15.443255813953485,15.302619047619043,15.302619047619043,15.289268292682927,15.356829268292683,15.396829268292683,15.506341463414634,15.48441860465117,14.959318181818183,14.011276595744683,14.068723404255318],"socialScore":[13.69418604651163,13.64139534883721,13.502380952380953,13.509523809523811,13.454634146341466,13.496585365853658,13.465365853658538,13.453658536585367,13.429534883720931,13.319318181818183,13.407872340425534,13.175744680851064]}}],"error":null}}}