{"update_time":"2025-11-04 15:38:59.931286","data":{"esgChart":{"result":[{"peerGroup":"Canada Fund Global Equity","symbolSeries":{"timestamp":[1517443200,1519862400,1522540800,1525132800,1527811200,1530403200,1533081600,1535760000,1538352000,1541030400],"esgScore":[49.24,48.94,48.94,49.21,49.21,49.21,49.07,49.07,49.07,49.07],"governanceScore":[50.93,50.88,50.88,51.19,51.19,51.19,50.96,50.96,50.96,50.96],"environmentScore":[52.47,52.34,52.34,52.07,52.07,52.07,52.41,52.41,52.41,52.41],"socialScore":[51.4,51.16,51.16,52.11,52.11,52.11,51.63,51.63,51.63,51.63]},"peerSeries":{"timestamp":[1517443200,1519862400,1522540800,1525132800,1527811200,1530403200,1533081600,1535760000,1538352000,1541030400],"esgScore":[48.08970588235294,48.089558823529444,48.04367647058825,48.43514705882352,48.540153846153835,48.46926470588236,48.48420289855074,48.63202898550728,48.31392156862745,48.22891089108911],"governanceScore":[52.9420588235294,52.8919117647059,52.70426470588236,52.89132352941175,52.66846153846154,52.77250000000001,52.56811594202898,52.74753623188406,52.78029411764707,52.7558415841584],"environmentScore":[55.60897058823529,55.70058823529411,55.757647058823515,56.086176470588214,56.28384615384613,56.11294117647056,56.00927536231886,56.12275362318842,55.57882352941173,55.41435643564356],"socialScore":[53.581176470588254,53.80676470588233,53.767205882352926,54.01529411764706,54.25615384615389,54.094558823529454,54.23115942028986,54.22289855072463,53.82392156862744,53.79198019801981]}}],"error":null}}}