{"update_time":"2025-03-04 18:45:48.523984","data":{"esgChart":{"result":[{"peerGroup":"Oil & Gas Producers","symbolSeries":{"timestamp":[1733011200,1735689600,1738368000],"esgScore":[21.97,21.97,21.97],"governanceScore":[0.0,0.0,0.0],"environmentScore":[0.0,0.0,0.0],"socialScore":[0.0,0.0,0.0]},"peerSeries":{"timestamp":[1733011200,1735689600,1738368000],"esgScore":[41.42005988023955,42.098095238095254,42.161030303030316],"governanceScore":[6.490000000000001,6.4275581395348835,6.5607058823529405],"environmentScore":[21.17788235294117,21.36744186046511,21.21023529411765],"socialScore":[9.294705882352947,9.480930232558144,9.672941176470594]}}],"error":null}}}