{"update_time":"2024-12-18 17:11:51.777425","data":{"esgChart":{"result":[{"peerGroup":"Oil & Gas Producers","symbolSeries":{"timestamp":[1733011200],"esgScore":[21.97],"governanceScore":[0.0],"environmentScore":[0.0],"socialScore":[0.0]},"peerSeries":{"timestamp":[1733011200],"esgScore":[41.38915662650605],"governanceScore":[6.490000000000001],"environmentScore":[21.17788235294117],"socialScore":[9.294705882352947]}}],"error":null}}}