{"update_time":"2025-04-28 12:54:01.896206","data":{"esgChart":{"result":[{"peerGroup":"Oil & Gas Producers","symbolSeries":{"timestamp":[1733011200,1735689600,1738368000,1740787200,1743465600],"esgScore":[21.97,21.97,21.97,21.97,21.97],"governanceScore":[0.0,0.0,0.0,0.0,0.0],"environmentScore":[0.0,0.0,0.0,0.0,0.0],"socialScore":[0.0,0.0,0.0,0.0,0.0]},"peerSeries":{"timestamp":[1733011200,1735689600,1738368000,1740787200,1743465600],"esgScore":[41.42005988023955,42.098095238095254,42.161030303030316,42.18831325301206,42.68060240963856],"governanceScore":[6.490000000000001,6.4275581395348835,6.5607058823529405,6.5386046511627915,6.5938823529411765],"environmentScore":[21.17788235294117,21.36744186046511,21.21023529411765,21.24779069767442,21.494823529411775],"socialScore":[9.294705882352947,9.480930232558144,9.672941176470594,9.766860465116286,9.901529411764711]}}],"error":null}}}