{"update_time":"2024-12-03 13:00:39.159502","data":{"esgChart":{"result":[{"peerGroup":"Technology Hardware","symbolSeries":{"timestamp":[1730419200],"esgScore":[11.06],"governanceScore":[3.2],"environmentScore":[3.27],"socialScore":[4.59]},"peerSeries":{"timestamp":[1730419200],"esgScore":[15.839243697478981],"governanceScore":[4.913255813953486],"environmentScore":[3.148139534883721],"socialScore":[5.26174418604651]}}],"error":null}}}