{"update_time":"2023-06-11 05:42:13.810560","data":{"esgChart":{"result":[{"peerGroup":"US Fund Communications","symbolSeries":{"timestamp":[1501545600,1504224000,1506816000,1509494400,1512086400,1514764800,1517443200,1519862400,1522540800,1525132800,1527811200,1530403200,1533081600,1535760000,1538352000,1541030400,1543622400,1546300800,1548979200,1551398400,1554076800,1556668800,1559347200,1561939200,1564617600,1567296000,1569888000,1572566400,1575158400,1577836800,1580515200,1583020800,1585699200,1588291200,1590969600,1593561600,1596240000,1598918400,1601510400,1604188800,1606780800],"esgScore":[47.01,47.56,48.18,48.55,48.45,48.92,49.01,48.65,49.66,49.9,50.44,50.44,50.01,50.25,50.63,50.58,50.23,50.69,null,null,null,null,null,null,null,null,null,null,null,null,null,null,null,null,null,24.37,22.7,22.72,22.84,22.77,22.55],"governanceScore":[52.65,53.71,54.16,54.28,54.07,54.12,54.12,52.81,47.54,43.72,40.98,40.98,39.09,39.51,39.54,38.8,38.02,38.99,null,null,null,null,null,null,null,null,null,null,null,null,null,null,null,null,null,9.36,9.24,9.31,9.43,9.29,9.21],"environmentScore":[55.62,56.15,57.13,57.05,56.99,57.09,57.09,56.77,56.16,55.38,55.32,55.32,54.35,54.66,55.87,55.81,55.42,55.17,null,null,null,null,null,null,null,null,null,null,null,null,null,null,null,null,null,1.25,1.13,1.17,1.16,1.14,1.08],"socialScore":[48.09,48.49,49.31,49.11,49.05,49.21,49.25,49.08,51.89,52.99,54.2,54.2,54.02,53.98,54.21,54.21,54.16,53.8,null,null,null,null,null,null,null,null,null,null,null,null,null,null,null,null,null,12.06,10.64,10.76,10.78,10.68,10.53]},"peerSeries":{"timestamp":[1501545600,1504224000,1506816000,1509494400,1512086400,1514764800,1517443200,1519862400,1522540800,1525132800,1527811200,1530403200,1533081600,1535760000,1538352000,1541030400,1543622400,1546300800,1548979200,1551398400,1554076800,1556668800,1559347200,1561939200,1564617600,1567296000,1569888000,1572566400,1575158400,1577836800,1580515200,1583020800,1585699200,1588291200,1590969600,1593561600,1596240000,1598918400,1601510400,1604188800,1606780800],"esgScore":[44.999259259259254,45.281851851851854,45.70148148148149,46.034074074074084,45.71148148148149,45.84370370370371,45.599393939393956,45.299705882352946,45.49499999999999,45.29166666666667,45.131935483870976,45.223714285714294,44.50666666666668,44.699444444444445,44.53333333333334,43.77837837837836,43.48918918918917,43.32757575757575,null,49.51,null,42.66,42.66,null,null,21.860000000000003,22.552790697674414,23.340232558139533,23.29441860465117,23.285581395348828,23.21813953488372,23.4453488372093,23.471395348837206,23.68617021276595,23.432978723404258,23.633255813953493,22.640212765957465,22.551555555555556,22.467999999999996,22.49463414634146,22.067333333333327],"governanceScore":[51.73296296296295,51.84592592592594,52.124814814814805,52.279629629629646,51.4985185185185,51.4562962962963,51.32454545454545,50.55117647058823,50.35176470588234,49.599,48.95774193548387,49.23571428571429,48.23527777777777,48.1486111111111,47.92972222222221,44.852972972972964,44.60675675675676,44.22696969696969,null,53.37,null,43.68,43.68,null,null,7.317500000000001,7.680714285714288,8.017619047619045,8.006190476190476,8.004761904761905,8.097142857142856,8.078571428571427,8.133333333333331,8.155,8.058478260869567,8.279761904761907,8.051304347826092,7.870454545454544,7.879772727272731,8.06775,7.814545454545454],"environmentScore":[54.61074074074074,54.788148148148174,55.15074074074076,55.33666666666669,55.010000000000005,54.98518518518517,54.80909090909091,54.618823529411756,55.00764705882354,55.133333333333326,55.2916129032258,55.30742857142855,54.70749999999998,54.93222222222224,55.02416666666666,54.3372972972973,53.99783783783785,53.61272727272726,null,58.15,null,50.94,50.94,null,null,2.13375,2.1095238095238087,2.095476190476189,2.081666666666667,2.0745238095238094,1.963333333333333,1.9969047619047626,2.1128571428571425,2.175652173913043,2.142826086956522,2.1502380952380955,2.065434782608695,2.120227272727273,1.988636363636364,1.9592499999999995,1.844772727272727],"socialScore":[50.979629629629606,51.2062962962963,51.74259259259258,52.03518518518517,51.75518518518517,51.73444444444444,51.41515151515149,51.36235294117645,51.77176470588234,51.53200000000001,51.782258064516135,51.91028571428573,50.993611111111136,51.22777777777778,51.181666666666686,51.7927027027027,51.585945945945944,51.506969696969676,null,55.91,null,50.93,50.93,null,null,9.8325,10.10095238095238,10.603333333333333,10.698809523809526,10.665476190476191,10.69809523809524,10.817857142857147,10.826666666666668,10.935434782608695,10.81826086956522,11.005714285714285,10.124347826086959,10.02681818181818,9.93454545454545,10.025,9.725454545454545]}}],"error":null}}}