{"update_time":"2025-04-28 12:54:23.432863","data":{"esgChart":{"result":[{"peerGroup":"Retailing","symbolSeries":{"timestamp":[1727740800,1730419200,1733011200,1735689600,1738368000,1740787200],"esgScore":[18.97,18.97,18.97,18.97,18.97,18.97],"governanceScore":[0.0,0.0,0.0,0.0,0.0,0.0],"environmentScore":[0.0,0.0,0.0,0.0,0.0,0.0],"socialScore":[0.0,0.0,0.0,0.0,0.0,0.0]},"peerSeries":{"timestamp":[1727740800,1730419200,1733011200,1735689600,1738368000,1740787200],"esgScore":[20.056984126984123,17.983197026022317,18.017666666666678,18.09100000000001,18.190970149253744,18.226179775280904],"governanceScore":[4.686111111111111,4.282136752136752,4.2823076923076915,4.274017094017093,4.269145299145298,4.2403389830508464],"environmentScore":[4.739999999999998,3.7912820512820513,3.7893162393162396,3.79974358974359,3.7909401709401704,3.8650847457627115],"socialScore":[9.368888888888891,9.143760683760691,9.142820512820517,9.120769230769236,9.102820512820516,9.068728813559325]}}],"error":null}}}