{"update_time":"2025-11-04 15:39:43.179916","data":{"esgChart":{"result":[{"peerGroup":"Canada Fund Real Estate Equity","symbolSeries":{"timestamp":[1517443200,1519862400,1522540800,1525132800,1527811200,1530403200,1533081600,1535760000,1538352000,1541030400],"esgScore":[45.47,45.43,44.85,44.39,44.2,44.2,43.84,43.75,43.48,43.48],"governanceScore":[49.62,49.55,49.9,49.8,49.26,49.26,48.73,48.73,48.61,48.61],"environmentScore":[44.49,44.54,44.21,43.69,43.42,43.42,43.09,43.11,42.99,42.99],"socialScore":[44.75,44.59,43.91,43.81,43.91,43.91,43.7,43.4,43.13,43.13]},"peerSeries":{"timestamp":[1517443200,1519862400,1522540800,1525132800,1527811200,1530403200,1533081600,1535760000,1538352000,1541030400],"esgScore":[50.146470588235296,50.014705882352935,49.21470588235294,48.981764705882355,48.89588235294117,48.90882352941176,48.696470588235286,48.59235294117647,48.36588235294116,48.32823529411763],"governanceScore":[53.00705882352941,53.054705882352934,52.771764705882354,52.525882352941174,52.51470588235294,52.52529411764706,52.290588235294116,52.46470588235294,52.24352941176471,52.072941176470586],"environmentScore":[51.00764705882354,50.96705882352941,50.38823529411764,50.20411764705882,50.24470588235294,50.26235294117647,50.104705882352945,50.01941176470589,49.81,49.78058823529411],"socialScore":[49.56411764705882,49.47117647058824,48.665882352941175,48.42411764705883,48.371764705882356,48.39705882352942,48.34764705882353,48.26529411764706,48.145882352941186,48.10999999999999]}}],"error":null}}}