{"update_time":"2024-12-03 13:02:49.122287","data":{"esgChart":{"result":[{"peerGroup":"Technology Hardware","symbolSeries":{"timestamp":[1727740800,1730419200],"esgScore":[18.93,18.93],"governanceScore":[7.08,7.08],"environmentScore":[1.2,1.2],"socialScore":[10.65,10.65]},"peerSeries":{"timestamp":[1727740800,1730419200],"esgScore":[15.827105263157902,15.839243697478981],"governanceScore":[4.245,4.913255813953486],"environmentScore":[1.957222222222222,3.148139534883721],"socialScore":[4.912222222222223,5.26174418604651]}}],"error":null}}}