{"update_time":"2025-02-13 17:57:04.311305","data":{"esgChart":{"result":[{"peerGroup":"Retailing","symbolSeries":{"timestamp":[1730419200,1733011200,1735689600,1738368000],"esgScore":[15.01,15.01,14.85,14.85],"governanceScore":[2.93,2.93,2.93,2.93],"environmentScore":[2.09,2.09,2.09,2.09],"socialScore":[9.99,9.99,9.82,9.82]},"peerSeries":{"timestamp":[1730419200,1733011200,1735689600,1738368000],"esgScore":[17.983197026022317,18.017666666666678,18.09100000000001,18.190970149253744],"governanceScore":[4.282136752136752,4.2823076923076915,4.274017094017093,4.269145299145298],"environmentScore":[3.7912820512820513,3.7893162393162396,3.79974358974359,3.7909401709401704],"socialScore":[9.143760683760691,9.142820512820517,9.120769230769236,9.102820512820516]}}],"error":null}}}