{"update_time":"2025-11-07 12:23:04.603336","data":{"esgChart":{"result":[{"peerGroup":"Pharmaceuticals","symbolSeries":{"timestamp":[1756684800,1759276800],"esgScore":[39.33,39.33],"governanceScore":[0.0,0.0],"environmentScore":[0.0,0.0],"socialScore":[0.0,0.0]},"peerSeries":{"timestamp":[1756684800,1759276800],"esgScore":[29.614665354330747,29.387563850687673],"governanceScore":[5.967278911564627,5.575342465753423],"environmentScore":[2.9548979591836737,2.943082191780821],"socialScore":[13.40299319727891,13.04568493150685]}}],"error":null}}}