{"update_time":"2025-04-28 12:55:39.647183","data":{"esgChart":{"result":[{"peerGroup":"Consumer Durables","symbolSeries":{"timestamp":[1730419200],"esgScore":[15.67],"governanceScore":[0.0],"environmentScore":[0.0],"socialScore":[0.0]},"peerSeries":{"timestamp":[1730419200],"esgScore":[16.831734693877547],"governanceScore":[4.296571428571428],"environmentScore":[4.137428571428571],"socialScore":[7.659428571428571]}}],"error":null}}}