{"update_time":"2024-12-18 17:17:05.039780","data":{"esgChart":{"result":[{"peerGroup":"Commercial Services","symbolSeries":{"timestamp":[1733011200],"esgScore":[21.77],"governanceScore":[5.21],"environmentScore":[3.76],"socialScore":[12.8]},"peerSeries":{"timestamp":[1733011200],"esgScore":[17.402232558139538],"governanceScore":[3.9688405797101454],"environmentScore":[2.640724637681159],"socialScore":[9.410289855072467]}}],"error":null}}}