{"update_time":"2025-02-13 17:57:24.864542","data":{"esgChart":{"result":[{"peerGroup":"Commercial Services","symbolSeries":{"timestamp":[1733011200,1735689600,1738368000],"esgScore":[21.77,21.77,21.77],"governanceScore":[5.21,5.21,5.21],"environmentScore":[3.76,3.76,3.76],"socialScore":[12.8,12.8,12.8]},"peerSeries":{"timestamp":[1733011200,1735689600,1738368000],"esgScore":[17.402232558139538,17.466572769953054,17.53452830188679],"governanceScore":[3.9688405797101454,3.9461764705882367,4.001304347826087],"environmentScore":[2.640724637681159,2.7095588235294112,2.678115942028985],"socialScore":[9.410289855072467,9.39720588235294,9.450724637681159]}}],"error":null}}}