{"update_time":"2025-04-28 12:55:42.014070","data":{"esgChart":{"result":[{"peerGroup":"Commercial Services","symbolSeries":{"timestamp":[1733011200,1735689600,1738368000,1740787200,1743465600],"esgScore":[21.77,21.77,21.77,21.77,21.77],"governanceScore":[5.21,5.21,5.21,5.21,5.21],"environmentScore":[3.76,3.76,3.76,3.76,3.76],"socialScore":[12.8,12.8,12.8,12.8,12.8]},"peerSeries":{"timestamp":[1733011200,1735689600,1738368000,1740787200,1743465600],"esgScore":[17.402232558139538,17.466572769953054,17.53452830188679,17.5382380952381,17.553636363636365],"governanceScore":[3.9688405797101454,3.9461764705882367,4.001304347826087,3.9895652173913048,3.9695652173913047],"environmentScore":[2.640724637681159,2.7095588235294112,2.678115942028985,2.6424637681159413,2.6079710144927533],"socialScore":[9.410289855072467,9.39720588235294,9.450724637681159,9.450724637681159,9.41463768115942]}}],"error":null}}}