{"update_time":"2024-12-18 17:17:24.035613","data":{"esgChart":{"result":[{"peerGroup":"Transportation Infrastructure","symbolSeries":{"timestamp":[1730419200,1733011200],"esgScore":[21.53,21.44],"governanceScore":[0.0,0.0],"environmentScore":[0.0,0.0],"socialScore":[0.0,0.0]},"peerSeries":{"timestamp":[1730419200,1733011200],"esgScore":[15.754146341463407,15.764878048780483],"governanceScore":[5.285789473684211,5.285789473684211],"environmentScore":[2.406315789473684,2.406315789473684],"socialScore":[6.771578947368421,6.771578947368421]}}],"error":null}}}