{"update_time":"2025-02-14 12:21:38.130484","data":{"esgChart":{"result":[{"peerGroup":"Transportation Infrastructure","symbolSeries":{"timestamp":[1730419200,1733011200,1735689600,1738368000],"esgScore":[21.53,21.44,21.44,21.44],"governanceScore":[0.0,0.0,0.0,0.0],"environmentScore":[0.0,0.0,0.0,0.0],"socialScore":[0.0,0.0,0.0,0.0]},"peerSeries":{"timestamp":[1730419200,1733011200,1735689600,1738368000],"esgScore":[15.754146341463407,15.764878048780483,15.889268292682923,16.050243902439018],"governanceScore":[5.285789473684211,5.285789473684211,5.238947368421054,5.385263157894737],"environmentScore":[2.406315789473684,2.406315789473684,2.4184210526315786,2.517894736842105],"socialScore":[6.771578947368421,6.771578947368421,6.798947368421053,6.886315789473684]}}],"error":null}}}