{"update_time":"2025-04-28 12:56:07.473527","data":{"esgChart":{"result":[{"peerGroup":"Transportation Infrastructure","symbolSeries":{"timestamp":[1730419200,1733011200,1735689600,1738368000,1740787200,1743465600],"esgScore":[21.53,21.44,21.44,21.44,21.44,21.44],"governanceScore":[0.0,0.0,0.0,0.0,0.0,0.0],"environmentScore":[0.0,0.0,0.0,0.0,0.0,0.0],"socialScore":[0.0,0.0,0.0,0.0,0.0,0.0]},"peerSeries":{"timestamp":[1730419200,1733011200,1735689600,1738368000,1740787200,1743465600],"esgScore":[15.754146341463407,15.764878048780483,15.889268292682923,16.050243902439018,16.050243902439018,16.53341463414634],"governanceScore":[5.285789473684211,5.285789473684211,5.238947368421054,5.385263157894737,5.385263157894737,5.433],"environmentScore":[2.406315789473684,2.406315789473684,2.4184210526315786,2.517894736842105,2.517894736842105,2.9909999999999997],"socialScore":[6.771578947368421,6.771578947368421,6.798947368421053,6.886315789473684,6.886315789473684,7.141500000000001]}}],"error":null}}}