{"update_time":"2024-12-03 13:07:42.342474","data":{"esgChart":{"result":[{"peerGroup":"Transportation Infrastructure","symbolSeries":{"timestamp":[1730419200],"esgScore":[21.53],"governanceScore":[0.0],"environmentScore":[0.0],"socialScore":[0.0]},"peerSeries":{"timestamp":[1730419200],"esgScore":[15.754146341463407],"governanceScore":[5.285789473684211],"environmentScore":[2.406315789473684],"socialScore":[6.771578947368421]}}],"error":null}}}