{"update_time":"2025-08-25 22:53:41.557632","data":{"esgChart":{"result":[{"peerGroup":"Transportation Infrastructure","symbolSeries":{"timestamp":[1730419200,1733011200,1735689600,1738368000,1740787200,1743465600,1746057600,1748736000,1751328000,1754006400],"esgScore":[21.53,21.44,21.44,21.44,21.44,21.44,21.44,21.44,21.44,21.44],"governanceScore":[0.0,0.0,0.0,0.0,0.0,0.0,0.0,0.0,0.0,0.0],"environmentScore":[0.0,0.0,0.0,0.0,0.0,0.0,0.0,0.0,0.0,0.0],"socialScore":[0.0,0.0,0.0,0.0,0.0,0.0,0.0,0.0,0.0,0.0]},"peerSeries":{"timestamp":[1730419200,1733011200,1735689600,1738368000,1740787200,1743465600,1746057600,1748736000,1751328000,1754006400],"esgScore":[15.754146341463407,15.764878048780483,15.889268292682923,16.050243902439018,16.050243902439018,16.53341463414634,16.64428571428571,16.630681818181817,16.850232558139535,16.900232558139535],"governanceScore":[5.285789473684211,5.285789473684211,5.238947368421054,5.385263157894737,5.385263157894737,5.433,5.4852380952380955,5.367826086956522,5.337142857142858,5.341904761904762],"environmentScore":[2.406315789473684,2.406315789473684,2.4184210526315786,2.517894736842105,2.517894736842105,2.9909999999999997,3.0571428571428565,3.2565217391304344,3.279047619047619,3.279047619047619],"socialScore":[6.771578947368421,6.771578947368421,6.798947368421053,6.886315789473684,6.886315789473684,7.141500000000001,7.29,7.2700000000000005,7.39904761904762,7.39904761904762]}}],"error":null}}}