{"update_time":"2025-11-04 15:41:19.701468","data":{"esgChart":{"result":[{"peerGroup":"Australia Fund Equity North America","symbolSeries":{"timestamp":[1517443200,1519862400,1522540800,1525132800,1527811200,1530403200,1533081600,1535760000,1538352000],"esgScore":[52.06,52.05,52.11,52.11,52.09,52.09,52.11,52.11,52.11],"governanceScore":[50.36,50.16,50.2,50.14,50.13,50.13,50.14,50.14,50.14],"environmentScore":[54.13,54.12,54.21,54.24,54.28,54.28,54.45,54.45,54.45],"socialScore":[51.99,52.07,52.2,52.26,52.19,52.19,52.17,52.17,52.17]},"peerSeries":{"timestamp":[1517443200,1519862400,1522540800,1525132800,1527811200,1530403200,1533081600,1535760000,1538352000],"esgScore":[45.44799999999999,45.456,45.624,45.604,45.596000000000004,45.599000000000004,45.53800000000001,45.754,45.74272727272727],"governanceScore":[50.5,50.498000000000005,50.49799999999999,50.488,50.382,50.385000000000005,50.158,50.318,50.33454545454545],"environmentScore":[52.63900000000001,52.66700000000001,52.80999999999999,52.840999999999994,52.82000000000001,52.81699999999999,52.727999999999994,52.827999999999996,52.72545454545455],"socialScore":[51.593999999999994,51.68299999999999,51.616,51.467999999999996,51.346000000000004,51.35699999999999,51.153999999999996,51.289,51.18818181818181]}}],"error":null}}}