{"update_time":"2025-04-28 12:56:28.721816","data":{"esgChart":{"result":[{"peerGroup":"Commercial Services","symbolSeries":{"timestamp":[1730419200,1733011200,1735689600],"esgScore":[16.0,16.0,16.0],"governanceScore":[0.0,0.0,0.0],"environmentScore":[0.0,0.0,0.0],"socialScore":[0.0,0.0,0.0]},"peerSeries":{"timestamp":[1730419200,1733011200,1735689600],"esgScore":[17.10367441860465,17.402232558139538,17.466572769953054],"governanceScore":[4.026956521739131,3.9688405797101454,3.9461764705882367],"environmentScore":[2.467971014492754,2.640724637681159,2.7095588235294112],"socialScore":[9.374637681159424,9.410289855072467,9.39720588235294]}}],"error":null}}}