{"update_time":"2024-12-03 13:08:07.676405","data":{"esgChart":{"result":[{"peerGroup":"Commercial Services","symbolSeries":{"timestamp":[1730419200],"esgScore":[16.0],"governanceScore":[0.0],"environmentScore":[0.0],"socialScore":[0.0]},"peerSeries":{"timestamp":[1730419200],"esgScore":[17.10367441860465],"governanceScore":[4.026956521739131],"environmentScore":[2.467971014492754],"socialScore":[9.374637681159424]}}],"error":null}}}