{"update_time":"2024-12-03 13:08:11.625781","data":{"esgChart":{"result":[{"peerGroup":"Retailing","symbolSeries":{"timestamp":[1730419200],"esgScore":[8.0],"governanceScore":[1.91],"environmentScore":[0.27],"socialScore":[5.82]},"peerSeries":{"timestamp":[1730419200],"esgScore":[17.983197026022317],"governanceScore":[4.282136752136752],"environmentScore":[3.7912820512820513],"socialScore":[9.143760683760691]}}],"error":null}}}