{"update_time":"2025-03-04 18:48:02.547816","data":{"esgChart":{"result":[{"peerGroup":"Technology Hardware","symbolSeries":{"timestamp":[1730419200,1733011200,1735689600,1738368000],"esgScore":[17.93,17.93,17.6,17.6],"governanceScore":[4.71,4.71,4.53,4.53],"environmentScore":[3.58,3.58,3.58,3.58],"socialScore":[9.64,9.64,9.49,9.49]},"peerSeries":{"timestamp":[1730419200,1733011200,1735689600,1738368000],"esgScore":[15.839243697478981,15.97586497890294,16.079411764705867,16.28644067796609],"governanceScore":[4.913255813953486,4.916235294117645,4.899999999999998,4.933218390804596],"environmentScore":[3.148139534883721,3.251882352941176,3.3526744186046504,3.5152873563218376],"socialScore":[5.26174418604651,5.219764705882351,5.197325581395348,5.23896551724138]}}],"error":null}}}