{"update_time":"2024-12-18 17:18:03.926603","data":{"esgChart":{"result":[{"peerGroup":"Retailing","symbolSeries":{"timestamp":[1730419200,1733011200],"esgScore":[25.51,25.32],"governanceScore":[6.38,6.38],"environmentScore":[8.6,8.6],"socialScore":[10.54,10.34]},"peerSeries":{"timestamp":[1730419200,1733011200],"esgScore":[17.983197026022317,18.017666666666678],"governanceScore":[4.282136752136752,4.2823076923076915],"environmentScore":[3.7912820512820513,3.7893162393162396],"socialScore":[9.143760683760691,9.142820512820517]}}],"error":null}}}