{"update_time":"2024-12-03 13:08:38.496532","data":{"esgChart":{"result":[{"peerGroup":"Banks","symbolSeries":{"timestamp":[1730419200],"esgScore":[24.3],"governanceScore":[13.4],"environmentScore":[1.94],"socialScore":[8.96]},"peerSeries":{"timestamp":[1730419200],"esgScore":[26.026034858387803],"governanceScore":[9.488187134502924],"environmentScore":[1.3997660818713453],"socialScore":[9.820935672514619]}}],"error":null}}}