{"update_time":"2024-12-03 13:08:40.387235","data":{"esgChart":{"result":[{"peerGroup":"Household Products","symbolSeries":{"timestamp":[1727740800,1730419200],"esgScore":[38.01,38.01],"governanceScore":[0.0,0.0],"environmentScore":[0.0,0.0],"socialScore":[0.0,0.0]},"peerSeries":{"timestamp":[1727740800,1730419200],"esgScore":[32.92,26.09235294117646],"governanceScore":[5.74,5.808387096774195],"environmentScore":[15.3,9.74548387096774],"socialScore":[12.51,9.734516129032256]}}],"error":null}}}