{"update_time":"2024-10-22 17:20:33.878671","data":{"esgChart":{"result":[{"peerGroup":"Media","symbolSeries":{"timestamp":[1727740800],"esgScore":[18.12],"governanceScore":[6.7],"environmentScore":[2.27],"socialScore":[9.16]},"peerSeries":{"timestamp":[1727740800],"esgScore":[17.32205882352941],"governanceScore":[7.385999999999999],"environmentScore":[0.6713333333333332],"socialScore":[8.384666666666666]}}],"error":null}}}