{"update_time":"2024-12-03 13:08:53.606809","data":{"esgChart":{"result":[{"peerGroup":"Media","symbolSeries":{"timestamp":[1727740800,1730419200],"esgScore":[18.12,18.12],"governanceScore":[6.7,6.7],"environmentScore":[2.27,2.27],"socialScore":[9.16,9.16]},"peerSeries":{"timestamp":[1727740800,1730419200],"esgScore":[17.343111111111114,15.739136690647493],"governanceScore":[7.385999999999999,6.172542372881355],"environmentScore":[0.6713333333333332,0.5149152542372882],"socialScore":[8.384666666666666,7.319830508474575]}}],"error":null}}}