{"update_time":"2024-12-03 13:08:58.236606","data":{"esgChart":{"result":[{"peerGroup":"Electrical Equipment","symbolSeries":{"timestamp":[1730419200],"esgScore":[25.3],"governanceScore":[0.0],"environmentScore":[0.0],"socialScore":[0.0]},"peerSeries":{"timestamp":[1730419200],"esgScore":[22.866637168141594],"governanceScore":[5.423589743589744],"environmentScore":[6.308974358974358],"socialScore":[8.199487179487178]}}],"error":null}}}