{"update_time":"2024-12-18 17:23:23.686412","data":{"esgChart":{"result":[{"peerGroup":"Paper & Forestry","symbolSeries":{"timestamp":[1730419200,1733011200],"esgScore":[17.8,17.8],"governanceScore":[2.2,2.2],"environmentScore":[10.1,10.1],"socialScore":[5.5,5.5]},"peerSeries":{"timestamp":[1730419200,1733011200],"esgScore":[21.11405405405406,21.284736842105264],"governanceScore":[3.0974999999999993,2.947894736842105],"environmentScore":[10.913999999999998,10.730526315789474],"socialScore":[4.6015,4.444736842105263]}}],"error":null}}}