{"update_time":"2025-03-04 18:49:35.071654","data":{"esgChart":{"result":[{"peerGroup":"Energy Services","symbolSeries":{"timestamp":[1619827200,1622505600,1625097600,1627776000,1630454400,1633046400,1635724800,1638316800,1640995200,1643673600,1646092800,1648771200,1651363200,1654041600,1656633600,1659312000,1661990400,1664582400,1667260800,1669852800,1672531200,1675209600,1677628800,1680307200,1682899200,1685577600,1688169600,1690848000,1693526400,1696118400,1698796800,1701388800,1704067200,1706745600,1709251200,1711929600,1714521600,1717200000,1719792000,1722470400,1725148800,1727740800,1730419200,1733011200,1735689600,1738368000],"esgScore":[30.22,null,null,null,28.95,null,null,null,null,28.95,null,null,28.95,null,null,22.75,null,null,null,null,22.75,null,null,null,null,null,null,null,22.06,null,null,null,null,null,null,null,null,null,null,null,null,21.94,23.79,23.79,23.79,23.79],"governanceScore":[0.0,null,null,null,0.0,null,null,null,null,0.0,null,null,0.0,null,null,0.0,null,null,null,null,0.0,null,null,null,null,null,null,null,0.0,null,null,null,null,null,null,null,null,null,null,null,null,0.0,0.0,0.0,0.0,0.0],"environmentScore":[0.0,null,null,null,0.0,null,null,null,null,0.0,null,null,0.0,null,null,0.0,null,null,null,null,0.0,null,null,null,null,null,null,null,0.0,null,null,null,null,null,null,null,null,null,null,null,null,0.0,0.0,0.0,0.0,0.0],"socialScore":[0.0,null,null,null,0.0,null,null,null,null,0.0,null,null,0.0,null,null,0.0,null,null,null,null,0.0,null,null,null,null,null,null,null,0.0,null,null,null,null,null,null,null,null,null,null,null,null,0.0,0.0,0.0,0.0,0.0]},"peerSeries":{"timestamp":[1619827200,1622505600,1625097600,1627776000,1630454400,1633046400,1635724800,1638316800,1640995200,1643673600,1646092800,1648771200,1651363200,1654041600,1656633600,1659312000,1661990400,1664582400,1667260800,1669852800,1672531200,1675209600,1677628800,1680307200,1682899200,1685577600,1688169600,1690848000,1693526400,1696118400,1698796800,1701388800,1704067200,1706745600,1709251200,1711929600,1714521600,1717200000,1719792000,1722470400,1725148800,1727740800,1730419200,1733011200,1735689600,1738368000],"esgScore":[21.03,null,null,null,21.26,null,null,null,null,21.26,null,null,21.34,null,null,21.13,27.214285714285715,27.214285714285715,26.821428571428573,26.152499999999996,27.00714285714286,26.5175,26.4875,26.377499999999998,null,null,null,null,23.74,null,null,null,null,null,null,null,null,null,null,null,null,28.344285714285714,26.053661971830977,26.220422535211256,26.410555555555547,26.443380281690132],"governanceScore":[6.81,null,null,null,7.03,null,null,null,null,7.03,null,null,7.29,null,null,7.08,8.923333333333334,8.923333333333334,8.923333333333334,8.923333333333334,9.03,9.03,8.99,9.016666666666667,null,null,null,null,7.31,null,null,null,null,null,null,null,null,null,null,null,null,5.44,6.088333333333332,6.0929166666666665,5.9967999999999995,6.0275],"environmentScore":[6.57,null,null,null,6.57,null,null,null,null,6.57,null,null,6.58,null,null,6.58,9.243333333333332,9.243333333333332,9.243333333333332,9.243333333333332,10.08,10.08,10.08,9.903333333333334,null,null,null,null,8.62,null,null,null,null,null,null,null,null,null,null,null,null,7.3,9.1925,9.236666666666666,9.4652,9.3575],"socialScore":[7.66,null,null,null,7.66,null,null,null,null,7.66,null,null,7.46,null,null,7.46,8.823333333333332,8.823333333333332,8.823333333333332,8.770000000000001,8.313333333333334,8.313333333333334,8.313333333333334,8.313333333333334,null,null,null,null,7.81,null,null,null,null,null,null,null,null,null,null,null,null,6.39,7.949583333333333,7.981666666666666,8.247599999999998,8.197916666666664]}}],"error":null}}}