{"update_time":"2024-12-18 17:23:27.889781","data":{"esgChart":{"result":[{"peerGroup":"Automobiles","symbolSeries":{"timestamp":[1730419200,1733011200],"esgScore":[27.24,27.24],"governanceScore":[4.1,4.1],"environmentScore":[8.73,8.73],"socialScore":[14.41,14.41]},"peerSeries":{"timestamp":[1730419200,1733011200],"esgScore":[23.875208333333333,24.447916666666668],"governanceScore":[7.018750000000002,7.063000000000001],"environmentScore":[6.434,6.541000000000001],"socialScore":[10.81,10.7895]}}],"error":null}}}