{"update_time":"2025-04-28 13:01:39.152429","data":{"esgChart":{"result":[{"peerGroup":"Software & Services","symbolSeries":{"timestamp":[1740787200,1743465600],"esgScore":[11.82,11.82],"governanceScore":[0.0,0.0],"environmentScore":[0.0,0.0],"socialScore":[0.0,0.0]},"peerSeries":{"timestamp":[1740787200,1743465600],"esgScore":[20.80081939799331,20.921233108108108],"governanceScore":[5.662929687499999,5.653254901960784],"environmentScore":[3.057656249999999,3.1051764705882356],"socialScore":[9.885351562499995,9.910980392156855]}}],"error":null}}}