{"update_time":"2025-03-25 12:16:37.753364","data":{"esgChart":{"result":[{"peerGroup":"Software & Services","symbolSeries":{"timestamp":[1740787200],"esgScore":[11.82],"governanceScore":[0.0],"environmentScore":[0.0],"socialScore":[0.0]},"peerSeries":{"timestamp":[1740787200],"esgScore":[20.78758793969849],"governanceScore":[5.662929687499999],"environmentScore":[3.057656249999999],"socialScore":[9.885351562499995]}}],"error":null}}}