{"update_time":"2025-11-04 15:46:41.530604","data":{"esgChart":{"result":[{"peerGroup":"Software & Services","symbolSeries":{"timestamp":[1740787200,1743465600,1746057600,1748736000,1751328000,1754006400,1756684800,1759276800],"esgScore":[11.82,11.82,11.82,11.82,11.82,11.82,11.82,11.82],"governanceScore":[0.0,0.0,0.0,0.0,0.0,0.0,0.0,0.0],"environmentScore":[0.0,0.0,0.0,0.0,0.0,0.0,0.0,0.0],"socialScore":[0.0,0.0,0.0,0.0,0.0,0.0,0.0,0.0]},"peerSeries":{"timestamp":[1740787200,1743465600,1746057600,1748736000,1751328000,1754006400,1756684800,1759276800],"esgScore":[20.80081939799331,20.904713804713804,20.931663778162918,21.053982905982917,21.189334470989767,21.271357388316154,21.236826758147515,20.873745704467357],"governanceScore":[5.662929687499999,5.64171875,5.605,5.581897233201582,5.549801587301587,5.553599999999998,5.5158634538152596,5.223805668016193],"environmentScore":[3.057656249999999,3.11140625,3.160079365079365,3.184268774703558,3.2042460317460315,3.2804,3.304738955823292,3.2981781376518224],"socialScore":[9.885351562499995,9.911718749999991,9.94333333333333,9.965296442687745,10.007142857142858,10.071280000000003,10.078313253012054,9.788178137651823]}}],"error":null}}}