{"update_time":"2025-03-04 18:50:41.729513","data":{"esgChart":{"result":[{"peerGroup":"Semiconductors","symbolSeries":{"timestamp":[1730419200,1733011200,1735689600,1738368000],"esgScore":[30.36,30.36,30.36,30.36],"governanceScore":[4.54,4.54,4.54,4.54],"environmentScore":[17.41,17.41,17.41,17.41],"socialScore":[8.42,8.42,8.42,8.42]},"peerSeries":{"timestamp":[1730419200,1733011200,1735689600,1738368000],"esgScore":[23.277606837606847,23.489750000000004,23.415333333333344,23.46866666666667],"governanceScore":[5.421799999999999,5.373200000000001,5.332600000000001,5.282941176470589],"environmentScore":[7.5316,7.634000000000001,7.631600000000001,7.960392156862747],"socialScore":[6.025,5.9594,5.937200000000001,5.925098039215686]}}],"error":null}}}