{"update_time":"2024-12-03 13:12:05.883653","data":{"esgChart":{"result":[{"peerGroup":"Retailing","symbolSeries":{"timestamp":[1727740800,1730419200],"esgScore":[15.68,15.68],"governanceScore":[5.05,5.05],"environmentScore":[3.31,3.31],"socialScore":[7.32,7.32]},"peerSeries":{"timestamp":[1727740800,1730419200],"esgScore":[20.056984126984123,17.983197026022317],"governanceScore":[4.686111111111111,4.282136752136752],"environmentScore":[4.739999999999998,3.7912820512820513],"socialScore":[9.368888888888891,9.143760683760691]}}],"error":null}}}