{"update_time":"2024-12-18 17:28:29.416216","data":{"esgChart":{"result":[{"peerGroup":"Retailing","symbolSeries":{"timestamp":[1727740800,1730419200,1733011200],"esgScore":[15.68,15.68,15.68],"governanceScore":[5.05,5.05,5.05],"environmentScore":[3.31,3.31,3.31],"socialScore":[7.32,7.32,7.32]},"peerSeries":{"timestamp":[1727740800,1730419200,1733011200],"esgScore":[20.056984126984123,17.983197026022317,18.017666666666678],"governanceScore":[4.686111111111111,4.282136752136752,4.2823076923076915],"environmentScore":[4.739999999999998,3.7912820512820513,3.7893162393162396],"socialScore":[9.368888888888891,9.143760683760691,9.142820512820517]}}],"error":null}}}