{"update_time":"2024-10-22 17:32:58.222863","data":{"esgChart":{"result":[{"peerGroup":"Retailing","symbolSeries":{"timestamp":[1727740800],"esgScore":[15.68],"governanceScore":[5.05],"environmentScore":[3.31],"socialScore":[7.32]},"peerSeries":{"timestamp":[1727740800],"esgScore":[19.20862745098039],"governanceScore":[4.615294117647059],"environmentScore":[4.652352941176469],"socialScore":[9.482352941176472]}}],"error":null}}}