{"update_time":"2024-12-18 17:33:01.782437","data":{"esgChart":{"result":[{"peerGroup":"Commercial Services","symbolSeries":{"timestamp":[1727740800,1730419200,1733011200],"esgScore":[19.66,19.66,19.66],"governanceScore":[3.84,3.84,3.84],"environmentScore":[3.82,3.82,3.82],"socialScore":[12.0,12.0,12.0]},"peerSeries":{"timestamp":[1727740800,1730419200,1733011200],"esgScore":[20.095000000000006,17.10367441860465,17.402232558139538],"governanceScore":[3.901666666666667,4.026956521739131,3.9688405797101454],"environmentScore":[4.173333333333333,2.467971014492754,2.640724637681159],"socialScore":[9.865,9.374637681159424,9.410289855072467]}}],"error":null}}}