{"update_time":"2024-12-03 13:12:53.260595","data":{"esgChart":{"result":[{"peerGroup":"Retailing","symbolSeries":{"timestamp":[1730419200],"esgScore":[11.45],"governanceScore":[1.74],"environmentScore":[2.85],"socialScore":[6.86]},"peerSeries":{"timestamp":[1730419200],"esgScore":[17.983197026022317],"governanceScore":[4.282136752136752],"environmentScore":[3.7912820512820513],"socialScore":[9.143760683760691]}}],"error":null}}}