{"update_time":"2024-12-03 13:12:57.006831","data":{"esgChart":{"result":[{"peerGroup":"Traders & Distributors","symbolSeries":{"timestamp":[1730419200],"esgScore":[20.75],"governanceScore":[6.98],"environmentScore":[6.47],"socialScore":[7.3]},"peerSeries":{"timestamp":[1730419200],"esgScore":[21.603894736842104],"governanceScore":[4.988823529411765],"environmentScore":[6.743235294117646],"socialScore":[6.840294117647059]}}],"error":null}}}