{"update_time":"2024-12-18 17:33:12.340377","data":{"esgChart":{"result":[{"peerGroup":"Healthcare","symbolSeries":{"timestamp":[1730419200,1733011200],"esgScore":[17.97,17.97],"governanceScore":[5.63,5.63],"environmentScore":[2.94,2.94],"socialScore":[9.4,9.4]},"peerSeries":{"timestamp":[1730419200,1733011200],"esgScore":[23.63607142857143,23.61544262295082],"governanceScore":[6.38878260869565,6.38086956521739],"environmentScore":[2.653217391304347,2.6531304347826072],"socialScore":[12.468869565217396,12.473913043478264]}}],"error":null}}}