{"update_time":"2025-03-04 18:51:38.682713","data":{"esgChart":{"result":[{"peerGroup":"Banks","symbolSeries":{"timestamp":[1727740800,1730419200,1733011200,1735689600,1738368000],"esgScore":[25.99,25.99,25.99,28.16,28.27],"governanceScore":[12.37,12.37,12.37,12.01,12.01],"environmentScore":[2.34,2.34,2.34,2.33,2.33],"socialScore":[11.28,11.28,11.28,13.82,13.93]},"peerSeries":{"timestamp":[1727740800,1730419200,1733011200,1735689600,1738368000],"esgScore":[29.64186528497411,26.026034858387803,26.028449781659383,26.076557017543845,26.123788546255494],"governanceScore":[10.725384615384616,9.488187134502924,9.40505882352941,9.388411764705879,9.35289940828402],"environmentScore":[2.108461538461538,1.3997660818713453,1.3817058823529411,1.362764705882353,1.3463313609467453],"socialScore":[10.570000000000002,9.820935672514619,9.813294117647057,10.01094117647059,9.98242603550296]}}],"error":null}}}