{"update_time":"2024-10-22 17:38:09.174535","data":{"esgChart":{"result":[{"peerGroup":"Banks","symbolSeries":{"timestamp":[1727740800],"esgScore":[25.99],"governanceScore":[12.37],"environmentScore":[2.34],"socialScore":[11.28]},"peerSeries":{"timestamp":[1727740800],"esgScore":[29.565989304812856],"governanceScore":[10.725384615384616],"environmentScore":[2.108461538461538],"socialScore":[10.570000000000002]}}],"error":null}}}