{"update_time":"2024-12-03 13:13:19.408618","data":{"esgChart":{"result":[{"peerGroup":"Oil & Gas Producers","symbolSeries":{"timestamp":[1730419200],"esgScore":[41.46],"governanceScore":[0.0],"environmentScore":[0.0],"socialScore":[0.0]},"peerSeries":{"timestamp":[1730419200],"esgScore":[40.66664670658685],"governanceScore":[6.480229885057474],"environmentScore":[21.059310344827583],"socialScore":[9.211034482758624]}}],"error":null}}}