{"update_time":"2024-10-22 17:38:38.091647","data":{"esgChart":{"result":[{"peerGroup":"Utilities","symbolSeries":{"timestamp":[1575158400,1577836800,1580515200,1583020800,1585699200,1588291200,1590969600,1593561600,1596240000,1598918400,1601510400,1604188800,1606780800,1609459200,1612137600,1614556800,1617235200,1619827200,1622505600,1625097600,1627776000,1630454400,1633046400,1635724800,1638316800,1640995200,1643673600,1646092800,1648771200,1651363200,1654041600,1656633600,1659312000,1661990400,1664582400,1667260800,1669852800,1672531200,1675209600,1677628800,1680307200,1682899200,1685577600,1688169600,1690848000,1693526400],"esgScore":[56.49,38.76,38.7,38.7,null,null,null,39.26,38.67,null,38.69,null,null,38.69,38.69,38.69,null,38.69,null,null,null,38.44,null,null,null,null,23.28,null,null,26.06,null,null,26.12,null,null,null,null,26.12,null,null,null,null,null,null,null,24.63],"governanceScore":[74.65,6.74,6.92,6.92,null,null,null,6.92,6.32,null,6.34,null,null,6.34,6.34,6.34,null,6.34,null,null,null,6.26,null,null,null,null,5.94,null,null,6.08,null,null,6.15,null,null,null,null,6.15,null,null,null,null,null,null,null,6.45],"environmentScore":[43.94,19.63,18.79,18.79,null,null,null,19.35,19.35,null,19.35,null,null,19.35,19.35,19.35,null,19.35,null,null,null,19.54,null,null,null,null,7.4,null,null,8.86,null,null,8.86,null,null,null,null,8.86,null,null,null,null,null,null,null,6.78],"socialScore":[60.2,12.38,13.0,13.0,null,null,null,13.0,13.0,null,13.0,null,null,13.0,13.0,13.0,null,13.0,null,null,null,12.65,null,null,null,null,9.95,null,null,11.12,null,null,11.12,null,null,null,null,11.12,null,null,null,null,null,null,null,11.39]},"peerSeries":{"timestamp":[1575158400,1577836800,1580515200,1583020800,1585699200,1588291200,1590969600,1593561600,1596240000,1598918400,1601510400,1604188800,1606780800,1609459200,1612137600,1614556800,1617235200,1619827200,1622505600,1625097600,1627776000,1630454400,1633046400,1635724800,1638316800,1640995200,1643673600,1646092800,1648771200,1651363200,1654041600,1656633600,1659312000,1661990400,1664582400,1667260800,1669852800,1672531200,1675209600,1677628800,1680307200,1682899200,1685577600,1688169600,1690848000,1693526400],"esgScore":[63.2041121495327,33.109719626168214,33.05317757009345,32.85616822429906,null,null,null,32.601401869158884,32.3971028037383,32.38869158878503,32.18046728971962,null,null,31.760467289719628,31.555140186915903,31.41775700934581,null,31.02271028037385,null,null,null,30.05087378640777,null,null,null,null,29.262523364485983,null,null,29.40620370370371,null,null,29.193925233644865,29.791758241758238,29.794945054945057,29.519780219780216,27.15754098360654,29.322527472527483,26.84327868852458,26.705573770491796,26.9860655737705,null,null,null,null,28.451651376146792],"governanceScore":[65.15950980392158,7.192254901960788,7.189705882352944,7.164509803921571,null,null,null,7.054509803921568,7.003333333333334,6.987647058823529,6.942450980392156,null,null,6.777058823529412,6.751262135922329,6.713106796116505,null,6.664563106796117,null,null,null,6.582525252525251,null,null,null,null,6.504174757281551,null,null,6.494519230769228,null,null,6.411346153846154,6.455747126436782,6.450919540229886,6.4111627906976745,6.117666666666667,6.387906976744186,6.087833333333334,6.074000000000001,6.006000000000001,null,null,null,null,6.156857142857144],"environmentScore":[57.80549019607844,14.563921568627451,14.475196078431372,14.349313725490196,null,null,null,14.337843137254895,14.25519607843137,14.254705882352939,14.154019607843136,null,null,14.050196078431373,13.961747572815536,13.915436893203884,null,13.834466019417478,null,null,null,13.45191919191919,null,null,null,null,13.008932038834955,null,null,12.667596153846155,null,null,12.56307692307692,12.774827586206898,12.779770114942528,12.621279069767443,11.700999999999997,12.562209302325577,11.606999999999998,11.413999999999998,11.467333333333334,null,null,null,null,11.920000000000002],"socialScore":[64.2951960784314,11.328823529411757,11.361274509803915,11.297254901960779,null,null,null,11.198529411764701,11.137450980392154,11.144901960784312,11.071862745098036,null,null,10.908431372549023,10.867961165048547,10.809708737864078,null,10.596893203883498,null,null,null,9.762222222222224,null,null,null,null,9.480485436893202,null,null,9.806826923076919,null,null,9.910096153846151,10.056436781609195,10.059540229885055,10.025348837209298,9.061833333333334,10.069767441860462,9.119666666666667,9.186333333333334,9.232666666666667,null,null,null,null,10.208952380952377]}}],"error":null}}}