{"update_time":"2024-06-25 16:27:24.298657","data":{"esgChart":{"result":[{"peerGroup":"Insurance","symbolSeries":{"timestamp":[1643673600,1646092800,1648771200,1651363200,1654041600,1656633600,1659312000,1661990400,1664582400,1667260800,1669852800,1672531200,1675209600,1677628800,1680307200,1682899200,1685577600,1688169600,1690848000,1693526400],"esgScore":[20.66,null,null,18.65,null,null,18.24,null,null,null,null,18.61,null,null,null,null,null,null,null,18.66],"governanceScore":[10.23,null,null,9.42,null,null,9.42,null,null,null,null,9.79,null,null,null,null,null,null,null,10.76],"environmentScore":[0.13,null,null,0.13,null,null,0.13,null,null,null,null,0.13,null,null,null,null,null,null,null,0.07],"socialScore":[10.3,null,null,9.1,null,null,8.68,null,null,null,null,8.68,null,null,null,null,null,null,null,7.83]},"peerSeries":{"timestamp":[1643673600,1646092800,1648771200,1651363200,1654041600,1656633600,1659312000,1661990400,1664582400,1667260800,1669852800,1672531200,1675209600,1677628800,1680307200,1682899200,1685577600,1688169600,1690848000,1693526400],"esgScore":[21.719072164948457,null,null,21.296770833333333,null,null,21.185416666666665,21.903888888888897,21.846527777777784,21.87333333333334,21.25055555555555,21.8876388888889,21.230740740740742,21.237777777777776,21.262222222222228,null,null,null,null,21.16371134020618],"governanceScore":[11.35053191489362,null,null,11.01308510638298,null,null,10.650425531914896,10.896521739130435,10.826956521739131,10.77289855072464,10.782830188679247,10.791884057971016,10.781509433962265,10.737547169811323,10.67490566037736,null,null,null,null,10.208510638297872],"environmentScore":[1.5435106382978727,null,null,1.5008510638297876,null,null,1.4494680851063833,1.533913043478261,1.514202898550725,1.4963768115942035,1.4409433962264158,1.4947826086956528,1.4277358490566046,1.4249056603773593,1.4224528301886799,null,null,null,null,1.3230851063829796],"socialScore":[8.462659574468088,null,null,8.466382978723406,null,null,8.766702127659576,9.021739130434781,9.046666666666665,9.141594202898553,8.967358490566037,9.172318840579711,8.961886792452828,9.01566037735849,9.10566037735849,null,null,null,null,9.341170212765958]}}],"error":null}}}