{"update_time":"2025-11-04 15:48:32.180990","data":{"esgChart":{"result":[{"peerGroup":"Insurance","symbolSeries":{"timestamp":[1643673600,1646092800,1648771200,1651363200,1654041600,1656633600,1659312000,1661990400,1664582400,1667260800,1669852800,1672531200,1675209600,1677628800,1680307200,1682899200,1685577600,1688169600,1690848000,1693526400,1696118400,1698796800,1701388800,1704067200,1706745600,1709251200,1711929600,1714521600,1717200000,1719792000,1722470400,1725148800,1727740800,1730419200,1733011200,1735689600,1738368000,1740787200,1743465600,1746057600,1748736000,1751328000,1754006400,1756684800,1759276800],"esgScore":[20.66,null,null,18.65,null,null,18.24,null,null,null,null,18.61,null,null,null,null,null,null,null,18.66,null,null,null,null,null,null,null,null,null,null,null,null,16.89,16.89,16.34,16.34,16.34,16.34,16.34,16.34,16.48,16.48,16.48,16.48,16.2],"governanceScore":[10.23,null,null,9.42,null,null,9.42,null,null,null,null,9.79,null,null,null,null,null,null,null,10.76,null,null,null,null,null,null,null,null,null,null,null,null,8.79,8.79,8.35,8.35,8.35,8.35,8.35,8.35,7.43,7.43,7.43,7.43,7.43],"environmentScore":[0.13,null,null,0.13,null,null,0.13,null,null,null,null,0.13,null,null,null,null,null,null,null,0.07,null,null,null,null,null,null,null,null,null,null,null,null,0.17,0.17,0.17,0.17,0.17,0.17,0.17,0.17,0.27,0.27,0.27,0.27,0.27],"socialScore":[10.3,null,null,9.1,null,null,8.68,null,null,null,null,8.68,null,null,null,null,null,null,null,7.83,null,null,null,null,null,null,null,null,null,null,null,null,7.92,7.92,7.82,7.82,7.82,7.82,7.82,7.82,8.77,8.77,8.77,8.77,8.49]},"peerSeries":{"timestamp":[1643673600,1646092800,1648771200,1651363200,1654041600,1656633600,1659312000,1661990400,1664582400,1667260800,1669852800,1672531200,1675209600,1677628800,1680307200,1682899200,1685577600,1688169600,1690848000,1693526400,1696118400,1698796800,1701388800,1704067200,1706745600,1709251200,1711929600,1714521600,1717200000,1719792000,1722470400,1725148800,1727740800,1730419200,1733011200,1735689600,1738368000,1740787200,1743465600,1746057600,1748736000,1751328000,1754006400,1756684800,1759276800],"esgScore":[20.302222222222227,null,null,19.215,null,null,20.264285714285716,21.19857142857143,20.17833333333333,20.229999999999997,20.189999999999998,20.432,20.189999999999998,20.189999999999998,20.189999999999998,null,null,null,null,19.833333333333332,null,null,null,null,null,null,null,18.33,null,null,null,null,27.066206896551726,23.217486033519574,23.19050000000001,23.16800000000001,23.144419889502764,23.172513966480448,23.159337016574582,23.1463440860215,23.198172043010747,23.333369565217392,23.428440860215062,23.28612903225807,22.75733695652173],"governanceScore":[10.34,null,null,9.915,null,null,10.188571428571427,10.408333333333333,9.708,9.708,9.583333333333334,9.557500000000001,9.583333333333334,9.583333333333334,9.583333333333334,null,null,null,null,9.477999999999998,null,null,null,null,null,null,null,10.0,null,null,null,null,9.563333333333333,9.244173913043477,9.231565217391301,9.229304347826083,9.201120689655168,9.239826086956521,9.246068376068374,9.23479338842975,9.168429752066112,9.231999999999996,9.28183333333333,9.196583333333331,9.076280991735537],"environmentScore":[1.09,null,null,1.1350000000000002,null,null,1.172857142857143,1.36,1.178,1.178,1.3399999999999999,1.4549999999999998,1.3399999999999999,1.3399999999999999,1.3399999999999999,null,null,null,null,0.9719999999999999,null,null,null,null,null,null,null,1.29,null,null,null,null,1.3683333333333334,1.3306956521739126,1.327478260869565,1.3224347826086953,1.319655172413793,1.314260869565217,1.3137606837606834,1.2843801652892561,1.2805785123966944,1.304416666666667,1.3116666666666668,1.2845000000000002,1.2428925619834714],"socialScore":[8.04875,null,null,8.16375,null,null,8.902857142857142,9.01,8.524,8.524,7.886666666666667,8.445,7.886666666666667,7.886666666666667,7.886666666666667,null,null,null,null,8.422,null,null,null,null,null,null,null,7.04,null,null,null,null,9.084999999999999,9.86895652173913,9.862086956521741,9.858608695652178,9.87629310344828,9.866434782608698,9.901282051282054,9.874049586776861,9.880661157024798,9.889250000000006,9.911416666666673,9.807583333333337,9.45115702479339]}}],"error":null}}}