{"update_time":"2024-12-03 13:13:39.631473","data":{"esgChart":{"result":[{"peerGroup":"Aerospace & Defense","symbolSeries":{"timestamp":[1727740800,1730419200],"esgScore":[31.02,31.02],"governanceScore":[7.53,7.53],"environmentScore":[7.94,7.94],"socialScore":[15.55,15.55]},"peerSeries":{"timestamp":[1727740800,1730419200],"esgScore":[35.79636363636364,32.22622950819671],"governanceScore":[7.7875,5.868750000000001],"environmentScore":[7.9025,8.670999999999998],"socialScore":[16.3125,14.9845]}}],"error":null}}}