{"update_time":"2025-02-14 12:24:21.767151","data":{"esgChart":{"result":[{"peerGroup":"Aerospace & Defense","symbolSeries":{"timestamp":[1727740800,1730419200,1733011200,1735689600,1738368000],"esgScore":[31.02,31.02,31.02,31.02,31.02],"governanceScore":[7.53,7.53,7.53,7.53,7.53],"environmentScore":[7.94,7.94,7.94,7.94,7.94],"socialScore":[15.55,15.55,15.55,15.55,15.55]},"peerSeries":{"timestamp":[1727740800,1730419200,1733011200,1735689600,1738368000],"esgScore":[35.79636363636364,32.22622950819671,32.6855737704918,32.90704918032787,32.91213114754098],"governanceScore":[7.7875,5.868750000000001,5.837500000000001,5.791,5.7844999999999995],"environmentScore":[7.9025,8.670999999999998,8.938999999999998,9.24225,9.24225],"socialScore":[16.3125,14.9845,15.023999999999997,15.104999999999999,15.105249999999998]}}],"error":null}}}