{"update_time":"2025-11-04 15:49:06.422226","data":{"esgChart":{"result":[{"peerGroup":"Canada Fund Greater China Equity","symbolSeries":{"timestamp":[1538352000,1541030400],"esgScore":[43.93,43.98],"governanceScore":[40.32,40.34],"environmentScore":[47.25,47.3],"socialScore":[45.57,45.6]},"peerSeries":{"timestamp":[1538352000,1541030400],"esgScore":[39.916666666666664,40.035],"governanceScore":[43.17666666666667,43.30500000000001],"environmentScore":[47.83833333333334,47.76],"socialScore":[46.23666666666666,46.303333333333335]}}],"error":null}}}