{"update_time":"2024-12-18 17:38:29.670659","data":{"esgChart":{"result":[{"peerGroup":"Automobiles","symbolSeries":{"timestamp":[1730419200,1733011200],"esgScore":[25.02,25.02],"governanceScore":[7.86,7.86],"environmentScore":[4.95,4.95],"socialScore":[12.21,12.21]},"peerSeries":{"timestamp":[1730419200,1733011200],"esgScore":[23.875208333333333,24.447916666666668],"governanceScore":[7.018750000000002,7.063000000000001],"environmentScore":[6.434,6.541000000000001],"socialScore":[10.81,10.7895]}}],"error":null}}}