{"update_time":"2024-10-13 16:01:32.768039","data":{"esgChart":{"result":[{"peerGroup":"Software & Services","symbolSeries":{"timestamp":[1498867200,1501545600,1504224000,1506816000,1509494400,1512086400,1514764800,1517443200,1519862400,1522540800,1525132800,1527811200,1530403200,1533081600,1535760000,1538352000,1541030400,1543622400,1546300800,1548979200,1551398400,1554076800,1556668800,1559347200,1561939200,1564617600,1567296000],"esgScore":[67.75,67.75,66.94,67.55,67.55,68.96,68.96,68.96,68.11,68.11,68.11,68.11,68.11,68.11,68.11,68.36,68.46,68.72,68.72,68.72,68.72,67.96,67.96,67.96,67.96,67.96,67.96],"governanceScore":[67.29,67.29,68.29,64.29,64.29,65.09,65.09,65.09,61.69,61.69,61.69,61.69,61.69,61.69,61.69,61.69,62.09,68.49,68.49,68.49,68.49,65.45,65.45,65.45,65.45,65.45,65.45],"environmentScore":[76.83,76.83,75.17,74.33,74.33,75.17,75.17,75.17,75.17,75.17,75.17,75.17,75.17,75.17,75.17,76.0,76.0,83.5,83.5,83.5,83.5,83.5,83.5,83.5,83.5,83.5,83.5],"socialScore":[61.95,61.95,60.7,64.84,64.84,66.97,66.97,66.97,66.97,66.97,66.97,66.97,66.97,66.97,66.97,66.97,66.97,59.0,59.0,59.0,59.0,59.0,59.0,59.0,59.0,59.0,59.0]},"peerSeries":{"timestamp":[1498867200,1501545600,1504224000,1506816000,1509494400,1512086400,1514764800,1517443200,1519862400,1522540800,1525132800,1527811200,1530403200,1533081600,1535760000,1538352000,1541030400,1543622400,1546300800,1548979200,1551398400,1554076800,1556668800,1559347200,1561939200,1564617600,1567296000],"esgScore":[55.2902857142857,55.26295238095238,55.29047619047617,55.532761904761934,55.62509615384618,55.60104761904764,55.639333333333376,55.710285714285746,55.7106666666667,55.680857142857164,55.733904761904775,55.745142857142866,55.70071428571429,55.81028571428572,55.77866666666668,55.7912380952381,55.79895238095241,56.05685714285716,56.39213592233013,56.51117647058827,56.49637254901962,56.45247524752476,56.421386138613876,56.56830000000001,56.637100000000025,56.855050505050535,56.85323232323234],"governanceScore":[64.83133333333333,64.53304761904761,64.46523809523808,60.34076190476191,60.298365384615394,60.46085714285714,60.44561904761904,60.4415238095238,60.394952380952354,60.45009523809522,60.496285714285705,60.476857142857135,60.80017857142856,60.644,60.65076190476191,60.85980952380954,60.67695238095238,61.12038095238095,61.303689320388344,61.45617647058823,61.396470588235296,61.2720792079208,61.240396039603965,61.34530000000001,61.40030000000001,61.64676767676767,61.67969696969697],"environmentScore":[55.32133333333335,55.38885714285716,55.46600000000001,56.4695238095238,56.65038461538461,56.54752380952381,56.55542857142857,56.660000000000004,56.65057142857143,56.930095238095234,57.0267619047619,57.08238095238095,57.05651785714286,57.253904761904764,57.15076190476191,57.08866666666666,57.16171428571428,57.437999999999995,57.96592233009709,58.17970588235295,58.23176470588234,58.25386138613861,58.21980198019801,58.35049999999999,58.435599999999994,58.620101010101,58.59828282828283],"socialScore":[49.96809523809524,50.028285714285715,50.07685714285713,52.23695238095239,52.34519230769232,52.27076190476192,52.358952380952395,52.449047619047626,52.48209523809525,52.19904761904762,52.22666666666666,52.22552380952381,51.96401785714285,52.162857142857135,52.15742857142857,52.11,52.179904761904766,52.322857142857146,52.61446601941748,52.651862745098036,52.617156862745084,52.57396039603959,52.5447524752475,52.72629999999998,52.792299999999976,53.01686868686867,53.00939393939392]}}],"error":null}}}