{"update_time":"2024-12-03 13:17:27.022084","data":{"esgChart":{"result":[{"peerGroup":"Consumer Durables","symbolSeries":{"timestamp":[1730419200],"esgScore":[8.58],"governanceScore":[1.75],"environmentScore":[1.27],"socialScore":[5.55]},"peerSeries":{"timestamp":[1730419200],"esgScore":[16.831734693877547],"governanceScore":[4.296571428571428],"environmentScore":[4.137428571428571],"socialScore":[7.659428571428571]}}],"error":null}}}