{"update_time":"2024-12-18 17:38:54.166495","data":{"esgChart":{"result":[{"peerGroup":"Consumer Durables","symbolSeries":{"timestamp":[1730419200,1733011200],"esgScore":[8.58,8.58],"governanceScore":[1.75,1.75],"environmentScore":[1.27,1.27],"socialScore":[5.55,5.55]},"peerSeries":{"timestamp":[1730419200,1733011200],"esgScore":[16.831734693877547,17.01587628865979],"governanceScore":[4.296571428571428,4.228571428571429],"environmentScore":[4.137428571428571,4.166857142857142],"socialScore":[7.659428571428571,7.660857142857143]}}],"error":null}}}