{"update_time":"2025-04-28 13:06:40.043946","data":{"esgChart":{"result":[{"peerGroup":"Consumer Durables","symbolSeries":{"timestamp":[1730419200,1733011200,1735689600,1738368000,1740787200,1743465600],"esgScore":[8.58,8.58,8.58,8.58,8.58,8.58],"governanceScore":[1.75,1.75,1.75,1.75,1.75,1.75],"environmentScore":[1.27,1.27,1.27,1.27,1.27,1.27],"socialScore":[5.55,5.55,5.55,5.55,5.55,5.55]},"peerSeries":{"timestamp":[1730419200,1733011200,1735689600,1738368000,1740787200,1743465600],"esgScore":[16.831734693877547,17.01587628865979,17.242315789473675,17.331157894736837,17.3198947368421,17.46231578947368],"governanceScore":[4.296571428571428,4.228571428571429,4.231142857142856,4.251142857142857,4.325277777777777,4.350540540540541],"environmentScore":[4.137428571428571,4.166857142857142,4.2137142857142855,4.2137142857142855,4.33138888888889,4.275675675675677],"socialScore":[7.659428571428571,7.660857142857143,7.6902857142857135,7.680285714285713,7.765833333333331,7.804864864864864]}}],"error":null}}}