{"update_time":"2025-03-04 18:53:38.271502","data":{"esgChart":{"result":[{"peerGroup":"Consumer Services","symbolSeries":{"timestamp":[1730419200,1733011200,1735689600,1738368000],"esgScore":[16.86,16.86,16.86,16.86],"governanceScore":[2.96,2.96,2.96,2.96],"environmentScore":[7.53,7.53,7.53,7.53],"socialScore":[6.37,6.37,6.37,6.37]},"peerSeries":{"timestamp":[1730419200,1733011200,1735689600,1738368000],"esgScore":[24.887383177570083,24.813474178403748,24.84778301886792,24.926009389671357],"governanceScore":[5.635421686746988,5.629277108433734,5.584698795180722,5.5863855421686734],"environmentScore":[6.204698795180725,6.255542168674702,6.29132530120482,6.294096385542169],"socialScore":[10.488795180722889,10.500722891566262,10.521807228915662,10.51879518072289]}}],"error":null}}}