{"update_time":"2024-10-13 16:05:29.093856","data":{"esgChart":{"result":[{"peerGroup":"Software & Services","symbolSeries":{"timestamp":[1569888000,1572566400,1575158400,1577836800,1580515200,1583020800,1585699200,1588291200,1590969600,1593561600,1596240000,1598918400,1601510400,1604188800,1606780800,1609459200,1612137600,1614556800,1617235200,1619827200,1622505600,1625097600,1627776000,1630454400,1633046400,1635724800,1638316800,1640995200,1643673600,1646092800,1648771200,1651363200,1654041600,1656633600,1659312000,1661990400,1664582400,1667260800,1669852800,1672531200,1675209600,1677628800,1680307200,1682899200,1685577600,1688169600,1690848000,1693526400],"esgScore":[42.14,42.44,41.68,30.22,30.22,30.22,null,null,null,30.22,30.22,null,29.49,null,null,29.48,29.48,29.48,null,29.48,null,null,null,29.38,null,null,null,null,24.25,null,null,24.25,null,null,24.25,null,null,null,null,24.24,null,null,null,null,null,null,null,22.18],"governanceScore":[50.04,51.24,51.04,11.12,11.12,11.12,null,null,null,11.12,11.12,null,10.95,null,null,10.95,10.95,10.95,null,10.95,null,null,null,10.85,null,null,null,null,10.52,null,null,10.52,null,null,10.52,null,null,null,null,10.35,null,null,null,null,null,null,null,9.48],"environmentScore":[42.0,42.0,38.16,3.33,3.33,3.33,null,null,null,3.33,3.33,null,3.33,null,null,3.33,3.33,3.33,null,3.33,null,null,null,3.33,null,null,null,null,1.31,null,null,1.31,null,null,1.31,null,null,null,null,1.31,null,null,null,null,null,null,null,1.18],"socialScore":[37.84,37.84,38.82,15.77,15.77,15.77,null,null,null,15.77,15.77,null,15.2,null,null,15.2,15.2,15.2,null,15.2,null,null,null,15.2,null,null,null,null,12.41,null,null,12.41,null,null,12.41,null,null,null,null,12.57,null,null,null,null,null,null,null,11.52]},"peerSeries":{"timestamp":[1569888000,1572566400,1575158400,1577836800,1580515200,1583020800,1585699200,1588291200,1590969600,1593561600,1596240000,1598918400,1601510400,1604188800,1606780800,1609459200,1612137600,1614556800,1617235200,1619827200,1622505600,1625097600,1627776000,1630454400,1633046400,1635724800,1638316800,1640995200,1643673600,1646092800,1648771200,1651363200,1654041600,1656633600,1659312000,1661990400,1664582400,1667260800,1669852800,1672531200,1675209600,1677628800,1680307200,1682899200,1685577600,1688169600,1690848000,1693526400],"esgScore":[57.03050505050506,57.26280000000001,48.245200000000004,19.671900000000004,19.587400000000002,19.579313725490195,null,null,null,19.362843137254902,19.524019607843137,19.38735294117647,19.2742718446602,null,null,18.949215686274513,18.844607843137254,18.86601941747573,null,18.502135922330094,null,null,null,18.431717171717168,null,null,null,null,18.12171428571428,null,null,18.05320754716981,null,null,17.753523809523806,18.39118421052631,18.436315789473678,18.43315789473684,17.288653846153842,18.43026315789474,17.067999999999998,17.231399999999997,17.387199999999996,null,null,null,null,18.17809523809525],"governanceScore":[61.95545454545455,62.22479999999996,51.582244897959185,7.341836734693879,7.323877551020409,7.326299999999999,null,null,null,7.278099999999998,7.4685000000000015,7.428900000000001,7.377425742574259,null,null,7.355346534653464,7.316732673267325,7.276237623762375,null,7.191584158415843,null,null,null,7.055463917525776,null,null,null,null,7.00407766990291,null,null,6.889615384615387,null,null,6.586407766990292,6.846621621621624,6.807162162162164,6.796081081081083,6.081999999999999,6.773243243243243,6.070208333333331,6.075833333333331,6.103749999999997,null,null,null,null,6.753495145631067],"environmentScore":[58.638484848484836,59.01479999999999,44.051938775510195,0.9365306122448976,0.9402040816326528,0.9602999999999997,null,null,null,0.9629999999999999,0.9559000000000001,0.9641999999999998,0.9737623762376234,null,null,0.9699999999999995,0.9600990099009898,0.9888118811881185,null,0.9538613861386135,null,null,null,1.1756701030927832,null,null,null,null,1.2266019417475726,null,null,1.4834615384615388,null,null,1.6194174757281556,1.7420270270270273,1.8344594594594599,1.9078378378378387,1.9534000000000002,1.9593243243243244,2.1110416666666665,2.3162499999999997,2.412708333333333,null,null,null,null,2.5702912621359224],"socialScore":[53.222626262626235,53.33799999999999,43.837551020408156,11.292142857142853,11.216836734693873,11.188199999999993,null,null,null,11.016299999999992,10.982099999999992,10.873599999999993,10.760297029702969,null,null,10.508514851485149,10.451287128712872,10.493564356435645,null,10.241188118811882,null,null,null,10.078865979381444,null,null,null,null,9.897475728155342,null,null,9.684615384615386,null,null,9.547378640776701,9.818513513513516,9.812432432432434,9.746351351351354,9.232999999999999,9.715270270270274,8.873958333333333,8.833749999999998,8.872499999999999,null,null,null,null,8.862038834951454]}}],"error":null}}}