{"update_time":"2025-11-04 15:51:43.969012","data":{"esgChart":{"result":[{"peerGroup":"Canada Fund Energy Equity","symbolSeries":{"timestamp":[1517443200,1519862400,1522540800,1525132800,1527811200,1530403200,1533081600,1535760000,1538352000,1541030400],"esgScore":[51.92,52.61,53.24,53.66,53.55,53.5,52.8,52.81,52.36,52.34],"governanceScore":[55.71,57.09,57.72,57.91,57.87,57.68,57.37,57.6,58.71,58.63],"environmentScore":[48.74,49.27,49.65,50.02,49.93,49.83,49.42,49.35,49.04,49.11],"socialScore":[51.64,51.57,52.27,52.66,52.55,52.61,52.07,51.98,50.68,50.64]},"peerSeries":{"timestamp":[1517443200,1519862400,1522540800,1525132800,1527811200,1530403200,1533081600,1535760000,1538352000,1541030400],"esgScore":[44.973529411764716,45.23294117647058,45.81294117647059,45.72176470588235,45.72411764705883,45.66470588235295,45.79647058823528,45.54,45.332352941176474,45.40176470588235],"governanceScore":[52.13000000000001,52.675294117647056,53.25705882352942,53.421176470588236,53.45529411764706,53.45117647058824,53.43058823529412,53.12411764705883,52.83941176470588,52.85764705882353],"environmentScore":[46.227647058823536,46.41823529411765,47.010000000000005,47.12529411764705,47.12764705882353,47.05235294117647,47.34647058823529,47.39294117647061,47.15529411764706,47.19529411764705],"socialScore":[50.54882352941177,50.61411764705881,51.19882352941176,51.20823529411766,51.2035294117647,51.18705882352941,51.36764705882352,51.168823529411775,50.79999999999999,50.76235294117647]}}],"error":null}}}