{"update_time":"2025-11-04 15:51:50.898149","data":{"esgChart":{"result":[{"peerGroup":"Canada Fund US Equity","symbolSeries":{"timestamp":[1517443200,1519862400,1522540800,1525132800,1527811200,1530403200,1533081600,1535760000,1538352000],"esgScore":[52.47,52.46,52.48,52.7,52.73,52.71,51.84,52.19,52.12],"governanceScore":[51.56,51.5,51.54,51.46,51.48,51.42,50.65,50.89,50.65],"environmentScore":[53.2,53.09,53.04,53.34,53.43,53.49,52.92,53.25,53.14],"socialScore":[51.01,51.13,51.17,51.36,51.39,51.27,50.66,50.98,50.95]},"peerSeries":{"timestamp":[1517443200,1519862400,1522540800,1525132800,1527811200,1530403200,1533081600,1535760000,1538352000],"esgScore":[46.85987654320987,46.878765432098774,46.981481481481495,47.114457831325296,47.068915662650625,47.05746987951809,47.0378823529412,47.227586206896575,46.76479674796749],"governanceScore":[51.799629629629635,51.72962962962962,51.81506172839506,51.75566265060239,51.73927710843372,51.74277108433734,51.64894117647058,51.843103448275855,51.516829268292675],"environmentScore":[54.08283950617282,54.101851851851855,54.140246913580235,54.30120481927712,54.33578313253012,54.36879518072291,54.61905882352941,54.65413793103447,54.25154471544715],"socialScore":[52.38876543209877,52.499629629629645,52.58061728395058,52.63530120481925,52.52819277108434,52.48325301204818,52.51505882352941,52.6233333333333,52.29113821138212]}}],"error":null}}}