{"update_time":"2024-10-13 16:07:06.090625","data":{"esgChart":{"result":[{"peerGroup":"Software & Services","symbolSeries":{"timestamp":[1448928000,1451606400,1454284800,1456790400,1459468800,1462060800,1464739200,1467331200,1470009600,1472688000,1475280000,1477958400,1480550400,1483228800,1485907200,1488326400,1491004800,1493596800,1496275200,1498867200,1501545600,1504224000,1506816000,1509494400,1512086400,1514764800,1517443200,1519862400,1522540800,1525132800,1527811200,1530403200,1533081600,1535760000,1538352000,1541030400,1543622400,1546300800,1548979200,1551398400,1554076800,1556668800,1559347200,1561939200,1564617600,1567296000],"esgScore":[48.0,47.92,47.92,47.92,45.69,45.69,45.19,44.19,44.19,44.19,44.19,44.19,44.97,44.97,44.97,44.97,44.97,44.97,44.97,44.97,44.95,44.95,45.76,45.76,45.76,45.76,43.74,43.74,43.74,43.74,43.74,43.74,43.74,43.74,43.89,43.99,43.99,43.99,42.14,42.14,42.14,42.14,42.14,42.14,42.14,42.14],"governanceScore":[61.0,60.9,60.9,60.9,60.74,60.74,60.74,60.74,60.74,60.74,60.74,60.74,60.74,60.74,60.74,60.74,60.74,60.74,60.74,60.74,60.74,60.74,57.77,57.77,57.77,57.77,52.04,52.04,52.04,52.04,52.04,52.04,52.04,52.04,52.64,53.04,53.04,53.04,50.04,50.04,50.04,50.04,50.04,50.04,50.04,50.04],"environmentScore":[47.0,46.66,46.66,46.66,45.0,45.0,43.33,40.0,40.0,40.0,40.0,40.0,40.0,40.0,40.0,40.0,40.0,40.0,40.0,40.0,40.0,40.0,42.0,42.0,42.0,42.0,42.83,42.83,42.83,42.83,42.83,42.83,42.83,42.83,42.83,42.83,42.83,42.83,42.0,42.0,42.0,42.0,42.0,42.0,42.0,42.0],"socialScore":[42.0,41.55,41.55,41.55,37.78,37.78,37.78,37.78,37.78,37.78,37.78,37.78,39.53,39.53,39.53,39.53,39.53,39.53,39.53,39.53,39.48,39.48,41.6,41.6,41.6,41.6,39.72,39.72,39.72,39.72,39.72,39.72,39.72,39.72,39.72,39.72,39.72,39.72,37.84,37.84,37.84,37.84,37.84,37.84,37.84,37.84]},"peerSeries":{"timestamp":[1448928000,1451606400,1454284800,1456790400,1459468800,1462060800,1464739200,1467331200,1470009600,1472688000,1475280000,1477958400,1480550400,1483228800,1485907200,1488326400,1491004800,1493596800,1496275200,1498867200,1501545600,1504224000,1506816000,1509494400,1512086400,1514764800,1517443200,1519862400,1522540800,1525132800,1527811200,1530403200,1533081600,1535760000,1538352000,1541030400,1543622400,1546300800,1548979200,1551398400,1554076800,1556668800,1559347200,1561939200,1564617600,1567296000],"esgScore":[57.88659793814433,58.059175257731965,58.45443298969071,58.45092783505154,56.92302083333332,56.886041666666664,56.801666666666655,56.1378431372549,55.89563106796115,55.90403846153845,56.27099009900989,55.85399999999999,55.821238095238094,55.17466666666665,55.17447619047617,55.193238095238065,55.300190476190465,55.35714285714285,55.30971428571427,55.2902857142857,55.26295238095238,55.29047619047617,55.532761904761934,55.62509615384618,55.60104761904764,55.639333333333376,55.710285714285746,55.7106666666667,55.680857142857164,55.733904761904775,55.745142857142866,55.70071428571429,55.81028571428572,55.77866666666668,55.7912380952381,55.79895238095241,56.05685714285716,56.39213592233013,56.51117647058827,56.49637254901962,56.45247524752476,56.421386138613876,56.56830000000001,56.637100000000025,56.855050505050535,56.85323232323234],"governanceScore":[65.17525773195877,65.16762886597934,65.41247422680408,65.37752577319583,64.75760416666664,64.52031249999997,64.49562499999999,64.61833333333333,64.55650485436892,64.71701923076922,64.95732673267327,64.7727619047619,64.61028571428571,64.87514285714285,64.87523809523809,64.9150476190476,64.93647619047617,64.86076190476189,64.84809523809523,64.83133333333333,64.53304761904761,64.46523809523808,60.34076190476191,60.298365384615394,60.46085714285714,60.44561904761904,60.4415238095238,60.394952380952354,60.45009523809522,60.496285714285705,60.476857142857135,60.80017857142856,60.644,60.65076190476191,60.85980952380954,60.67695238095238,61.12038095238095,61.303689320388344,61.45617647058823,61.396470588235296,61.2720792079208,61.240396039603965,61.34530000000001,61.40030000000001,61.64676767676767,61.67969696969697],"environmentScore":[55.68041237113402,55.56082474226801,56.01103092783502,56.06432989690719,56.12031250000001,56.34427083333335,56.20979166666668,54.896862745098055,54.648932038834964,54.516057692307704,54.98524752475249,54.31676190476192,54.45809523809525,54.64838095238096,54.64838095238096,54.92933333333334,55.05466666666668,55.333904761904776,55.332380952380966,55.32133333333335,55.38885714285716,55.46600000000001,56.4695238095238,56.65038461538461,56.54752380952381,56.55542857142857,56.660000000000004,56.65057142857143,56.930095238095234,57.0267619047619,57.08238095238095,57.05651785714286,57.253904761904764,57.15076190476191,57.08866666666666,57.16171428571428,57.437999999999995,57.96592233009709,58.17970588235295,58.23176470588234,58.25386138613861,58.21980198019801,58.35049999999999,58.435599999999994,58.620101010101,58.59828282828283],"socialScore":[55.577319587628864,55.776288659793856,56.218350515463946,56.195154639175286,53.1040625,53.00458333333333,52.92020833333333,52.252549019607834,51.91417475728154,51.93249999999999,52.301980198019784,51.923333333333304,51.84647619047617,50.135142857142874,50.134761904761916,49.966857142857165,50.108952380952395,50.09142857142859,49.994285714285716,49.96809523809524,50.028285714285715,50.07685714285713,52.23695238095239,52.34519230769232,52.27076190476192,52.358952380952395,52.449047619047626,52.48209523809525,52.19904761904762,52.22666666666666,52.22552380952381,51.96401785714285,52.162857142857135,52.15742857142857,52.11,52.179904761904766,52.322857142857146,52.61446601941748,52.651862745098036,52.617156862745084,52.57396039603959,52.5447524752475,52.72629999999998,52.792299999999976,53.01686868686867,53.00939393939392]}}],"error":null}}}