{"update_time":"2024-12-03 13:18:15.378645","data":{"esgChart":{"result":[{"peerGroup":"Software & Services","symbolSeries":{"timestamp":[1727740800,1730419200],"esgScore":[17.18,17.18],"governanceScore":[6.45,6.45],"environmentScore":[2.03,2.03],"socialScore":[8.7,8.7]},"peerSeries":{"timestamp":[1727740800,1730419200],"esgScore":[21.91875,20.749752066115704],"governanceScore":[6.047160493827162,5.80553435114504],"environmentScore":[2.80037037037037,2.9668320610687022],"socialScore":[9.712592592592593,9.796335877862584]}}],"error":null}}}