{"update_time":"2025-11-04 15:52:58.352389","data":{"esgChart":{"result":[{"peerGroup":"Transportation","symbolSeries":{"timestamp":[1730419200,1733011200,1735689600,1738368000,1740787200,1743465600,1746057600,1748736000,1751328000,1754006400,1756684800,1759276800],"esgScore":[22.81,22.81,22.81,21.63,21.63,21.63,21.63,21.63,21.11,21.53,21.53,21.41],"governanceScore":[6.92,6.92,6.92,5.94,5.94,5.94,5.94,5.94,5.94,6.21,6.21,6.14],"environmentScore":[6.2,6.2,6.2,6.42,6.42,6.42,6.42,6.42,5.9,6.05,6.05,6.05],"socialScore":[9.69,9.69,9.69,9.27,9.27,9.27,9.27,9.27,9.27,9.28,9.28,9.23]},"peerSeries":{"timestamp":[1730419200,1733011200,1735689600,1738368000,1740787200,1743465600,1746057600,1748736000,1751328000,1754006400,1756684800,1759276800],"esgScore":[22.98057471264368,23.052080924855492,23.016358381502894,23.018908045977017,23.00791907514451,23.029195402298853,23.036845238095236,23.157882352941165,23.11804733727811,23.170239520958084,23.272455089820358,22.775688622754487],"governanceScore":[5.127553191489362,5.114893617021278,5.092021276595745,5.082315789473685,5.07247311827957,5.043368421052632,5.0249999999999995,5.07234693877551,5.0396875,5.000752688172043,4.983870967741936,4.801182795698926],"environmentScore":[7.5640425531914905,7.58648936170213,7.490957446808512,7.454526315789474,7.411720430107526,7.355578947368422,7.3574489795918385,7.189693877551022,7.035416666666666,6.950860215053763,6.910215053763439,6.893655913978493],"socialScore":[9.61404255319149,9.621063829787236,9.630212765957449,9.688421052631579,9.615376344086021,9.614842105263158,9.789285714285713,10.020918367346937,9.984270833333332,9.915161290322578,10.074623655913975,9.681290322580644]}}],"error":null}}}