{"update_time":"2025-11-04 15:53:01.264818","data":{"esgChart":{"result":[{"peerGroup":"US CE Allocation--50% to 70% Equity","symbolSeries":{"timestamp":[1517443200,1519862400,1522540800,1525132800,1527811200,1530403200,1533081600,1535760000,1538352000,1541030400,1543622400,1546300800,1548979200,1551398400,1554076800,1556668800,1559347200,1561939200,1564617600,1567296000,1569888000,1572566400,1575158400,1577836800,1580515200,1583020800,1585699200,1588291200,1590969600,1593561600,1596240000,1598918400,1601510400,1604188800,1606780800],"esgScore":[55.07,55.07,55.49,55.52,55.81,55.81,55.81,54.91,54.91,54.91,53.77,53.77,null,null,null,null,null,null,null,null,null,null,null,null,null,null,null,null,null,26.06,25.92,25.6,25.39,25.41,25.23],"governanceScore":[56.58,56.58,56.53,56.53,56.47,56.47,56.47,55.87,55.87,55.87,55.51,55.51,null,null,null,null,null,null,null,null,null,null,null,null,null,null,null,null,null,5.58,5.56,5.57,5.54,5.53,5.5],"environmentScore":[54.49,54.49,55.29,55.29,55.35,55.35,55.35,54.69,54.69,54.69,53.4,53.4,null,null,null,null,null,null,null,null,null,null,null,null,null,null,null,null,null,9.1,9.1,9.13,9.07,9.07,9.0],"socialScore":[53.18,53.18,53.68,53.68,54.41,54.41,54.41,53.66,53.66,53.66,52.14,52.14,null,null,null,null,null,null,null,null,null,null,null,null,null,null,null,null,null,9.05,8.99,9.07,8.98,9.0,8.94]},"peerSeries":{"timestamp":[1517443200,1519862400,1522540800,1525132800,1527811200,1530403200,1533081600,1535760000,1538352000,1541030400,1543622400,1546300800,1548979200,1551398400,1554076800,1556668800,1559347200,1561939200,1564617600,1567296000,1569888000,1572566400,1575158400,1577836800,1580515200,1583020800,1585699200,1588291200,1590969600,1593561600,1596240000,1598918400,1601510400,1604188800,1606780800],"esgScore":[47.81,47.77,48.358000000000004,48.06,47.954,48.001999999999995,47.800000000000004,47.148,46.55400000000001,45.7325,45.7975,46.2175,42.67,42.67,null,43.24,null,null,null,21.17,29.6925,30.265,28.162,28.077999999999996,27.922000000000004,28.055000000000003,28.2125,28.235,28.13,28.060000000000002,27.84,26.715,26.537499999999998,26.605,26.026],"governanceScore":[53.462,53.474000000000004,53.402,52.89,53.370000000000005,53.448,53.072,52.59799999999999,52.242,53.8725,53.972500000000004,54.1275,51.13,51.13,null,51.61,null,null,null,8.03,6.2975,6.135,6.6259999999999994,6.634,6.582000000000001,6.579999999999999,6.5675,6.55,6.522500000000001,6.482500000000001,6.4425,6.35,6.295,6.2625,6.34],"environmentScore":[51.751999999999995,51.742,52.424,52.25599999999999,52.306000000000004,52.288,51.96,51.75,51.31600000000001,51.1975,51.394999999999996,52.044999999999995,51.69,51.69,null,52.55,null,null,null,4.07,8.725,9.18,8.902,9.02,8.954,10.059999999999999,10.08,10.135,10.0075,10.105,10.0175,9.2625,9.2775,9.2875,8.144],"socialScore":[51.46199999999999,51.428,52.11,51.970000000000006,52.294,52.35,51.931999999999995,51.35,50.958,50.9725,50.94,51.00749999999999,49.94,49.94,null,50.78,null,null,null,7.14,8.700000000000001,8.835,9.398,9.418,9.358,9.485,9.522499999999999,9.55,9.4875,9.4175,9.355,9.235,9.1625,9.06,9.052000000000001]}}],"error":null}}}