{"update_time":"2024-12-18 17:48:33.195248","data":{"esgChart":{"result":[{"peerGroup":"Building Products","symbolSeries":{"timestamp":[1730419200,1733011200],"esgScore":[13.9,13.9],"governanceScore":[3.28,3.28],"environmentScore":[7.86,7.86],"socialScore":[2.76,2.76]},"peerSeries":{"timestamp":[1730419200,1733011200],"esgScore":[23.676119402985083,23.807462686567177],"governanceScore":[5.2078125,5.220625000000001],"environmentScore":[9.87,9.960625],"socialScore":[5.682812499999999,5.675624999999999]}}],"error":null}}}